time,seconds_elapsed,relativeAltitude,pressure
1760790612789089300,-0.33591064453125,0,967.1825408935547
1760790613813259300,0.68825927734375,0.002655029296875,967.1824645996094
1760790614837418200,1.712418212890625,0,967.1825408935547
1760790615861636000,2.736635986328125,-0.01055908203125,967.1840667724609
1760790616885921300,3.76092138671875,-0.01055908203125,967.1840667724609
1760790617910176300,4.78517626953125,0.005279541015625,967.1820831298828
1760790618060331300,4.935331298828125,0.005279541015625,967.1820831298828
1760790619008788200,5.883788330078125,-0.0079345703125,967.1836090087891
1760790619957309200,6.83230908203125,-0.0079345703125,967.1836090087891
1760790620905861400,7.780861328125,0.013214111328125,967.1810913085938
1760790621854255000,8.729255126953126,0.021148681640625,967.1802520751953
1760790622802712300,9.67771240234375,0.029083251953125,967.1791839599609
1760790623751139000,10.62613916015625,0.042266845703125,967.1778869628906
1760790624699796200,11.574796142578125,0.042266845703125,967.1778869628906
1760790625648231200,12.523231201171875,0.042266845703125,967.1778869628906
1760790626596683300,13.471683349609375,0.03436279296875,967.1788024902344
1760790627545212200,14.420212158203125,0.03436279296875,967.1788024902344
1760790628493790200,15.368790283203126,0.029083251953125,967.1792602539062
1760790629442232300,16.317232421875,0.029083251953125,967.1792602539062
1760790630390707200,17.265707275390625,0.02642822265625,967.1797180175781
1760790631339125200,18.214125244140625,0.02642822265625,967.1797180175781
1760790632287435300,19.162435302734377,0.031707763671875,967.1791076660156
1760790633235894300,20.110894287109375,0.031707763671875,967.1790313720703
1760790634184385300,21.05938525390625,0.031707763671875,967.178955078125
1760790635132806400,22.007806396484376,0.039642333984375,967.1781158447266
1760790636081168100,22.956168212890624,0.068695068359375,967.1746063232422
1760790637029623300,23.904623291015625,0.0819091796875,967.1733856201172
1760790637978086100,24.853086181640624,0.08984375,967.1723937988281
1760790638926583300,25.801583251953126,0.105682373046875,967.1704864501953
1760790639874957300,26.749957275390624,0.134765625,967.1671295166016
1760790640823352300,27.698352294921875,0.19024658203125,967.16064453125
1760790641771669200,28.646669189453124,0.277435302734375,967.1506500244141
1760790642719869400,29.594869384765627,0.4412841796875,967.1315002441406
1760790643668062200,30.543062255859375,0.6341552734375,967.1094512939453
1760790644616392400,31.491392333984376,0.800628662109375,967.0899963378906
1760790645564585200,32.439585205078124,0.92218017578125,967.0758819580078
1760790646512651300,33.3876513671875,1.046356201171875,967.061767578125
1760790647460796400,34.33579638671875,1.075439453125,967.0581817626953
1760790648408930300,35.28393041992187,1.080718994140625,967.0577239990234
1760790649356856300,36.23185620117187,1.09393310546875,967.0562744140625
1760790650304995300,37.179995361328125,1.09393310546875,967.0562744140625
1760790651253066200,38.12806616210938,1.09393310546875,967.0562744140625
1760790652201105400,39.07610546875,1.09393310546875,967.0562744140625
1760790653149074400,40.024074462890624,1.09393310546875,967.0561218261719
1760790654096921000,40.971921142578125,1.1044921875,967.0548248291016
1760790655044741000,41.9197412109375,1.107147216796875,967.0546722412109
1760790655992414200,42.867414306640626,1.117706298828125,967.0533752441406
1760790656940145200,43.81514526367187,1.152069091796875,967.0493316650391
1760790657887869400,44.76286938476562,1.178466796875,967.0465087890625
1760790658835609000,45.710609130859375,1.2022705078125,967.0436096191406
1760790659783321300,46.6583212890625,1.233978271484375,967.0398712158203
1760790660731147300,47.60614721679688,1.25775146484375,967.0372772216797
1760790661678950400,48.553950439453125,1.268310546875,967.0359802246094
1760790662626677200,49.50167724609375,1.268310546875,967.0359802246094
1760790663574321200,50.449321044921874,1.255096435546875,967.0375823974609
1760790664522086400,51.39708642578125,1.17584228515625,967.0466613769531
1760790665469694500,52.34469458007813,1.07012939453125,967.0587921142578
1760790666417233200,53.29223315429687,0.94329833984375,967.0734405517578
1760790667364514300,54.23951440429688,0.8428955078125,967.0853424072266
1760790668311727400,55.18672729492187,0.771575927734375,967.0935821533203
1760790669258922200,56.13392211914063,0.771575927734375,967.0935821533203
1760790670206178300,57.08117822265625,0.77947998046875,967.0926666259766
1760790671153496300,58.02849633789062,0.819122314453125,967.0880126953125
1760790672100815400,58.9758154296875,0.829681396484375,967.0868682861328
1760790673048158200,59.923158203125,0.837615966796875,967.0857238769531
1760790673995358200,60.87035815429687,0.837615966796875,967.0857238769531
1760790674942469400,61.81746948242188,0.845550537109375,967.0848846435547
1760790675889613000,62.76461303710938,0.853485107421875,967.0838928222656
1760790676836629200,63.71162915039063,0.893096923828125,967.0795440673828
1760790677783562200,64.65856225585938,0.919525146484375,967.076416015625
1760790678730465300,65.60546533203124,0.938018798828125,967.0742797851562
1760790679677242400,66.55224243164062,0.961822509765625,967.0714569091797
1760790680624039200,67.4990390625,0.964447021484375,967.0709991455078
1760790681570858200,68.44585815429687,0.964447021484375,967.0709991455078
1760790682517704200,69.3927041015625,0.95916748046875,967.0716857910156
1760790683464456200,70.33945629882813,0.956512451171875,967.0722198486328
1760790684411113200,71.28611328125,0.9486083984375,967.0729827880859
1760790685357592300,72.23259228515624,0.9486083984375,967.0729827880859
1760790686304007200,73.17900708007812,0.964447021484375,967.0709991455078
1760790687250453200,74.12545336914063,0.985595703125,967.0687866210938
1760790688196847000,75.07184716796876,1.0067138671875,967.0661926269531
1760790689143360300,76.0183603515625,1.0067138671875,967.0661926269531
1760790690089797400,76.96479736328125,1.00408935546875,967.066650390625
1760790691036307500,77.91130737304688,0.95123291015625,967.0726776123047
1760790691982686200,78.85768627929687,0.898406982421875,967.0789337158203
1760790692929076200,79.804076171875,0.8428955078125,967.0851135253906
1760790693875487200,80.7504873046875,0.784759521484375,967.0919799804688
1760790694822054100,81.69705419921875,0.763641357421875,967.0944213867188
1760790695768566300,82.64356616210938,0.763641357421875,967.0944213867188
1760790696715135200,83.59013525390625,0.771575927734375,967.0933532714844
1760790697661738200,84.53673828125,0.790069580078125,967.0912933349609
1760790698608373200,85.48337329101562,0.827056884765625,967.0871734619141
1760790699554916400,86.42991625976562,0.86138916015625,967.0831298828125
1760790700501531400,87.37653149414062,0.90631103515625,967.0777130126953
1760790701448338200,88.32333813476562,0.94329833984375,967.0735931396484
1760790702395099100,89.27009912109375,0.96710205078125,967.0709228515625
1760790703341528000,90.21652807617187,0.972381591796875,967.0702362060547
1760790704288056300,91.16305639648438,0.972381591796875,967.0702362060547
1760790705234768100,92.10976806640625,0.9697265625,967.0706176757812
1760790706181561300,93.05656127929687,0.9486083984375,967.0729827880859
1760790707128257300,94.00325732421875,0.927459716796875,967.0754241943359
1760790708074992000,94.9499921875,0.9036865234375,967.0780944824219
1760790709021696300,95.8966962890625,0.88519287109375,967.0801544189453
1760790709968630300,96.84363037109375,0.874603271484375,967.0815277099609
1760790710915652400,97.79065234375,0.871978759765625,967.0818328857422
1760790711862524200,98.73752416992187,0.874603271484375,967.0815277099609
1760790712809398300,99.68439819335937,0.87725830078125,967.081298828125
1760790713756215300,100.63121533203125,0.88519287109375,967.0803833007812
1760790714703145200,101.57814526367187,0.898406982421875,967.0789337158203
1760790715650334500,102.52533447265625,0.9036865234375,967.0780944824219
1760790716597457200,103.47245703125,0.9036865234375,967.0780944824219
1760790717544525300,104.419525390625,0.890472412109375,967.0797729492188
1760790718491489300,105.3664892578125,0.86669921875,967.08251953125
1760790719438513200,106.31351318359376,0.845550537109375,967.0847320556641
1760790720385722000,107.26072216796875,0.81646728515625,967.0881652832031
1760790721332939300,108.20793920898437,0.78741455078125,967.0915222167969
1760790722280169200,109.15516918945312,0.77947998046875,967.0926666259766
1760790723227385300,110.10238525390625,0.763641357421875,967.0941925048828
1760790724174496300,111.04949633789063,0.7530517578125,967.0955657958984
1760790725121717200,111.99671728515625,0.745147705078125,967.0963287353516
1760790726069166000,112.944166015625,0.745147705078125,967.0964050292969
1760790727016582100,113.89158203125,0.745147705078125,967.0964050292969
1760790727963989200,114.8389892578125,0.755706787109375,967.0951843261719
1760790728911438300,115.78643823242187,0.766265869140625,967.0941162109375
1760790729858961400,116.73396142578125,0.766265869140625,967.0941162109375
1760790730806423300,117.68142333984375,0.760986328125,967.0945739746094
1760790731753884400,118.62888452148438,0.75042724609375,967.095947265625
1760790732701286400,119.57628637695312,0.729278564453125,967.098388671875
1760790733648738300,120.52373828125,0.68701171875,967.103271484375
1760790734596263200,121.47126318359375,0.673797607421875,967.1048736572266
1760790735543775200,122.41877514648438,0.66851806640625,967.1054840087891
1760790736491233300,123.3662333984375,0.6500244140625,967.1075439453125
1760790737438785300,124.31378540039063,0.647369384765625,967.1079254150391
1760790738386335500,125.26133544921875,0.647369384765625,967.1079254150391
1760790739334000400,126.20900048828125,0.671142578125,967.1050262451172
1760790740281696300,127.1566962890625,0.68701171875,967.1031951904297
1760790741229439200,128.1044392089844,0.721343994140625,967.0992279052734
1760790742177131300,129.05213134765626,0.763641357421875,967.0944213867188
1760790743124813300,129.99981323242187,0.808563232421875,967.0891571044922
1760790744072493300,130.94749340820312,0.8138427734375,967.0885467529297
1760790745020177400,131.89517749023437,0.8138427734375,967.0885467529297
1760790745967681300,132.84268139648438,0.7979736328125,967.0903778076172
1760790746915099400,133.79009936523437,0.75836181640625,967.0948791503906
1760790747862708200,134.73770825195314,0.726654052734375,967.0985412597656
1760790748810322200,135.685322265625,0.726654052734375,967.0985412597656
1760790749758011400,136.63301147460936,0.760986328125,967.0944976806641
1760790750705628200,137.58062817382813,0.8138427734375,967.0885467529297
1760790751653244200,138.528244140625,0.871978759765625,967.0817565917969
1760790752600827100,139.4758271484375,0.94329833984375,967.0735931396484
1760790753548330200,140.42333032226563,1.0067138671875,967.0663452148438
1760790754495957200,141.37095727539062,1.0595703125,967.0600128173828
1760790755443733200,142.31873315429686,1.120361328125,967.0531463623047
1760790756391578000,143.266578125,1.17584228515625,967.0466613769531
1760790757339413200,144.21441333007812,1.21282958984375,967.0423889160156
1760790758287328300,145.16232836914062,1.2392578125,967.0394897460938
1760790759235251200,146.11025122070313,1.2392578125,967.0394897460938
1760790760183252200,147.05825219726563,1.2392578125,967.0394897460938
1760790761131117300,148.00611743164063,1.2392578125,967.0394897460938
1760790762079123200,148.95412329101563,1.2313232421875,967.0402526855469
1760790763027016200,149.90201611328126,1.22076416015625,967.0413208007812
1760790763974934300,150.84993432617188,1.191680908203125,967.044677734375
1760790764922840300,151.79784033203126,1.16790771484375,967.0475769042969
1760790765870882300,152.74588232421874,1.13885498046875,967.0510101318359
1760790766818913300,153.69391333007812,1.117706298828125,967.0534515380859
1760790767766928100,154.64192822265625,1.0965576171875,967.0558166503906
1760790768714866200,155.5898662109375,1.09393310546875,967.0561981201172
1760790769662907400,156.53790747070312,1.091278076171875,967.0565032958984
1760790770610977300,157.48597729492187,1.080718994140625,967.0576477050781
1760790771559075300,158.43407543945312,1.072784423828125,967.0586395263672
1760790772507238100,159.38223803710937,1.0675048828125,967.0592498779297
1760790773455442200,160.33044213867188,1.062225341796875,967.0597076416016
1760790774403594200,161.27859423828124,1.062225341796875,967.0597839355469
1760790775351775200,162.22677514648439,1.062225341796875,967.0597839355469
1760790776299856100,163.17485620117188,1.0595703125,967.0602416992188
1760790777248015000,164.12301513671875,1.0595703125,967.0602416992188
1760790778196252400,165.07125244140624,1.0595703125,967.0600128173828
1760790779144431400,166.01943139648438,1.0675048828125,967.0591735839844
1760790780092583200,166.96758325195313,1.072784423828125,967.0585632324219
1760790781040830500,167.91583056640624,1.080718994140625,967.0575714111328
1760790781988889300,168.86388940429688,1.091278076171875,967.0565795898438
1760790782936911400,169.81191137695313,1.0965576171875,967.0559692382812
1760790783884913200,170.7599130859375,1.0965576171875,967.0559692382812
1760790784832925400,171.70792553710936,1.0965576171875,967.0559692382812
1760790785781047300,172.65604736328126,1.0965576171875,967.0559692382812
1760790786729199000,173.60419921875,1.0965576171875,967.0559692382812
1760790787677415400,174.55241552734375,1.080718994140625,967.0575714111328
1760790788625604000,175.50060400390626,1.080718994140625,967.0575714111328
1760790789573707300,176.44870727539063,1.083343505859375,967.0574951171875
1760790790521719300,177.39671923828126,1.083343505859375,967.0573425292969
1760790791469772300,178.34477221679688,1.08599853515625,967.0570373535156
1760790792417849300,179.2928493652344,1.09393310546875,967.0562744140625
1760790793366048300,180.24104833984376,1.0965576171875,967.0557403564453
1760790794314036500,181.1890363769531,1.0965576171875,967.0557403564453
1760790795261986300,182.136986328125,1.0965576171875,967.0558929443359
1760790796209865200,183.084865234375,1.0965576171875,967.0558929443359
1760790797157887200,184.03288720703125,1.107147216796875,967.0547485351562
1760790798106036200,184.9810361328125,1.107147216796875,967.0545959472656
1760790799054067500,185.9290673828125,1.11505126953125,967.0536041259766
1760790800002096000,186.87709619140625,1.13092041015625,967.0519256591797
1760790800950184400,187.82518432617186,1.133544921875,967.0514678955078
1760790801898190300,188.7731904296875,1.144134521484375,967.0503234863281
1760790802846168300,189.72116821289063,1.154693603515625,967.0490264892578
1760790803794192400,190.6691923828125,1.154693603515625,967.0490264892578
1760790804742080300,191.61708032226562,1.1573486328125,967.0487976074219
1760790805690012200,192.56501220703126,1.165252685546875,967.0478057861328
1760790806638017300,193.51301733398438,1.16790771484375,967.0475769042969
1760790807585948200,194.4609482421875,1.173187255859375,967.0470428466797
1760790808533857300,195.40885717773438,1.2022705078125,967.0435333251953
1760790809481827300,196.3568273925781,1.226043701171875,967.0409393310547
1760790810429821200,197.3048212890625,1.25775146484375,967.037353515625
1760790811377707300,198.25270727539063,1.289459228515625,967.03369140625
1760790812325566200,199.20056616210937,1.313232421875,967.0307922363281
1760790813273429200,200.14842919921875,1.313232421875,967.0307159423828
1760790814221171500,201.09617138671874,1.3211669921875,967.0298004150391
1760790815168982300,202.04398217773436,1.3211669921875,967.0298004150391
1760790816116721200,202.99172119140624,1.313232421875,967.0308685302734
1760790817064445200,203.93944506835936,1.31060791015625,967.0310211181641
1760790818012046300,204.88704638671874,1.31060791015625,967.0311737060547
1760790818959732200,205.83473217773437,1.289459228515625,967.0336151123047
1760790819907165200,206.7821652832031,1.255096435546875,967.0375823974609
1760790820854473500,207.72947338867186,1.1943359375,967.0444488525391
1760790821801902300,208.67690234375,1.120361328125,967.0531463623047
1760790822749347300,209.6243474121094,1.046356201171875,967.0615386962891
1760790823696804400,210.57180444335938,0.94329833984375,967.0735168457031
1760790824644313300,211.51931323242187,0.86669921875,967.0825958251953
1760790825591778300,212.4667783203125,0.819122314453125,967.0877838134766
1760790826539228200,213.41422827148438,0.78741455078125,967.0917510986328
1760790827486824200,214.36182421875,0.745147705078125,967.0964050292969
1760790828434470100,215.30947021484374,0.73455810546875,967.0976257324219
1760790829382015200,216.25701513671876,0.7239990234375,967.0989227294922
1760790830329518300,217.2045183105469,0.721343994140625,967.0991516113281
1760790831276830200,218.15183032226562,0.708160400390625,967.1006011962891
1760790832224156400,219.09915649414063,0.708160400390625,967.1006011962891
1760790833171635200,220.04663525390626,0.71343994140625,967.1001434326172
1760790834119119000,220.994119140625,0.71343994140625,967.1001434326172
1760790835066471400,221.94147143554687,0.71343994140625,967.1000671386719
1760790836013798100,222.88879809570312,0.71343994140625,967.1000671386719
1760790836961082000,223.83608203125,0.718719482421875,967.0996856689453
1760790837908614100,224.7836142578125,0.721343994140625,967.0993804931641
1760790838856054300,225.73105419921876,0.721343994140625,967.0993804931641
1760790839803524400,226.6785244140625,0.716064453125,967.0999145507812
1760790840750941200,227.62594116210937,0.702850341796875,967.1012878417969
1760790841698443300,228.573443359375,0.6949462890625,967.1023559570312
1760790842645963300,229.52096337890626,0.68963623046875,967.1029663085938
1760790843593494300,230.46849438476562,0.68963623046875,967.1029663085938
1760790844540890000,231.41589013671876,0.718719482421875,967.099609375
1760790845488237300,232.3632373046875,0.737213134765625,967.0975494384766
1760790846435505200,233.31050512695313,0.745147705078125,967.0965576171875
1760790847382777000,234.25777709960937,0.766265869140625,967.0941162109375
1760790848330153200,235.2051533203125,0.774200439453125,967.0932769775391
1760790849277674200,236.15267431640626,0.774200439453125,967.0932769775391
1760790850225077200,237.1000771484375,0.774200439453125,967.0932006835938
1760790851172366300,238.04736645507813,0.77685546875,967.0929718017578
1760790852119673300,238.99467333984376,0.77685546875,967.0929718017578
1760790853067129300,239.94212939453126,0.763641357421875,967.0941925048828
1760790854014669000,240.8896689453125,0.7530517578125,967.0955657958984
1760790854962257400,241.83725732421874,0.74249267578125,967.0969390869141
1760790855909720000,242.78471997070312,0.73455810546875,967.0977783203125
1760790856857100300,243.73210034179687,0.73455810546875,967.0977783203125
1760790857804550100,244.67955004882813,0.7398681640625,967.0970916748047
1760790858752003000,245.62700317382811,0.74249267578125,967.0969390869141
1760790859699603200,246.57460327148436,0.745147705078125,967.0966339111328
1760790860647135200,247.52213525390624,0.745147705078125,967.0966339111328
1760790861594632200,248.46963208007813,0.74249267578125,967.0967864990234
1760790862541964300,249.41696435546876,0.73193359375,967.0981597900391
1760790863489293300,250.36429321289063,0.73193359375,967.0981597900391
1760790864436551400,251.31155151367187,0.73193359375,967.0981597900391
1760790865383776300,252.2587763671875,0.745147705078125,967.0965576171875
1760790866331111200,253.20611108398438,0.771575927734375,967.0934295654297
1760790867278307000,254.15330712890625,0.790069580078125,967.0911407470703
1760790868225623300,255.10062329101564,0.81646728515625,967.0883941650391
1760790869172969200,256.04796923828127,0.829681396484375,967.0867156982422
1760790870120357400,256.995357421875,0.829681396484375,967.0867156982422
1760790871067500300,257.9425002441406,0.8138427734375,967.0884704589844
1760790872014631200,258.8896311035156,0.805908203125,967.0895385742188
1760790872961820400,259.8368203125,0.79534912109375,967.0906829833984
1760790873909045200,260.78404516601563,0.782135009765625,967.0922088623047
1760790874856230100,261.73123022460936,0.7689208984375,967.0937347412109
1760790875803381200,262.6783813476562,0.763641357421875,967.0942687988281
1760790876750605300,263.6256052246094,0.763641357421875,967.0944213867188
1760790877697919500,264.57291943359377,0.763641357421875,967.0944213867188
1760790878645223400,265.52022338867187,0.763641357421875,967.0944213867188
1760790879592578000,266.467578125,0.77685546875,967.0928955078125
1760790880539951400,267.41495141601564,0.790069580078125,967.0912933349609
1760790881487308300,268.36230834960935,0.790069580078125,967.0912933349609
1760790882434711300,269.30971118164064,0.790069580078125,967.0912933349609
1760790883382210300,270.25721020507814,0.78741455078125,967.0916748046875
1760790884329731300,271.2047314453125,0.78741455078125,967.0916748046875
1760790885277275400,272.152275390625,0.7689208984375,967.0938873291016
1760790886224729300,273.09972924804686,0.745147705078125,967.0965576171875
1760790887172084200,274.04708422851564,0.726654052734375,967.0985412597656
1760790888119611100,274.99461108398435,0.708160400390625,967.1007537841797
1760790889067182300,275.9421823730469,0.681732177734375,967.1039581298828
1760790890014835500,276.88983544921877,0.65264892578125,967.1073150634766
1760790890962446300,277.8374462890625,0.63153076171875,967.1095275878906
1760790891910025500,278.785025390625,0.620941162109375,967.1106719970703
1760790892857536300,279.73253637695314,0.599822998046875,967.1134185791016
1760790893805083400,280.68008349609374,0.581329345703125,967.1153259277344
1760790894752633300,281.62763330078127,0.581329345703125,967.1153259277344
1760790895700156200,282.57515625,0.594512939453125,967.1140289306641
1760790896647736300,283.522736328125,0.599822998046875,967.1131896972656
1760790897595259100,284.47025903320315,0.626220703125,967.1103668212891
1760790898542784300,285.4177841796875,0.67645263671875,967.1045684814453
1760790899490452200,286.3654521484375,0.71343994140625,967.1001434326172
1760790900438109200,287.3131091308594,0.721343994140625,967.0993041992188
1760790901385728300,288.26072827148437,0.721343994140625,967.0993041992188
1760790902333444400,289.2084443359375,0.708160400390625,967.1006774902344
1760790903281171200,290.1561711425781,0.708160400390625,967.1006774902344
1760790904228889300,291.10388940429686,0.721343994140625,967.0992279052734
1760790905176719000,292.05171899414063,0.805908203125,967.0896148681641
1760790906124558300,292.9995583496094,0.908966064453125,967.0775604248047
1760790907072373200,293.94737329101565,1.025238037109375,967.064208984375
1760790908020254500,294.89525439453126,1.120361328125,967.05322265625
1760790908968160300,295.84316015625,1.125640869140625,967.0525360107422
1760790909916064300,296.7910642089844,1.125640869140625,967.0525360107422
1760790910863879200,297.73887915039063,0.935394287109375,967.0745849609375
1760790911811757300,298.6867573242188,0.718719482421875,967.099609375
1760790912759696100,299.6346960449219,0.50732421875,967.1239471435547
1760790913707554300,300.58255419921875,0.2906494140625,967.1492004394531
1760790914655504100,301.53050415039064,0.13739013671875,967.1669769287109
1760790915603317200,302.47831713867185,0.118896484375,967.1688079833984
1760790916551091200,303.42609130859375,0.118896484375,967.1688079833984
1760790917498852400,304.3738522949219,0.140045166015625,967.1664428710938
1760790918446826200,305.321826171875,0.15325927734375,967.1649169921875
1760790919394876200,306.2698762207031,0.1717529296875,967.1628570556641
1760790920343084300,307.21808422851564,0.177032470703125,967.1622467041016
1760790921291262200,308.16626220703125,0.177032470703125,967.1622467041016
1760790922239555300,309.1145554199219,0.158538818359375,967.1644592285156
1760790923187862300,310.0628623046875,0.140045166015625,967.1666717529297
1760790924136227300,311.01122729492187,0.140045166015625,967.1666717529297
1760790925084561400,311.9595615234375,0.147979736328125,967.1656799316406
1760790926032994300,312.90799438476563,0.158538818359375,967.1644592285156
1760790926981583400,313.8565832519531,0.177032470703125,967.1620941162109
1760790927929947400,314.8049475097656,0.195526123046875,967.1600341796875
1760790928878309400,315.75330932617186,0.20611572265625,967.1589660644531
1760790929826724400,316.7017243652344,0.208740234375,967.1586608886719
1760790930775208200,317.65020825195313,0.23516845703125,967.1555328369141
1760790931723722200,318.59872216796873,0.253662109375,967.1533966064453
1760790932672290300,319.5472902832031,0.26953125,967.1515655517578
1760790933620662300,320.4956623535156,0.298583984375,967.1482086181641
1760790934569111300,321.444111328125,0.33294677734375,967.1443176269531
1760790935517597200,322.39259716796874,0.346160888671875,967.1427917480469
1760790936466024200,323.34102416992187,0.348785400390625,967.142333984375
1760790937414605300,324.2896052246094,0.37255859375,967.1395111083984
1760790938363248400,325.2382482910156,0.393707275390625,967.1369934082031
1760790939311983400,326.1869833984375,0.409576416015625,967.1352386474609
1760790940260603100,327.13560302734373,0.420135498046875,967.1341705322266
1760790941209300200,328.08430029296875,0.438629150390625,967.1318817138672
1760790942157999400,329.03299926757813,0.45977783203125,967.1295928955078
1760790943106546200,329.9815461425781,0.475616455078125,967.1276092529297
1760790944055194400,330.9301943359375,0.491485595703125,967.1257019042969
1760790945003852300,331.8788522949219,0.528472900390625,967.12158203125
1760790945952517400,332.82751733398436,0.568115234375,967.1169281005859
1760790946901136100,333.77613623046875,0.5892333984375,967.1145629882812
1760790947849869300,334.7248693847656,0.613037109375,967.1118927001953
1760790948798750200,335.67375024414065,0.626220703125,967.1101379394531
1760790949747625500,336.62262548828124,0.626220703125,967.1101379394531
1760790950696521200,337.57152124023435,0.6051025390625,967.1127319335938
1760790951645496300,338.5204963378906,0.5892333984375,967.1146392822266
1760790952594380300,339.46938037109373,0.56280517578125,967.1176147460938
1760790953543424300,340.41842431640623,0.528472900390625,967.1217346191406
1760790954492444200,341.36744409179687,0.4993896484375,967.1249389648438
1760790955441550300,342.31655029296877,0.475616455078125,967.1278381347656
1760790956390601200,343.26560131835936,0.449188232421875,967.1307373046875
1760790957339627300,344.2146271972656,0.4254150390625,967.1334838867188
1760790958288774100,345.16377416992185,0.39898681640625,967.1366119384766
1760790959238027300,346.11302734375,0.3804931640625,967.1387481689453
1760790960187115300,347.062115234375,0.348785400390625,967.1422576904297
1760790961136303000,348.01130322265624,0.311798095703125,967.1467590332031
1760790962085400300,348.960400390625,0.277435302734375,967.1504974365234
1760790963034563300,349.9095632324219,0.253662109375,967.1535491943359
1760790963983934200,350.8589343261719,0.253662109375,967.1535491943359
1760790964933495300,351.80849536132814,0.295928955078125,967.1483612060547
1760790965883083300,352.7580832519531,0.37255859375,967.1394348144531
1760790966832745200,353.7077451171875,0.438629150390625,967.1319580078125
1760790967782402300,354.65740234375,0.50732421875,967.1238708496094
1760790968731940400,355.6069404296875,0.53375244140625,967.1210479736328
1760790969681647400,356.5566474609375,0.53375244140625,967.1210479736328
1760790970631332000,357.50633203125,0.502044677734375,967.1247863769531
1760790971581169400,358.45616943359374,0.48883056640625,967.1260070800781
1760790972530856400,359.4058564453125,0.48089599609375,967.1271514892578
1760790973480643300,360.3556433105469,0.457122802734375,967.1296691894531
1760790974430633200,361.30563330078127,0.457122802734375,967.1296691894531
1760790975380522200,362.25552221679686,0.45977783203125,967.1294403076172
1760790976330383400,363.20538330078125,0.467681884765625,967.1286773681641
1760790977280307200,364.15530712890626,0.4703369140625,967.1283721923828
1760790978230397200,365.10539721679686,0.467681884765625,967.1286773681641
1760790979180362200,366.0553623046875,0.465057373046875,967.12890625
1760790980130527200,367.00552734375,0.4544677734375,967.130126953125
1760790981080854300,367.9558542480469,0.420135498046875,967.1341705322266
1760790982031146200,368.90614624023436,0.41485595703125,967.1346282958984
1760790982981477400,369.8564772949219,0.41485595703125,967.1346282958984
1760790983931876000,370.8068759765625,0.420135498046875,967.1341705322266
1760790984882235400,371.7572353515625,0.428070068359375,967.1332550048828
1760790985832659200,372.7076591796875,0.44390869140625,967.1311950683594
1760790986783176200,373.6581762695312,0.44390869140625,967.1311950683594
1760790987733696300,374.6086962890625,0.4412841796875,967.1318054199219
1760790988684130300,375.5591303710938,0.4412841796875,967.1318054199219
1760790989634595000,376.5095949707031,0.4412841796875,967.1317291259766
1760790990585055200,377.46005517578124,0.4412841796875,967.1317291259766
1760790991535500300,378.4105002441406,0.4254150390625,967.1334838867188
1760790992486045400,379.36104541015624,0.412200927734375,967.1350860595703
1760790993436536300,380.31153637695314,0.412200927734375,967.1350860595703
1760790994387304200,381.26230419921876,0.43597412109375,967.1321868896484
1760790995338147000,382.21314697265626,0.48089599609375,967.1270751953125
1760790996288949200,383.16394921875,0.528472900390625,967.1216583251953
1760790997239696400,384.1146962890625,0.57867431640625,967.1156311035156
1760790998190472400,385.0654724121094,0.626220703125,967.1102142333984
1760790999141318400,386.016318359375,0.65264892578125,967.1070861816406
1760791000092117200,386.9671171875,0.66058349609375,967.1061706542969
1760791001042936300,387.9179362792969,0.66058349609375,967.1061706542969
1760791001993834200,388.86883422851565,0.655303955078125,967.1068572998047
1760791002944654300,389.819654296875,0.655303955078125,967.1068572998047
1760791003895616300,390.7706162109375,0.655303955078125,967.1068572998047
1760791004846536200,391.7215361328125,0.655303955078125,967.1068572998047
1760791005797478100,392.67247802734374,0.657928466796875,967.1064758300781
1760791006748442000,393.62344213867186,0.66851806640625,967.1054077148438
1760791007699477200,394.57447729492185,0.671142578125,967.1051025390625
1760791008650704400,395.5257043457031,0.6790771484375,967.1041870117188
1760791009601979100,396.47697924804686,0.718719482421875,967.0994567871094
1760791010553346000,397.4283459472656,0.729278564453125,967.0983123779297
1760791011504734200,398.3797341308594,0.763641357421875,967.0943450927734
1760791012456124400,399.33112451171877,0.782135009765625,967.0922088623047
1760791013407359500,400.282359375,0.805908203125,967.0896148681641
1760791014358803200,401.23380322265626,0.805908203125,967.0895385742188
1760791015310297300,402.1852973632812,0.805908203125,967.0895385742188
1760791016261814300,403.1368142089844,0.7689208984375,967.0938110351562
1760791017213189400,404.088189453125,0.747772216796875,967.0960998535156
1760791018164635100,405.0396352539062,0.726654052734375,967.0986938476562
1760791019116139300,405.99113916015625,0.681732177734375,967.1038055419922
1760791020067618300,406.94261840820315,0.65264892578125,967.1071624755859
1760791021019216400,407.89421630859374,0.6500244140625,967.1075439453125
1760791021970759200,408.84575927734375,0.647369384765625,967.1078491210938
1760791022922394400,409.7973942871094,0.626220703125,967.1102142333984
1760791023873995300,410.7489953613281,0.62359619140625,967.110595703125
1760791024825642200,411.7006423339844,0.613037109375,967.1118927001953
1760791025777200000,412.6522001953125,0.613037109375,967.1118927001953
1760791026728840400,413.60384033203127,0.610382080078125,967.1122741699219
1760791027680472300,414.5554724121094,0.60772705078125,967.1124267578125
1760791028632099000,415.50709912109374,0.599822998046875,967.1132659912109
1760791029583880200,416.45888012695315,0.594512939453125,967.1139526367188
1760791030535801000,417.41080102539064,0.56280517578125,967.1176910400391
1760791031487770400,418.36277026367185,0.531097412109375,967.1213531494141
1760791032439717400,419.31471728515623,0.4993896484375,967.1250152587891
1760791033391806500,420.26680639648436,0.45977783203125,967.1294403076172
1760791034343947300,421.218947265625,0.430694580078125,967.1328735351562
1760791035295921400,422.17092138671876,0.41485595703125,967.1348571777344
1760791036247973000,423.1229731445313,0.41485595703125,967.1348571777344
1760791037200152000,424.0751520996094,0.422760009765625,967.1338653564453
1760791038152282000,425.0272822265625,0.494110107421875,967.1255493164062
1760791039104544300,425.9795441894531,0.56280517578125,967.1176147460938
1760791040056611300,426.931611328125,0.628875732421875,967.1099090576172
1760791041008889000,427.88388916015623,0.69757080078125,967.1019744873047
1760791041961118200,428.8361181640625,0.73193359375,967.0979309082031
1760791042913299200,429.78829931640627,0.73193359375,967.0979309082031
1760791043865525200,430.7405251464844,0.73193359375,967.0979309082031
1760791044817928200,431.69292822265623,0.73193359375,967.0981597900391
1760791045770370300,432.6453703613281,0.745147705078125,967.0964050292969
1760791046722637000,433.59763696289065,0.760986328125,967.0946502685547
1760791047674943200,434.5499431152344,0.845550537109375,967.0848846435547
1760791048627311000,435.50231103515625,0.850830078125,967.0841217041016
1760791049579790300,436.4547902832031,0.850830078125,967.0841217041016
1760791050532214300,437.40721435546874,0.84027099609375,967.0856475830078
1760791051484515000,438.35951513671876,0.7398681640625,967.09716796875
1760791052436949200,439.31194921875,0.58660888671875,967.1147918701172
1760791053389352400,440.2643525390625,0.36993408203125,967.139892578125
1760791054341707300,441.2167072753906,-0.01055908203125,967.1840667724609
1760791055294078500,442.1690783691406,-0.330291748046875,967.2209930419922
1760791056246409200,443.1214091796875,-0.774200439453125,967.2721862792969
1760791057198903300,444.0739033203125,-1.40570068359375,967.3455047607422
1760791058151257300,445.02625732421876,-1.833770751953125,967.3949432373047
1760791059103589400,445.9785893554687,-2.029296875,967.4176025390625
1760791060055912200,446.930912109375,-2.116485595703125,967.4275207519531
1760791061008254200,447.8832541503906,-2.116485595703125,967.4275207519531
1760791061960678400,448.8356784667969,-1.905120849609375,967.4031066894531
1760791062913031400,449.7880314941406,-1.6646728515625,967.3754119873047
1760791063865272300,450.7402722167969,-1.516693115234375,967.3581695556641
1760791064817594400,451.6925944824219,-1.49554443359375,967.3558044433594
1760791065769983200,452.6449831542969,-1.49554443359375,967.3558044433594
1760791066722439200,453.5974392089844,-1.49554443359375,967.3558044433594
1760791067674833400,454.54983349609375,-1.580108642578125,967.3654937744141
1760791068627244300,455.5022443847656,-1.669952392578125,967.3758697509766
1760791069579524400,456.4545244140625,-1.669952392578125,967.3758697509766
1760791070531828200,457.406828125,-1.52197265625,967.3589324951172
1760791071484102100,458.35910205078125,-1.1414794921875,967.3146057128906
1760791072436336400,459.31133642578123,-0.4095458984375,967.2301483154297
1760791073388690200,460.26369018554686,0.48089599609375,967.1269989013672
1760791074341006300,461.2160063476563,1.400421142578125,967.0206451416016
1760791075293416200,462.16841625976565,2.512847900390625,966.8920135498047
1760791076245839400,463.1208393554688,3.709808349609375,966.7536926269531
1760791077198234400,464.073234375,5.023040771484375,966.6016387939453
1760791078150721300,465.02572119140626,6.77227783203125,966.3996124267578
1760791079103061200,465.97806127929687,8.978607177734375,966.1443328857422
1760791080055370200,466.93037036132813,11.60772705078125,965.8406829833984
1760791081007705000,467.882705078125,14.324005126953125,965.5267333984375
1760791081959956200,468.8349562988281,17.146026611328125,965.2008056640625
1760791082912187400,469.7871875,19.97064208984375,964.8744201660156
1760791083864445200,470.7394450683594,22.826995849609375,964.5447540283203
1760791084816597200,471.6915971679687,25.23944091796875,964.2662811279297
1760791085768786200,472.6437861328125,27.32952880859375,964.0251159667969
1760791086720823300,473.5958232421875,29.271636962890625,963.8010406494141
1760791087672880000,474.54788012695315,31.11859130859375,963.5880279541016
1760791088625058000,475.5000581054687,32.43182373046875,963.4365844726562
1760791089577231000,476.45223120117186,33.945892333984375,963.2618713378906
1760791090529559300,477.40455932617186,35.816650390625,963.0464172363281
1760791091481983200,478.35698315429687,37.756103515625,962.8227996826172
1760791092434168300,479.3091682128906,39.8541259765625,962.5808715820312
1760791093386328300,480.26132836914064,42.263916015625,962.3033905029297
1760791094338447400,481.213447265625,44.649932861328125,962.0282745361328
1760791095290599400,482.16559936523436,47.03594970703125,961.7535400390625
1760791096242748200,483.117748046875,49.72052001953125,961.4445495605469
1760791097194862300,484.0698623046875,52.402496337890625,961.1355590820312
1760791098147023000,485.02202319335936,55.229766845703125,960.8102416992188
1760791099099264300,485.9742641601562,58.1785888671875,960.4711151123047
1760791100051625200,486.9266252441406,60.997955322265625,960.1465606689453
1760791101003944200,487.8789440917969,63.619140625,959.8451995849609
1760791101956364000,488.8313640136719,66.17691040039062,959.5512390136719
1760791102908716300,489.78371630859374,68.76638793945312,959.2535400390625
1760791103861095200,490.7360952148438,71.6544189453125,958.9216613769531
1760791104813481200,491.6884812011719,74.96261596679688,958.5417938232422
1760791105765813200,492.64081323242186,78.22589111328125,958.1669616699219
1760791106718086100,493.5930861816406,81.58425903320312,957.7815246582031
1760791107670403300,494.5454033203125,84.54367065429688,957.4419403076172
1760791108622650400,495.497650390625,86.80020141601562,957.1829223632812
1760791109575021300,496.4500212402344,88.70797729492188,956.964111328125
1760791110527152400,497.40215234375,90.69497680664062,956.7361450195312
1760791111479322000,498.3543220214844,92.27774047851562,956.5546417236328
1760791112431472400,499.3064724121094,93.82614135742188,956.3771820068359
1760791113383529200,500.258529296875,95.67840576171875,956.1650085449219
1760791114335586300,501.21058642578123,97.49630737304688,955.9565734863281
1760791115287613200,502.16261328125,99.18212890625,955.7632446289062
1760791116239524400,503.1145244140625,101.240478515625,955.5275726318359
1760791117191520300,504.06652026367186,103.50494384765625,955.2681732177734
1760791118143441200,505.01844116210935,105.64788818359375,955.0227355957031
1760791119095370200,505.97037036132815,107.61904907226562,954.7970581054688
1760791120047490300,506.922490234375,109.57699584960938,954.5729064941406
1760791120999587300,507.87458740234376,111.3817138671875,954.3663024902344
1760791121951652400,508.82665234375,113.30001831054688,954.146728515625
1760791122903774200,509.77877416992186,115.44558715820312,953.9014434814453
1760791123856001300,510.73100122070315,117.81838989257812,953.6298370361328
1760791124808335400,511.68333544921876,120.39730834960938,953.3348846435547
1760791125760738300,512.63573828125,123.21136474609375,953.0132293701172
1760791126713033200,513.588033203125,126.072998046875,952.6862335205078
1760791127665287200,514.540287109375,128.95050048828125,952.3573303222656
1760791128617442300,515.4924423828126,131.8121337890625,952.0305633544922
1760791129569640200,516.4446401367187,134.6024169921875,951.7118072509766
1760791130521808100,517.3968081054687,137.207763671875,951.4141845703125
1760791131473842400,518.3488425292969,139.39556884765625,951.16455078125
1760791132425816300,519.30081640625,141.39581298828125,950.936279296875
1760791133377897200,520.2528972167969,143.15032958984375,950.7361602783203
1760791134329905200,521.2049052734375,144.47412109375,950.5851745605469
1760791135281810200,522.1568100585938,145.697509765625,950.445556640625
1760791136233728300,523.1087282714843,147.06097412109375,950.2899169921875
1760791137185452300,524.0604523925781,148.62255859375,950.1118469238281
1760791138137349400,525.0123493652344,150.519775390625,949.8956298828125
1760791139089260300,525.9642602539062,152.95599365234375,949.6179962158203
1760791140041173200,526.9161733398438,155.4952392578125,949.32861328125
1760791140993161200,527.8681611328125,157.981689453125,949.0452575683594
1760791141945257200,528.8202573242188,160.4654541015625,948.7622833251953
1760791142897459200,529.7724592285156,162.7484130859375,948.5023498535156
1760791143849672200,530.7246721191407,164.666748046875,948.2837677001953
1760791144801796000,531.6767961425782,166.368408203125,948.0902099609375
1760791145754008300,532.6290083007813,168.16253662109375,947.8858184814453
1760791146706189000,533.5811889648437,169.87738037109375,947.6907348632812
1760791147658337300,534.5333371582032,171.5367431640625,947.5019836425781
1760791148610449400,535.4854494628906,173.3572998046875,947.2947692871094
1760791149562672400,536.4376723632812,175.3046875,947.0733642578125
1760791150514914300,537.3899143066407,177.1728515625,946.8607330322266
1760791151467012000,538.3420122070313,179.12548828125,946.6387939453125
1760791152419160300,539.2941604003906,181.3741455078125,946.383056640625
1760791153371161300,540.2461613769531,183.73370361328125,946.1149597167969
1760791154323035100,541.19803515625,186.2227783203125,945.8322906494141
1760791155274995200,542.1499951171875,189.07647705078125,945.5079650878906
1760791156226978300,543.1019782714844,191.9962158203125,945.1763916015625
1760791157178859300,544.053859375,194.77862548828125,944.8605346679688
1760791158130652200,545.0056520996094,197.41302490234375,944.5613098144531
1760791159082331100,545.9573310546875,199.9654541015625,944.2718505859375
1760791160034091300,546.9090913085937,202.3250732421875,944.0042114257812
1760791160986009300,547.8610092773438,204.56048583984375,943.7504577636719
1760791161937913000,548.8129130859375,206.4735107421875,943.5337066650391
1760791162889709300,549.7647092285156,208.1962890625,943.3381652832031
1760791163841446100,550.7164460449219,209.76318359375,943.1607055664062
1760791164793312300,551.6683122558594,211.0552978515625,943.0142211914062
1760791165745193200,552.6201931152344,211.911376953125,942.9170989990234
1760791166697239000,553.5722390136718,212.9498291015625,942.7993011474609
1760791167649388300,554.5243881835937,214.08074951171875,942.6712036132812
1760791168601500200,555.4765002441407,215.25921630859375,942.5377655029297
1760791169553582000,556.42858203125,216.69403076171875,942.3751831054688
1760791170505772300,557.3807722167969,218.72332763671875,942.1453857421875
1760791171458010000,558.3330100097656,221.17803955078125,941.8674468994141
1760791172410224000,559.2852241210937,224.05816650390625,941.5412139892578
1760791173362341000,560.2373410644532,227.28704833984375,941.1759185791016
1760791174314429200,561.1894291992187,230.8753662109375,940.7699584960938
1760791175266518300,562.1415183105469,234.45306396484375,940.3652954101562
1760791176218615300,563.093615234375,237.95941162109375,939.9686431884766
1760791177170711300,564.0457111816406,241.3812255859375,939.5819091796875
1760791178122870300,564.9978703613281,244.758056640625,939.2003631591797
1760791179074958300,565.9499582519531,247.9923095703125,938.8351440429688
1760791180027006200,566.9020061035156,251.05999755859375,938.4886932373047
1760791180979203300,567.8542033691406,253.97711181640625,938.1595611572266
1760791181931248000,568.806248046875,256.71722412109375,937.8501129150391
1760791182883212300,569.7582124023437,259.13494873046875,937.5774383544922
1760791183835028200,570.7100283203125,261.383544921875,937.3237609863281
1760791184786923300,571.6619233398437,263.41552734375,937.0944976806641
1760791185738918400,572.6139184570312,265.2730712890625,936.8849945068359
1760791186690987300,573.5659873046875,267.00640869140625,936.6897583007812
1760791187643076000,574.518076171875,268.79791259765625,936.4878845214844
1760791188595237400,575.4702373046875,270.6131591796875,936.2831115722656
1760791189547358200,576.4223581542968,272.4443359375,936.0768127441406
1760791190499487200,577.3744873046875,274.470947265625,935.8486938476562
1760791191451441400,578.32644140625,276.66143798828125,935.601806640625
1760791192403472100,579.2784721679687,278.965576171875,935.3422546386719
1760791193355407400,580.2304074707031,281.43084716796875,935.0648498535156
1760791194307438300,581.1824382324219,284.06524658203125,934.7684478759766
1760791195259592200,582.1345922851563,286.86346435546875,934.4534301757812
1760791196211764200,583.0867641601562,289.89154052734375,934.1127014160156
1760791197164024300,584.0390244140625,292.92755126953125,933.7713623046875
1760791198116237000,584.9912370605468,295.85791015625,933.4420013427734
1760791199068499200,585.9434992675781,298.57159423828125,933.1369781494141
1760791200020649200,586.8956491699219,301.2535400390625,932.8356170654297
1760791200972508200,587.8475080566407,303.8271484375,932.54638671875
1760791201924494300,588.7994943847656,306.3426513671875,932.2638702392578
1760791202876548400,589.7515483398438,308.77886962890625,931.9905090332031
1760791203828692200,590.7036921386718,311.19390869140625,931.7192077636719
1760791204780681500,591.6556813964844,313.5509033203125,931.4547729492188
1760791205732662300,592.6076623535156,315.839111328125,931.1980438232422
1760791206684602400,593.5596022949219,318.0111083984375,930.9544372558594
1760791207636588300,594.5115883789063,320.17779541015625,930.7114410400391
1760791208588533200,595.463533203125,322.2784423828125,930.4757690429688
1760791209540765200,596.4157651367187,324.09637451171875,930.2719879150391
1760791210492943400,597.367943359375,325.5179443359375,930.1128387451172
1760791211445102300,598.3201022949219,326.704345703125,929.9797821044922
1760791212397264100,599.2722641601563,327.629150390625,929.8761749267578
1760791213349442300,600.2244423828125,328.44036865234375,929.7853088378906
1760791214301715500,601.1767155761719,329.23834228515625,929.6955871582031
1760791215253984300,602.128984375,330.11029052734375,929.5981597900391
1760791216206328000,603.081328125,331.06683349609375,929.4908142089844
1760791217158738400,604.0337385253906,332.150146484375,929.3694305419922
1760791218110913300,604.9859133300781,333.37091064453125,929.2327117919922
1760791219063250200,605.9382502441406,334.8321533203125,929.0691375732422
1760791220015585300,606.8905852050781,336.32501220703125,928.9020538330078
1760791220968019200,607.8430192871094,337.9051513671875,928.7249755859375
1760791221920497200,608.7954970703125,339.67816162109375,928.5266876220703
1760791222872891100,609.7478911132813,341.3507080078125,928.3393859863281
1760791223825108200,610.7001081542969,342.97576904296875,928.1575775146484
1760791224777410300,611.6524104003906,344.77252197265625,927.95654296875
1760791225729616100,612.6046162109375,346.4425048828125,927.769775390625
1760791226681845200,613.5568452148437,347.80853271484375,927.6169586181641
1760791227634365400,614.5093654785156,349.41241455078125,927.4376678466797
1760791228586607000,615.4616071777343,351.1431884765625,927.2438812255859
1760791229539072300,616.414072265625,352.76025390625,927.0632934570312
1760791230491431200,617.3664311523437,354.69970703125,926.8465423583984
1760791231443905300,618.3189052734375,357.26275634765625,926.5601348876953
1760791232396267300,619.2712673339844,360.2459716796875,926.2266540527344
1760791233348537000,620.223537109375,363.3956298828125,925.8749389648438
1760791234300927200,621.1759272460938,366.864990234375,925.4875946044922
1760791235253474300,622.1284743652344,370.65936279296875,925.0641632080078
1760791236205759200,623.0807592773438,374.1973876953125,924.6693420410156
1760791237158058200,624.0330583496094,377.101318359375,924.3454742431641
1760791238110309400,624.9853093261719,379.5692138671875,924.0702819824219
1760791239062628400,625.9376284179688,381.45587158203125,923.8600158691406
1760791240014841300,626.8898413085938,382.7796630859375,923.7123870849609
1760791240967160300,627.8421604003906,383.818115234375,923.5967254638672
1760791241919617300,628.7946171875,384.81158447265625,923.4858703613281
1760791242871960000,629.7469599609375,385.77337646484375,923.3787536621094
1760791243824454400,630.6994543457031,387.0179443359375,923.2398986816406
1760791244776822300,631.651822265625,388.44744873046875,923.0806732177734
1760791245729149400,632.6041494140625,390.13323974609375,922.8931427001953
1760791246681374200,633.5563742675781,392.34222412109375,922.6470947265625
1760791247633536300,634.5085363769531,395.06378173828125,922.3440551757812
1760791248585648400,635.4606484375,397.80126953125,922.0391845703125
1760791249537782300,636.4127822265625,400.5545654296875,921.7327880859375
1760791250490078200,637.365078125,403.09912109375,921.4498901367188
1760791251442471200,638.3174711914063,405.18914794921875,921.2172698974609
1760791252394711300,639.2697111816407,406.83270263671875,921.0345458984375
1760791253346815200,640.2218151855469,408.48944091796875,920.8504486083984
1760791254299075300,641.1740754394531,410.23333740234375,920.6565093994141
1760791255251344100,642.1263442382813,412.112060546875,920.4476928710938
1760791256203747300,643.0787473144532,414.36328125,920.1973724365234
1760791257156058400,644.0310583496093,416.9554443359375,919.9095916748047
1760791258108409000,644.9834091796876,419.57659912109375,919.6183013916016
1760791259060642300,645.9356423339843,422.1158447265625,919.3362426757812
1760791260012771300,646.8877712402344,424.5784912109375,919.0628051757812
1760791260964966400,647.8399663085937,426.7901611328125,918.8174438476562
1760791261917122300,648.7921223144531,428.74017333984375,918.6011505126953
1760791262869324300,649.74432421875,430.32818603515625,918.4249877929688
1760791263821651200,650.6966511230469,431.7894287109375,918.2628631591797
1760791264774012400,651.6490124511719,433.1925048828125,918.1069946289062
1760791265726531300,652.60153125,434.88885498046875,917.9189300537109
1760791266679086300,653.5540864257813,436.7939453125,917.7079010009766
1760791267631507200,654.5065070800781,438.89459228515625,917.4749755859375
1760791268584067300,655.4590673828125,441.151123046875,917.2246551513672
1760791269536820200,656.4118203125,443.43408203125,916.9716644287109
1760791270489479400,657.3644794921875,445.1436767578125,916.7823791503906
1760791271442085400,658.3170854492188,446.3221435546875,916.6518402099609
1760791272394670300,659.2696704101562,447.10693359375,916.5650177001953
1760791273347153200,660.2221530761718,447.10693359375,916.5650177001953
1760791274299584300,661.1745842285156,446.97747802734375,916.5792083740234
1760791275252187100,662.1271872558593,446.6207275390625,916.6187286376953
1760791276204785400,663.0797854003906,446.26141357421875,916.6584777832031
1760791277157336300,664.0323364257813,445.8306884765625,916.7063903808594
1760791278109722400,664.9847224121094,445.5189208984375,916.7408752441406
1760791279062003500,665.9370034179688,445.5189208984375,916.7408752441406
1760791280014391300,666.8893913574219,445.73028564453125,916.7173004150391
1760791280966853400,667.8418532714844,446.35125732421875,916.6486358642578
1760791281919302100,668.7943022460937,447.36322021484375,916.5364837646484
1760791282871588400,669.7465883789063,448.824462890625,916.3747406005859
1760791283823927000,670.6989270019532,450.28564453125,916.2129211425781
1760791284776305200,671.6513051757812,452.01373291015625,916.0215759277344
1760791285728733200,672.6037331542968,453.628173828125,915.8428192138672
1760791286681146400,673.556146484375,455.08148193359375,915.6819152832031
1760791287633428200,674.5084282226562,456.4105224609375,915.5349731445312
1760791288585817300,675.4608173828125,458.12274169921875,915.345458984375
1760791289538212400,676.4132124023438,459.98028564453125,915.1399230957031
1760791290490335200,677.3653352050782,462.02020263671875,914.9143981933594
1760791291442544000,678.3175441894531,464.43524169921875,914.6473693847656
1760791292394813200,679.2698132324218,467.04058837890625,914.3592071533203
1760791293347031300,680.22203125,469.40020751953125,914.0982818603516
1760791294299233300,681.1742333984375,471.33966064453125,913.8838958740234
1760791295251559200,682.1265590820312,473.104736328125,913.6888885498047
1760791296203748400,683.0787482910156,474.66632080078125,913.5163879394531
1760791297155905300,684.0309052734375,476.03240966796875,913.3656311035156
1760791298108006100,684.9830061035157,477.45660400390625,913.2084655761719
1760791299060126200,685.9351262207031,479.0208740234375,913.0354309082031
1760791300012339500,686.8873393554687,480.566650390625,912.8648376464844
1760791300964561200,687.8395610351563,482.223388671875,912.6821136474609
1760791301916670200,688.7916701660156,484.22357177734375,912.4613189697266
1760791302868917200,689.7439172363281,486.7073974609375,912.1871185302734
1760791303821103400,690.6961032714844,489.61920166015625,911.8659210205078
1760791304773262300,691.6482624511718,492.8533935546875,911.5091705322266
1760791305725419300,692.6004191894531,496.17742919921875,911.1427307128906
1760791306677603300,693.5526032714844,499.3482666015625,910.7933044433594
1760791307629841400,694.5048413085938,502.2547607421875,910.4731750488281
1760791308582253300,695.4572534179688,504.93939208984375,910.1772308349609
1760791309534496300,696.4094963378906,507.338623046875,909.9131774902344
1760791310486783200,697.361783203125,509.40753173828125,909.6852874755859
1760791311439023400,698.3140234375,511.2333984375,909.4844818115234
1760791312391205400,699.2662053222656,512.8583984375,909.3056488037109
1760791313343284500,700.2182844238281,514.1320190429688,909.1652679443359
1760791314295392300,701.1703923339844,515.43994140625,909.0214538574219
1760791315247484200,702.1224841308593,517.0966796875,908.8391876220703
1760791316199726300,703.0747263183594,518.9146118164062,908.6392974853516
1760791317151920400,704.0269204101562,520.69287109375,908.4437561035156
1760791318104103400,704.979103515625,522.484375,908.2467651367188
1760791319056142300,705.9311423339843,524.2653198242188,908.0509185791016
1760791320008264200,706.8832641601563,526.1334228515625,907.8456115722656
1760791320960331300,707.8353312988281,528.2393798828125,907.6141357421875
1760791321912493300,708.7874934082031,530.646484375,907.3497772216797
1760791322864681200,709.7396811523438,533.378662109375,907.0496368408203
1760791323816764400,710.6917644042969,536.5626831054688,906.6999053955078
1760791324768882200,711.6438820800781,539.7625122070312,906.3486480712891
1760791325721007400,712.5960073242187,543.1209106445312,905.9801483154297
1760791326673153300,713.5481533203125,546.5004272460938,905.6092834472656
1760791327625187000,714.5001870117187,550.0570068359375,905.2191162109375
1760791328577181400,715.4521813964843,553.362548828125,904.8568725585938
1760791329529343500,716.4043435058594,556.4566650390625,904.5178985595703
1760791330481644000,717.3566440429687,559.167724609375,904.2207336425781
1760791331433643300,718.3086433105469,561.3132934570312,903.9856719970703
1760791332385792300,719.2607922363281,562.7057495117188,903.8331604003906
1760791333337910300,720.21291015625,563.6121215820312,903.7339019775391
1760791334289979100,721.1649792480468,563.6226806640625,903.7327575683594
1760791335242095400,722.1170954589844,563.6226806640625,903.7327575683594
1760791336194243000,723.0692431640625,562.8167724609375,903.8209533691406
1760791337146382300,724.0213823242187,561.76513671875,903.9363098144531
1760791338098570200,724.9735703125,560.4122314453125,904.08447265625
1760791339050629400,725.9256293945313,559.1571655273438,904.2219543457031
1760791340002717200,726.8777172851562,558.2191162109375,904.3247222900391
1760791340954745300,727.8297453613282,558.0606079101562,904.342041015625
1760791341906893300,728.7818933105468,558.0606079101562,904.342041015625
1760791342859096300,729.7340964355469,558.525634765625,904.2910003662109
1760791343811243300,730.6862431640625,558.8215942382812,904.2584991455078
1760791344763136300,731.6381362304687,559.2470092773438,904.2119598388672
1760791345715313200,732.5903132324219,559.5772705078125,904.1759490966797
1760791346667534300,733.5425344238281,559.764892578125,904.1553497314453
1760791347619715300,734.4947153320312,559.9973754882812,904.1298675537109
1760791348572003300,735.4470034179687,560.8878784179688,904.0324401855469
1760791349524283100,736.399283203125,561.6699829101562,903.946533203125
1760791350476615200,737.351615234375,562.4996948242188,903.8555908203125
1760791351428982300,738.3039821777344,563.598876953125,903.7352752685547
1760791352381430300,739.2564301757812,565.28466796875,903.5509490966797
1760791353333831400,740.2088315429687,567.4725341796875,903.3112335205078
1760791354286109200,741.1611091308594,570.44775390625,902.9856872558594
1760791355238439400,742.113439453125,574.0809936523438,902.5881958007812
1760791356190765300,743.0657653808594,578.08935546875,902.149658203125
1760791357143268400,744.0182683105469,582.163818359375,901.7042541503906
1760791358095801300,744.9708012695312,585.9819946289062,901.2870788574219
1760791359048354000,745.9233540039063,589.3535766601562,900.9185791015625
1760791360000857300,746.875857421875,592.3895874023438,900.5870056152344
1760791360953488400,747.82848828125,594.8416748046875,900.3192901611328
1760791361906067500,748.7810673828125,596.73095703125,900.1131439208984
1760791362858772200,749.7337722167969,598.31103515625,899.9406433105469
1760791363811337200,750.6863371582032,599.8330078125,899.7747039794922
1760791364763737000,751.6387370605469,601.4210205078125,899.6015167236328
1760791365716077300,752.5910773925781,603.1068725585938,899.4174194335938
1760791366668317400,753.5433173828125,605.0912475585938,899.2011260986328
1760791367620623400,754.4956232910156,607.2130126953125,898.9696502685547
1760791368572864300,755.4478642578125,609.4563598632812,898.7248992919922
1760791369525074200,756.40007421875,611.7208251953125,898.4783935546875
1760791370477403100,757.3524030761719,614.1517333984375,898.2134246826172
1760791371429799400,758.3047993164063,616.6962890625,897.9361724853516
1760791372382007300,759.2570073242188,619.2593383789062,897.6569366455078
1760791373334353200,760.2093532714844,621.6585693359375,897.3956298828125
1760791374286813200,761.1618132324219,623.978515625,897.1430206298828
1760791375239430100,762.1144301757812,626.1954345703125,896.9019317626953
1760791376191951400,763.0669514160156,628.2987060546875,896.6728973388672
1760791377144456200,764.0194562988281,630.2434692382812,896.4612579345703
1760791378096933400,764.9719333496093,632.2384033203125,896.2443542480469
1760791379049381400,765.9243813476562,634.2386474609375,896.0266876220703
1760791380001783300,766.876783203125,636.1728515625,895.8164978027344
1760791380954109200,767.8291091308594,637.9827880859375,895.6197357177734
1760791381906277000,768.7812770996094,639.8192138671875,895.4201507568359
1760791382858576400,769.7335764160156,641.560546875,895.2308654785156
1760791383810953500,770.6859533691406,643.2647705078125,895.0455474853516
1760791384763156200,771.63815625,644.9664306640625,894.8607635498047
1760791385715364000,772.5903640136719,646.604736328125,894.6829223632812
1760791386667737300,773.5427373046875,648.005126953125,894.5307922363281
1760791387619878400,774.4948784179687,649.2734375,894.3928527832031
1760791388572138200,775.4471381835938,650.3858642578125,894.2720031738281
1760791389524469200,776.3994692382812,651.4454345703125,894.1572570800781
1760791390476696300,777.3516962890625,652.2275390625,894.0721893310547
1760791391428904200,778.303904296875,652.9119873046875,893.9978790283203
1760791392381172200,779.2561721191406,653.4588623046875,893.9385223388672
1760791393333461200,780.2084611816406,653.88427734375,893.8924407958984
1760791394285620200,781.1606201171875,654.2542724609375,893.8520812988281
1760791395237872400,782.1128723144532,654.91748046875,893.7802886962891
1760791396190074000,783.06507421875,655.91357421875,893.6720275878906
1760791397142267100,784.0172670898437,657.2347412109375,893.5287475585938
1760791398094633200,784.9696333007812,658.82275390625,893.3565521240234
1760791399046837200,785.9218371582032,660.7015380859375,893.1528472900391
1760791399999168300,786.8741682128906,663.0557861328125,892.8973388671875
1760791400951533300,787.826533203125,665.658447265625,892.6150512695312
1760791401903832300,788.7788322753906,668.7236328125,892.2829437255859
1760791402856097300,789.7310971679688,672.2034912109375,891.9057464599609
1760791403808407300,790.6834072265625,676.0401611328125,891.4902496337891
1760791404760626400,791.6356264648438,679.823974609375,891.0806274414062
1760791405712898300,792.5878981933594,683.599853515625,890.6719207763672
1760791406665127200,793.5401271972656,687.1722412109375,890.2851867675781
1760791407617406500,794.4924064941406,690.4276123046875,889.9333190917969
1760791408569616400,795.4446164550782,693.2496337890625,889.6281433105469
1760791409521532400,796.3965324707032,695.72802734375,889.3600463867188
1760791410473543200,797.3485432128906,697.8974609375,889.1255187988281
1760791411425660400,798.3006604003906,699.6123046875,888.9402770996094
1760791412377774300,799.2527744140625,701.1739501953125,888.7715148925781
1760791413329659100,800.2046591796875,702.5294189453125,888.6251831054688
1760791414281536300,801.1565363769531,703.7818603515625,888.4898376464844
1760791415233479200,802.1084792480468,704.92333984375,888.3664703369141
1760791416185475300,803.0604753417969,706.1705322265625,888.2320404052734
1760791417137352200,804.0123522949219,707.3621826171875,888.1031799316406
1760791418089299200,804.9642993164063,708.5169677734375,887.978515625
1760791419041150200,805.9161501464844,709.7349853515625,887.8471374511719
1760791419993062100,806.8680622558594,710.93994140625,887.7170562744141
1760791420945058300,807.8200583496093,712.324462890625,887.5675201416016
1760791421897022200,808.7720222167969,714.057861328125,887.3805999755859
1760791422848785200,809.72378515625,716.0765380859375,887.1626281738281
1760791423800709000,810.6757092285156,718.417724609375,886.9103240966797
1760791424752612400,811.6276123046875,721.1207275390625,886.6188049316406
1760791425704547000,812.5795471191407,724.1197509765625,886.2953948974609
1760791426656439300,813.5314392089844,727.1162109375,885.9726715087891
1760791427608493300,814.4834934082031,730.1258544921875,885.6481170654297
1760791428560672300,815.4356723632812,733.0958251953125,885.3282928466797
1760791429512793300,816.3877934570312,735.9573974609375,885.0202178955078
1760791430464892200,817.3398920898437,738.5205078125,884.7443389892578
1760791431416930300,818.2919304199219,740.85888671875,884.4926452636719
1760791432368826000,819.243826171875,742.967529296875,884.2656707763672
1760791433320864300,820.1958642578124,744.6533203125,884.08447265625
1760791434272686300,821.1476862792969,745.9559326171875,883.9443969726562
1760791435224635400,822.0996354980468,747.1343994140625,883.8175201416016
1760791436176338200,823.0513381347656,748.336669921875,883.6882019042969
1760791437128071400,824.0030715332031,749.5653076171875,883.5561370849609
1760791438079735300,824.9547353515625,750.9578857421875,883.4062957763672
1760791439031416000,825.906416015625,752.5828857421875,883.2317352294922
1760791439983127300,826.8581271972656,754.31884765625,883.0451202392578
1760791440934916400,827.8099162597656,756.068115234375,882.8571319580078
1760791441886745000,828.7617451171875,757.8966064453125,882.6606750488281
1760791442838489300,829.7134892578125,759.8175048828125,882.4543762207031
1760791443790213400,830.6652133789063,761.8388671875,882.2373199462891
1760791444741921300,831.6169213867188,763.870849609375,882.0191192626953
1760791445693552000,832.5685522460938,766.01904296875,881.7884063720703
1760791446645226200,833.5202263183594,768.2412109375,881.5498352050781
1760791447596917200,834.4719172363282,770.37890625,881.3204956054688
1760791448548534300,835.4235341796875,772.2021484375,881.1249542236328
1760791449500098300,836.3750983886719,773.8482666015625,880.9483337402344
1760791450451747000,837.3267470703125,775.09814453125,880.8143615722656
1760791451403373300,838.2783732910157,775.917236328125,880.7263946533203
1760791452355125200,839.2301252441406,776.553955078125,880.6581878662109
1760791453306799000,840.1817990722657,777.214599609375,880.587158203125
1760791454258576100,841.133576171875,777.82763671875,880.5216217041016
1760791455210540300,842.0855402832032,778.630859375,880.4354095458984
1760791456162447000,843.0374470214844,779.6085205078125,880.3305816650391
1760791457114053400,843.9890534667969,780.8055419921875,880.2024078369141
1760791458065784300,844.9407844238282,782.2587890625,880.0464630126953
1760791459017487400,845.8924873046875,783.96044921875,879.8640441894531
1760791459969295400,846.8442954101563,785.83642578125,879.6633148193359
1760791460921079000,847.7960791015626,787.78125,879.4548034667969
1760791461872916200,848.7479162597656,789.5145263671875,879.2692565917969
1760791462824576300,849.699576171875,790.9783935546875,879.1124725341797
1760791463776221200,850.6512211914062,792.363037109375,878.9642333984375
1760791464727709200,851.6027092285157,793.596923828125,878.8320159912109
1760791465679125200,852.5541252441407,794.822998046875,878.7008666992188
1760791466630641200,853.5056411132813,796.223388671875,878.551025390625
1760791467582363400,854.45736328125,797.7401123046875,878.3887481689453
1760791468534033400,855.4090334472656,799.328125,878.2186126708984
1760791469485554200,856.3605541992188,800.86865234375,878.0538940429688
1760791470436993300,857.3119931640625,802.5333251953125,877.8758239746094
1760791471388519200,858.2635192871094,804.4595947265625,877.669677734375
1760791472340197400,859.215197265625,806.6077880859375,877.4400329589844
1760791473291853300,860.1668532714843,808.803466796875,877.2052001953125
1760791474243556400,861.1185563964843,811.2449951171875,876.9443511962891
1760791475195230200,862.0702302246094,813.638916015625,876.6884613037109
1760791476146802200,863.0218022460938,815.7818603515625,876.4596557617188
1760791477098414000,863.9734140625,817.71875,876.2527465820312
1760791478049931300,864.9249311523438,819.5234375,876.0601806640625
1760791479001529300,865.876529296875,821.0982666015625,875.8917999267578
1760791479953161200,866.8281611328125,822.6070556640625,875.7307434082031
1760791480904871200,867.77987109375,824.073486328125,875.5741882324219
1760791481856461300,868.7314614257813,825.5848388671875,875.4129791259766
1760791482807993000,869.6829931640625,827.027587890625,875.2591705322266
1760791483759559200,870.6345590820313,828.5706787109375,875.0944519042969
1760791484711192300,871.5861923828126,830.013427734375,874.9404907226562
1760791485662761200,872.5377612304687,831.3927001953125,874.7934722900391
1760791486614238200,873.48923828125,832.6610107421875,874.6581268310547
1760791487565872000,874.4408720703125,833.96630859375,874.51904296875
1760791488517470500,875.3924704589843,835.1949462890625,874.3878173828125
1760791489469036300,876.3440363769531,836.537353515625,874.2448425292969
1760791490420520200,877.2955202636718,838.1728515625,874.0703582763672
1760791491372031200,878.24703125,840.083251953125,873.8669586181641
1760791492323502300,879.1985024414063,842.2447509765625,873.6366271972656
1760791493274954200,880.1499543457031,844.564697265625,873.3894348144531
1760791494226436400,881.1014362792969,846.9849853515625,873.1317138671875
1760791495177923300,882.0529233398438,849.265380859375,872.8887176513672
1760791496129448200,883.0044482421876,851.416259765625,872.6599884033203
1760791497081000400,883.9560004882812,853.400634765625,872.4485015869141
1760791498032553200,884.9075532226562,855.3743896484375,872.2385406494141
1760791498984162300,885.8591623535157,857.3773193359375,872.0255279541016
1760791499935697400,886.8106975097656,859.41455078125,871.8088531494141
1760791500887221200,887.7622211914063,861.4649658203125,871.5906524658203
1760791501838790100,888.7137900390625,863.4810791015625,871.3763427734375
1760791502790303200,889.6653032226562,865.48388671875,871.1634826660156
1760791503741665300,890.6166652832031,867.4471435546875,870.9548187255859
1760791504693211400,891.5682114257812,869.45263671875,870.7415771484375
1760791505644596200,892.5195961914062,871.5692138671875,870.5168914794922
1760791506596217000,893.4712170410156,873.9921875,870.2594757080078
1760791507547748400,894.4227482910156,876.512939453125,869.9919128417969
1760791508499231200,895.3742312011718,878.9676513671875,869.7309875488281
1760791509450807300,896.3258073730469,881.2955322265625,869.4841766357422
1760791510402425300,897.2774252929687,883.5072021484375,869.2494201660156
1760791511353974300,898.2289743652344,885.348876953125,869.0540313720703
1760791512305522200,899.1805222167969,886.9554443359375,868.8835906982422
1760791513257046300,900.1320463867188,888.5487060546875,868.7144470214844
1760791514208854300,901.0838542480469,890.2476806640625,868.5343933105469
1760791515160637400,902.0356374511719,891.9942626953125,868.3492279052734
1760791516112315100,902.9873151855469,893.8492431640625,868.1525421142578
1760791517064152300,903.93915234375,895.7701416015625,867.9489135742188
1760791518015841300,904.8908413085937,897.6568603515625,867.7489471435547
1760791518967469300,905.8424692382813,899.45361328125,867.5586700439453
1760791519919249400,906.7942495117187,901.1473388671875,867.3793029785156
1760791520871124200,907.7461242675781,902.796142578125,867.2046661376953
1760791521823000300,908.6980002441406,904.4554443359375,867.02880859375
1760791522774945300,909.6499453125,906.138671875,866.8505096435547
1760791523726734000,910.6017341308594,907.8984375,866.6643524169922
1760791524678484200,911.5534841308594,909.7296142578125,866.4704895019531
1760791525630357200,912.5053571777344,911.5924072265625,866.2734985351562
1760791526582141200,913.4571411132813,913.5345458984375,866.0678100585938
1760791527533846300,914.4088461914063,915.672119140625,865.8418273925781
1760791528485646300,915.3606462402344,917.944580078125,865.6015777587891
1760791529437409300,916.3124091796875,920.3173828125,865.3504943847656
1760791530389272300,917.2642722167968,922.7587890625,865.0924682617188
1760791531340967200,918.2159672851562,925.1553955078125,864.8393249511719
1760791532292557300,919.1675573730469,927.390869140625,864.6030426025391
1760791533244098300,920.1190983886719,929.4862060546875,864.3815612792969
1760791534195673300,921.0706733398438,931.5286865234375,864.1660308837891
1760791535147155200,922.0221552734375,933.5474853515625,863.95263671875
1760791536098617300,922.9736174316406,935.6058349609375,863.7352752685547
1760791537050079200,923.9250793457031,937.701171875,863.514404296875
1760791538001462300,924.8764621582031,939.7252197265625,863.3007049560547
1760791538952815400,925.8278154296875,941.5140380859375,863.1118011474609
1760791539904244200,926.779244140625,943.0228271484375,862.952880859375
1760791540855506200,927.7305061035156,944.203857421875,862.8281402587891
1760791541806742300,928.6817421875,945.08642578125,862.7351379394531
1760791542757880300,929.6328803710937,945.7919921875,862.6607513427734
1760791543708942000,930.5839421386719,946.476318359375,862.5886535644531
1760791544660144400,931.5351442871093,947.2373046875,862.5083923339844
1760791545611391200,932.4863911132812,948.17529296875,862.4092864990234
1760791546562507300,933.4375073242187,949.3353271484375,862.2872161865234
1760791547513989000,934.3889890136719,950.701416015625,862.1430969238281
1760791548465499100,935.3404990234375,952.416259765625,861.9622802734375
1760791549416755200,936.2917551269531,954.606689453125,861.7314910888672
1760791550368384300,937.2433842773437,957.0799560546875,861.4710235595703
1760791551319985200,938.1949851074219,959.8173828125,861.1825561523438
1760791552271547400,939.1465473632812,962.626220703125,860.8869171142578
1760791553223244300,940.0982443847656,965.3292236328125,860.6022644042969
1760791554174902300,941.04990234375,967.789306640625,860.3434753417969
1760791555126444300,942.0014443359375,970.146240234375,860.0954437255859
1760791556077858300,942.9528583984375,972.3155517578125,859.8674011230469
1760791557029122300,943.9041223144532,974.39501953125,859.6486663818359
1760791557980418300,944.8554182128906,976.3900146484375,859.4387817382812
1760791558931693300,945.806693359375,978.2105712890625,859.2473602294922
1760791559882784300,946.7577841796875,979.8223876953125,859.0781402587891
1760791560834050300,947.7090502929688,981.243896484375,858.9286041259766
1760791561785248300,948.6602482910156,982.57568359375,858.7885284423828
1760791562736491300,949.6114912109375,983.870361328125,858.6527252197266
1760791563687785200,950.56278515625,985.1043701171875,858.52294921875
1760791564639143200,951.5141430664063,986.335693359375,858.3936309814453
1760791565590374100,952.4653740234374,987.664794921875,858.2541656494141
1760791566541638400,953.4166384277344,989.173583984375,858.0955505371094
1760791567492882200,954.3678820800782,990.8382568359375,857.9208374023438
1760791568444054300,955.3190541992187,992.711669921875,857.7240753173828
1760791569395166200,956.2701662597656,994.7593994140625,857.5091552734375
1760791570346412300,957.2214123535156,997.0845947265625,857.2652435302734
1760791571297617200,958.1726171875,999.5023193359375,857.0114898681641
1760791572248668200,959.1236682128906,1002.2371826171875,856.724853515625
1760791573199541200,960.0745412597656,1005.228271484375,856.4110565185547
1760791574150504400,961.0255043945313,1008.510009765625,856.0672760009766
1760791575101606400,961.9766064453125,1011.8658447265625,855.7154846191406
1760791576052724500,962.9277243652343,1015.2506103515625,855.3610229492188
1760791577003833300,963.8788332519531,1018.44775390625,855.0260162353516
1760791577954815200,964.8298151855469,1021.33056640625,854.7244262695312
1760791578905712400,965.7807124023437,1023.811767578125,854.4646453857422
1760791579856751000,966.7317512207031,1025.95458984375,854.2404937744141
1760791580807844000,967.6828439941406,1027.7646484375,854.0512847900391
1760791581758727400,968.6337275390625,1029.2205810546875,853.89892578125
1760791582709593300,969.5845932617187,1030.44921875,853.7703704833984
1760791583660682200,970.5356821289063,1031.5933837890625,853.6508941650391
1760791584611640300,971.4866403808594,1032.6529541015625,853.5399627685547
1760791585562719200,972.4377192382813,1033.7071533203125,853.4296417236328
1760791586513788200,973.3887880859374,1034.8302001953125,853.3123016357422
1760791587464723500,974.3397233886719,1036.0826416015625,853.1813049316406
1760791588415747000,975.2907470703125,1037.4539794921875,853.0381011962891
1760791589366773200,976.2417731933593,1038.9654541015625,852.8802490234375
1760791590317760300,977.1927602539063,1040.5877685546875,852.7107238769531
1760791591268753400,978.1437534179687,1042.3211669921875,852.5294494628906
1760791592219671300,979.0946713867188,1044.123291015625,852.3412322998047
1760791593170533000,980.045533203125,1045.9886474609375,852.1466064453125
1760791594121435100,980.9964350585938,1047.880615234375,851.9489288330078
1760791595072234200,981.9472341308593,1049.7724609375,851.7514038085938
1760791596022936300,982.8979362792969,1051.7119140625,851.5489959716797
1760791596973554400,983.8485544433594,1053.712158203125,851.34033203125
1760791597924292400,984.7992922363281,1055.881591796875,851.1139678955078
1760791598875059500,985.7500595703125,1058.0535888671875,850.887451171875
1760791599825812200,986.7008122558593,1060.3153076171875,850.6517028808594
1760791600776431400,987.6514313964843,1062.5296630859375,850.4207611083984
1760791601727237000,988.6022370605468,1064.5880126953125,850.2063751220703
1760791602677948200,989.5529482421875,1066.32666015625,850.0251007080078
1760791603628698400,990.5036984863282,1067.9332275390625,849.8576354980469
1760791604579264300,991.4542641601563,1069.426025390625,849.7022247314453
1760791605529881300,992.4048813476562,1070.921630859375,849.5463562011719
1760791606480617200,993.3556171875,1072.53076171875,849.378662109375
1760791607431195100,994.3061950683593,1074.2906494140625,849.1956329345703
1760791608381810200,995.2568100585937,1076.2088623046875,848.9958190917969
1760791609332444200,996.2074440917969,1078.1854248046875,848.7901306152344
1760791610283024400,997.1580244140625,1080.1248779296875,848.5883331298828
1760791611233662500,998.1086623535156,1082.0087890625,848.3922576904297
1760791612184205300,999.0592053222656,1083.8663330078125,848.1989288330078
1760791613134759200,1000.0097592773437,1085.6552734375,848.0130004882812
1760791614085351200,1000.9603510742188,1087.367431640625,847.8350067138672
1760791615035941400,1001.91094140625,1089.0452880859375,847.6603698730469
1760791615986464300,1002.8614643554688,1090.67822265625,847.4905395507812
1760791616936860400,1003.8118603515625,1092.2689208984375,847.3252105712891
1760791617887408400,1004.7624084472657,1093.7935791015625,847.1669769287109
1760791618837725200,1005.7127250976563,1095.24951171875,847.0154571533203
1760791619788110300,1006.6631103515625,1096.6314697265625,846.8719482421875
1760791620738610200,1007.6136101074219,1097.9420166015625,846.7359161376953
1760791621689167400,1008.5641674804688,1099.1759033203125,846.6075134277344
1760791622639854000,1009.5148540039063,1100.378173828125,846.4826202392578
1760791623590531300,1010.46553125,1101.5936279296875,846.3566589355469
1760791624541124400,1011.4161242675781,1102.8804931640625,846.2230682373047
1760791625491679200,1012.3666791992188,1104.22802734375,846.0829925537109
1760791626442152200,1013.3171520996094,1105.6153564453125,845.9391784667969
1760791627392537300,1014.2675373535156,1107.063232421875,845.7888031005859
1760791628342900200,1015.2179001464843,1108.5032958984375,845.6391143798828
1760791629293241300,1016.1682414550781,1109.932861328125,845.4911041259766
1760791630243489300,1017.1184892578125,1111.3253173828125,845.3464508056641
1760791631193806000,1018.0688061523438,1112.70458984375,845.2033996582031
1760791632144001300,1019.0190012207031,1113.9306640625,845.0762176513672
1760791633094379300,1019.9693791503906,1115.0853271484375,844.9564361572266
1760791634044799200,1020.9197993164063,1116.1607666015625,844.8450469970703
1760791634995246000,1021.87024609375,1117.16748046875,844.7405242919922
1760791635945820400,1022.8208203125,1118.1875,844.6349334716797
1760791636896225300,1023.7712253417968,1119.225830078125,844.5272827148438
1760791637846717400,1024.721717529297,1120.4228515625,844.4031524658203
1760791638796911400,1025.6719113769532,1121.7281494140625,844.2678833007812
1760791639747320000,1026.6223200683594,1123.199951171875,844.1153717041016
1760791640697816300,1027.57281640625,1124.7720947265625,843.9523315429688
1760791641648077300,1028.5230773925782,1126.4605712890625,843.7773895263672
1760791642598317300,1029.4733173828124,1128.1014404296875,843.6076354980469
1760791643548574200,1030.42357421875,1129.779296875,843.4339141845703
1760791644498798300,1031.3737983398437,1131.4730224609375,843.2585906982422
1760791645448919300,1032.3239191894531,1133.2064208984375,843.0790710449219
1760791646399078400,1033.2740783691406,1135.0428466796875,842.8889465332031
1760791647349157400,1034.2241574707032,1136.9954833984375,842.6869201660156
1760791648299200300,1035.1742001953126,1139.0670166015625,842.4725341796875
1760791649249123300,1036.1241232910156,1141.1439208984375,842.2577667236328
1760791650198995500,1037.0739953613281,1143.178466796875,842.0472717285156
1760791651148857300,1038.023857421875,1145.0439453125,841.8544769287109
1760791652098734300,1038.973734375,1146.6954345703125,841.6835784912109
1760791653048703200,1039.923703125,1148.1170654296875,841.5367889404297
1760791653998638000,1040.8736381835938,1149.30078125,841.4144897460938
1760791654948587300,1041.823587158203,1150.183349609375,841.3230895996094
1760791655898506200,1042.7735063476562,1150.93896484375,841.2449645996094
1760791656848325400,1043.7233254394532,1151.6788330078125,841.1685180664062
1760791657798223400,1044.6732233886719,1152.4398193359375,841.090087890625
1760791658748083500,1045.6230834960938,1153.2139892578125,841.0099792480469
1760791659697871000,1046.57287109375,1154.0833740234375,840.9201812744141
1760791660647605200,1047.5226052246094,1155.06103515625,840.8193206787109
1760791661597428200,1048.4724282226562,1156.2025146484375,840.7012176513672
1760791662547309000,1049.4223090820312,1157.4866943359375,840.56884765625
1760791663497186300,1050.3721862792968,1158.879150390625,840.4249572753906
1760791664447093200,1051.3220932617187,1160.4249267578125,840.2653503417969
1760791665397007000,1052.272007080078,1162.063232421875,840.0962066650391
1760791666346920200,1053.2219201660157,1163.685546875,839.9287414550781
1760791667296793300,1054.1717934570313,1165.2735595703125,839.7649383544922
1760791668246808300,1055.1218083496094,1166.938232421875,839.5932006835938
1760791669196868000,1056.0718681640626,1168.639892578125,839.4175720214844
1760791670146795300,1057.0217951660156,1170.34423828125,839.2417144775391
1760791671096625400,1057.9716254882812,1172.0352783203125,839.0674591064453
1760791672046558500,1058.9215583496093,1173.72900390625,838.8926696777344
1760791672996261400,1059.8712614746094,1175.3804931640625,838.7224578857422
1760791673945765400,1060.8207653808595,1177.0107421875,838.5545349121094
1760791674895287300,1061.7702873535156,1178.7335205078125,838.3769226074219
1760791675844905500,1062.7199055175781,1180.4351806640625,838.2016754150391
1760791676794582300,1063.6695822753907,1182.1209716796875,838.0279541015625
1760791677744332300,1064.6193322753907,1183.7196044921875,837.8633880615234
1760791678693947400,1065.5689475097656,1185.3050537109375,837.6999664306641
1760791679643523300,1066.5185234375,1186.7979736328125,837.5462341308594
1760791680593086200,1067.4680861816407,1188.322509765625,837.3893737792969
1760791681542707200,1068.4177072753905,1189.8868408203125,837.2282409667969
1760791682492190500,1069.3671904296875,1191.564697265625,837.0555877685547
1760791683441673200,1070.3166730957032,1193.3033447265625,836.8766784667969
1760791684391173400,1071.2661733398438,1195.1107177734375,836.6905975341797
1760791685340608300,1072.215608154297,1196.9259033203125,836.5040588378906
1760791686290065400,1073.1650654296875,1198.70947265625,836.3205718994141
1760791687239495200,1074.1144951171875,1200.3582763671875,836.1510467529297
1760791688188928300,1075.0639282226562,1201.7349853515625,836.009521484375
1760791689138322400,1076.0133225097657,1202.7918701171875,835.9009552001953
1760791690087859200,1076.9628591308594,1203.634765625,835.814208984375
1760791691037309200,1077.9123090820312,1204.3428955078125,835.7415008544922
1760791691986644200,1078.8616442871094,1205.162109375,835.6571960449219
1760791692936008200,1079.8110083007812,1206.205810546875,835.5497741699219
1760791693885326300,1080.7603264160157,1207.56396484375,835.4104614257812
1760791694834626300,1081.709626220703,1209.1202392578125,835.2504730224609
1760791695783936300,1082.6589362792968,1210.80078125,835.0778198242188
1760791696733024300,1083.608024169922,1212.4892578125,834.9044799804688
1760791697682114300,1084.5571142578126,1214.1195068359375,834.7368621826172
1760791698631117300,1085.5061174316406,1215.61767578125,834.5832061767578
1760791699580175000,1086.455175048828,1216.9705810546875,834.4441223144531
1760791700529263400,1087.4042634277343,1218.2706298828125,834.3109130859375
1760791701478133200,1088.3531333007813,1219.4781494140625,834.1869354248047
1760791702427173400,1089.3021733398436,1220.603759765625,834.0714263916016
1760791703376072200,1090.251072265625,1221.7135009765625,833.9573669433594
1760791704324913200,1091.1999130859374,1222.8946533203125,833.8362121582031
1760791705273691100,1092.1486911621093,1224.218505859375,833.7004852294922
1760791706222484200,1093.0974841308594,1225.542236328125,833.5646057128906
1760791707171360300,1094.0463603515625,1226.934814453125,833.4218597412109
1760791708120212200,1094.9952121582032,1228.4541015625,833.2660675048828
1760791709068899000,1095.943899169922,1230.1029052734375,833.096923828125
1760791710017772300,1096.8927722167969,1231.69091796875,832.9341888427734
1760791710966462500,1097.8414624023437,1233.15478515625,832.7841949462891
1760791711915146200,1098.7901462402344,1234.55517578125,832.6408386230469
1760791712863781000,1099.7387810058594,1236.0904541015625,832.4832916259766
1760791713812359400,1100.687359375,1237.8502197265625,832.3032379150391
1760791714760997400,1101.635997314453,1239.8477783203125,832.0986175537109
1760791715709781200,1102.58478125,1242.051513671875,831.8726348876953
1760791716658298400,1103.5332983398437,1244.4322509765625,831.6288757324219
1760791717606785300,1104.4817854003907,1246.7996826171875,831.3867950439453
1760791718555488300,1105.43048828125,1249.0140380859375,831.1601257324219
1760791719504230100,1106.3792302246093,1251.0882568359375,830.9479522705078
1760791720452832300,1107.3278322753906,1253.167724609375,830.7350921630859
1760791721401375200,1108.2763752441406,1255.197021484375,830.5274963378906
1760791722350009000,1109.2250090332032,1257.1021728515625,830.3326416015625
1760791723298747400,1110.173747314453,1258.851318359375,830.1540374755859
1760791724247479300,1111.1224792480468,1260.447265625,829.9906921386719
1760791725196080000,1112.071080078125,1261.89794921875,829.8426055908203
1760791726144675300,1113.0196752929687,1263.3221435546875,829.6968841552734
1760791727093272300,1113.9682722167968,1264.778076171875,829.5481109619141
1760791728041783300,1114.916783203125,1266.2313232421875,829.3997192382812
1760791728990331100,1115.8653310546874,1267.7532958984375,829.2443084716797
1760791729938745300,1116.813745361328,1269.415283203125,829.0744781494141
1760791730887198200,1117.7621982421874,1271.296630859375,828.8823699951172
1760791731835624200,1118.7106242675782,1273.2889404296875,828.6790466308594
1760791732784122000,1119.6591220703126,1275.3367919921875,828.4701538085938
1760791733732655400,1120.6076552734376,1277.3184814453125,828.2679748535156
1760791734681223200,1121.5562231445313,1279.1285400390625,828.0832672119141
1760791735629695200,1122.5046953125,1280.76416015625,827.9163360595703
1760791736578166300,1123.4531662597656,1282.283447265625,827.76123046875
1760791737526535200,1124.40153515625,1283.71826171875,827.6150512695312
1760791738474868200,1125.3498681640624,1285.18994140625,827.4648284912109
1760791739423156200,1126.29815625,1286.733154296875,827.3076629638672
1760791740371414300,1127.2464143066406,1288.434814453125,827.1342468261719
1760791741319891200,1128.1948911132813,1290.1787109375,826.9563293457031
1760791742268403200,1129.1434033203125,1292.0177001953125,826.7691040039062
1760791743216850200,1130.0918500976563,1294.0919189453125,826.5576934814453
1760791744165143300,1131.040143310547,1296.462158203125,826.3163757324219
1760791745113444400,1131.9884443359374,1298.9749755859375,826.0603332519531
1760791746061757400,1132.9367573242187,1301.6331787109375,825.7898712158203
1760791747010099200,1133.8850991210938,1304.55029296875,825.4927825927734
1760791747958463200,1134.8334631347657,1307.488525390625,825.194091796875
1760791748906889200,1135.7818891601562,1310.2894287109375,824.9090576171875
1760791749855192000,1136.7301921386718,1312.9317626953125,824.6404266357422
1760791750803527400,1137.67852734375,1315.4022216796875,824.3891143798828
1760791751751982300,1138.626982421875,1317.4632568359375,824.1796112060547
1760791752700255200,1139.5752551269532,1319.0142822265625,824.022216796875
1760791753648579300,1140.5235793457032,1320.0606689453125,823.9156341552734
1760791754596750300,1141.4717502441406,1320.499267578125,823.8712310791016
1760791755544951300,1142.4199514160157,1320.499267578125,823.8712310791016
1760791756493282300,1143.3682822265625,1319.962890625,823.9257049560547
1760791757441472300,1144.3164721679686,1319.05126953125,824.0182495117188
1760791758389680400,1145.264680419922,1317.7777099609375,824.1476440429688
1760791759337823200,1146.2128232421876,1316.263671875,824.3016815185547
1760791760285964300,1147.1609643554686,1314.7786865234375,824.4525146484375
1760791761234120400,1148.1091203613282,1312.9449462890625,824.6390533447266
1760791762182356500,1149.0573564453125,1310.9578857421875,824.8410034179688
1760791763130831400,1150.005831298828,1309.1822509765625,825.0215911865234
1760791764079157200,1150.9541572265625,1307.2718505859375,825.216064453125
1760791765027453200,1151.902453125,1305.0338134765625,825.4438018798828
1760791765975712300,1152.8507121582031,1303.5673828125,825.5930328369141
1760791766923930000,1153.7989301757812,1303.26611328125,825.6236267089844
1760791767872172300,1154.7471723632812,1303.26611328125,825.6236267089844
1760791768820466200,1155.695466064453,1303.31103515625,825.6191253662109
1760791769768792000,1156.6437919921875,1303.7337646484375,825.5759429931641
1760791770717234400,1157.592234375,1303.7337646484375,825.5759429931641
1760791771665522400,1158.5405224609376,1303.6201171875,825.5876159667969
1760791772613972200,1159.4889721679688,1302.81689453125,825.6692504882812
1760791773562405400,1160.4374052734374,1302.3095703125,825.7209777832031
1760791774510792200,1161.3857922363281,1301.96875,825.7555389404297
1760791775459047400,1162.3340473632813,1301.66748046875,825.7863616943359
1760791776407468300,1163.2824682617188,1301.3134765625,825.8223724365234
1760791777355925200,1164.2309252929688,1300.9091796875,825.8634185791016
1760791778304481300,1165.179481201172,1300.4652099609375,825.9085845947266
1760791779253066200,1166.1280661621095,1300.0635986328125,825.9495544433594
1760791780201666300,1167.0766662597657,1299.74658203125,825.9818267822266
1760791781150301200,1168.0253012695312,1299.5535888671875,826.0015106201172
1760791782098853400,1168.9738532714844,1299.474365234375,826.0094451904297
1760791783047403300,1169.9224033203125,1299.474365234375,826.0094451904297
1760791783996035300,1170.8710354003906,1299.474365234375,826.0094451904297
1760791784944653300,1171.8196533203125,1299.429443359375,826.0141754150391
1760791785893319400,1172.7683193359376,1299.2286376953125,826.0345458984375
1760791786842019300,1173.7170192871095,1298.861328125,826.0719299316406
1760791787790802200,1174.6658022460938,1298.356689453125,826.1233520507812
1760791788739532300,1175.6145322265625,1297.6907958984375,826.1911010742188
1760791789688174300,1176.5631743164063,1296.93505859375,826.268310546875
1760791790636872200,1177.5118720703124,1296.1529541015625,826.3478851318359
1760791791585627400,1178.4606274414064,1295.431640625,826.4212036132812
1760791792534377200,1179.4093771972657,1294.802734375,826.4853668212891
1760791793483103200,1180.3581032714844,1294.3271484375,826.5337371826172
1760791794431938000,1181.3069379882813,1293.965087890625,826.5705871582031
1760791795380638500,1182.2556384277343,1293.64013671875,826.6038513183594
1760791796329221400,1183.204221435547,1293.233154296875,826.6452789306641
1760791797277769200,1184.1527692871093,1292.6651611328125,826.7031097412109
1760791798226452200,1185.1014521484376,1291.8935546875,826.7816162109375
1760791799175046100,1186.0500461425781,1290.849853515625,826.8881225585938
1760791800123782100,1186.9987822265625,1289.592041015625,827.0161437988281
1760791801072473300,1187.9474733886718,1288.1943359375,827.1585845947266
1760791802021263400,1188.8962634277343,1286.8123779296875,827.2996520996094
1760791802970109200,1189.8451091308593,1285.538818359375,827.4294281005859
1760791803918948000,1190.7939479980469,1284.479248046875,827.5373840332031
1760791804867709200,1191.7427092285157,1283.62841796875,827.6241302490234
1760791805816458200,1192.6914582519532,1282.9334716796875,827.6951599121094
1760791806765089300,1193.6400893554687,1282.251708984375,827.7645111083984
1760791807713674200,1194.5886743164062,1281.5224609375,827.8390502929688
1760791808662270200,1195.5372702636719,1280.6795654296875,827.9250335693359
1760791809610997200,1196.485997314453,1279.6649169921875,828.028564453125
1760791810559733200,1197.434733154297,1278.44677734375,828.1527709960938
1760791811508489500,1198.3834895019531,1276.9803466796875,828.3022308349609
1760791812457266400,1199.332266357422,1275.315673828125,828.4722137451172
1760791813406108400,1200.2811083984375,1273.4976806640625,828.6577606201172
1760791814355009300,1201.2300092773437,1271.6322021484375,828.8482666015625
1760791815303730200,1202.1787302246094,1269.8619384765625,829.0291595458984
1760791816252419300,1203.1274194335938,1268.34521484375,829.1839599609375
1760791817201123300,1204.0761232910156,1267.1561279296875,829.3053436279297
1760791818149983200,1205.024983154297,1266.3529052734375,829.3875122070312
1760791819098868500,1205.973868408203,1265.8746337890625,829.4361114501953
1760791820047680300,1206.9226801757814,1265.5628662109375,829.4682312011719
1760791820996485000,1207.871485107422,1265.253662109375,829.4995880126953
1760791821945398300,1208.8203981933593,1264.8123779296875,829.5448303222656
1760791822894281200,1209.76928125,1264.2628173828125,829.600830078125
1760791823843119400,1210.7181193847657,1263.102783203125,829.7193908691406
1760791824791860200,1211.6668601074218,1261.406494140625,829.8928833007812
1760791825740524300,1212.6155241699219,1259.467041015625,830.0910186767578
1760791826689205200,1213.5642053222657,1257.6728515625,830.2743530273438
1760791827637725400,1214.5127253417968,1256.076904296875,830.4375457763672
1760791828586364200,1215.4613642578124,1255.408447265625,830.5059051513672
1760791829534954200,1216.4099543457032,1255.408447265625,830.5059051513672
1760791830483517200,1217.3585170898436,1256.211669921875,830.4238128662109
1760791831432093400,1218.3070935058595,1257.297607421875,830.3128814697266
1760791832380649200,1219.255649169922,1258.2965087890625,830.2108001708984
1760791833329471200,1220.2044711914064,1258.632080078125,830.1763153076172
1760791834278407400,1221.153407470703,1258.632080078125,830.1763153076172
1760791835227317200,1222.1023171386719,1257.2183837890625,830.3208923339844
1760791836176273400,1223.0512734375,1253.8468017578125,830.6658172607422
1760791837125167400,1224.0001674804687,1247.642578125,831.3005065917969
1760791838073961200,1224.9489611816407,1237.8052978515625,832.3078155517578
1760791839022893300,1225.8978933105468,1223.79833984375,833.7435913085938
1760791839971746300,1226.8467463378906,1205.5848388671875,835.6135559082031
1760791840920477200,1227.795477294922,1184.314208984375,837.8022003173828
1760791841869231000,1228.744231201172,1162.4727783203125,840.0540161132812
1760791842818023200,1229.6930231933593,1143.3106689453125,842.0336151123047
1760791843766744300,1230.6417443847656,1129.5732421875,843.4551239013672
1760791844715417300,1231.5904172363282,1129.5732421875,843.4551239013672
1760791845664214300,1232.5392143554689,1131.1427001953125,843.2926940917969
1760791846612878300,1233.4878784179687,1147.345458984375,841.6163635253906
1760791847561640200,1234.4366401367188,1169.0335693359375,839.3769836425781
1760791848510311400,1235.3853115234374,1191.6571044921875,837.0461273193359
1760791849458925300,1236.3339252929688,1210.44140625,835.11474609375
1760791850407579100,1237.2825791015625,1219.113525390625,834.2243957519531
1760791851356439300,1238.2314392089843,1219.113525390625,834.2243957519531
1760791852305374500,1239.1803745117188,1206.469970703125,835.5228424072266
1760791853254042000,1240.1290419921875,1184.3035888671875,837.8030395507812
1760791854202939400,1241.077939453125,1155.2301025390625,840.8018493652344
1760791855151802400,1242.0268022460937,1121.9686279296875,844.2430114746094
1760791856100637200,1242.9756372070312,1087.8114013671875,847.7887725830078
1760791857049495300,1243.9244953613281,1056.7218017578125,851.0263061523438
1760791857998170400,1244.8731704101563,1031.8443603515625,853.6243438720703
1760791858946931500,1245.8219313964844,1015.6680908203125,855.3173065185547
1760791859895775200,1246.7707751464843,1015.6680908203125,855.3173065185547
1760791860844575200,1247.7195751953125,1020.0833740234375,854.8548126220703
1760791861793169200,1248.6681691894532,1039.5916748046875,852.8147125244141
1760791862741839000,1249.616839111328,1067.904052734375,849.86083984375
1760791863690596400,1250.565596435547,1101.905517578125,846.3242340087891
1760791864639359200,1251.5143591308595,1132.7413330078125,843.1272888183594
1760791865587962000,1252.462962158203,1157.65576171875,840.5510711669922
1760791866536732200,1253.4117321777344,1175.105712890625,838.7509918212891
1760791867485404200,1254.3604040527343,1184.3775634765625,837.7954864501953
1760791868434069200,1255.3090693359375,1184.3775634765625,837.7954864501953
1760791869382611200,1256.2576110839843,1176.7042236328125,838.5861968994141
1760791870331169300,1257.206169189453,1164.465087890625,839.8483276367188
1760791871279623200,1258.154623046875,1143.062255859375,842.0592498779297
1760791872228276200,1259.103276123047,1113.8857421875,845.0807952880859
1760791873176908300,1260.051908203125,1079.802490234375,848.6217498779297
1760791874125485000,1261.0004851074218,1044.6728515625,852.2840118408203
1760791875074089200,1261.949089111328,1009.4586181640625,855.9677124023438
1760791876022771500,1262.897771484375,979.7457275390625,859.0860748291016
1760791876971226000,1263.8462260742187,957.2147216796875,861.4567565917969
1760791877919584300,1264.7945842285155,941.77294921875,863.0845642089844
1760791878867964200,1265.742964111328,937.9337158203125,863.4897613525391
1760791879816442400,1266.6914423828125,937.9337158203125,863.4897613525391
1760791880764788200,1267.639788330078,952.2392578125,861.9811248779297
1760791881712991200,1268.5879912109374,975.6580810546875,859.5156860351562
1760791882660957400,1269.5359575195312,1005.7171630859375,856.35986328125
1760791883609127200,1270.4841271972657,1037.895263671875,852.9920196533203
1760791884557042400,1271.4320424804687,1066.5142822265625,850.0056457519531
1760791885504979500,1272.3799794921874,1088.0201416015625,847.7670288085938
1760791886452830200,1273.3278303222655,1101.45361328125,846.3710784912109
1760791887400775200,1274.2757751464844,1104.6270751953125,846.0416412353516
1760791888348546300,1275.2235463867187,1104.6270751953125,846.0416412353516
1760791889296473300,1276.171473388672,1094.9588623046875,847.0455932617188
1760791890244322300,1277.119322265625,1078.3624267578125,848.7715911865234
1760791891192343300,1278.0673432617189,1054.269775390625,851.2823486328125
1760791892140402400,1279.01540234375,1024.736572265625,854.3679046630859
1760791893088381200,1279.9633811035155,992.9705810546875,857.6971435546875
1760791894036373500,1280.9113735351561,963.339599609375,860.8118438720703
1760791894984310300,1281.8593103027345,939.4530029296875,863.3293914794922
1760791895932282000,1282.8072822265624,924.6983642578125,864.8874664306641
1760791896880172300,1283.7551723632812,924.4288330078125,864.9158477783203
1760791897827920100,1284.7029201660157,924.4288330078125,864.9158477783203
1760791898775646200,1285.6506462402344,935.4366455078125,863.7533569335938
1760791899723607300,1286.5986071777343,948.8861083984375,862.3344421386719
1760791900671492400,1287.5464924316407,961.9312744140625,860.9601593017578
1760791901619221200,1288.4942211914063,972.349853515625,859.8636627197266
1760791902566849300,1289.4418493652345,978.02294921875,859.2672729492188
1760791903514545200,1290.3895451660155,980.0125732421875,859.0579986572266
1760791904462239200,1291.3372392578126,980.741943359375,858.9812469482422
1760791905409771300,1292.2847712402345,980.741943359375,858.9812469482422
1760791906357271300,1293.2322712402345,980.2530517578125,859.0328216552734
1760791907304816000,1294.1798161621093,978.0626220703125,859.2631530761719
1760791908252222200,1295.1272221679687,973.6551513671875,859.7263336181641
1760791909199799300,1296.0747993164061,966.0400390625,860.5276489257812
1760791910147238100,1297.0222380371094,956.2449951171875,861.5589141845703
1760791911094756400,1297.9697563476564,945.313720703125,862.7110290527344
1760791912042232300,1298.917232421875,934.2159423828125,863.8821411132812
1760791912989590300,1299.8645903320312,923.1287841796875,865.0533294677734
1760791913937015300,1300.8120153808593,911.822265625,866.2490844726562
1760791914884519400,1301.75951953125,900.119384765625,867.4880981445312
1760791915832059400,1302.707059326172,890.017822265625,868.5587310791016
1760791916779403300,1303.6544033203124,883.1319580078125,869.2892456054688
1760791917726896400,1304.601896484375,883.1319580078125,869.2892456054688
1760791918674118400,1305.5491184082032,883.49658203125,869.25048828125
1760791919621416400,1306.4964165039062,889.58447265625,868.604736328125
1760791920568658400,1307.4436584472655,893.6986083984375,868.1685638427734
1760791921515917300,1308.390917236328,893.6986083984375,868.1685638427734
1760791922463293400,1309.3382934570313,893.112060546875,868.2307434082031
1760791923410506200,1310.2855063476563,885.8958740234375,868.9958190917969
1760791924357720300,1311.2327202148438,876.0927734375,870.0363922119141
1760791925305013200,1312.1800131835937,865.0479736328125,871.2099456787109
1760791926252196400,1313.1271962890626,850.396240234375,872.7686309814453
1760791927199438300,1314.074438232422,833.68359375,874.5491027832031
1760791928146693000,1315.0216931152345,814.73291015625,876.5717315673828
1760791929093805300,1315.9688054199219,793.2508544921875,878.8692474365234
1760791930040947200,1316.915947265625,772.7569580078125,881.0652923583984
1760791930987999200,1317.862999267578,755.933349609375,882.8717041015625
1760791931935046100,1318.8100461425781,745.59130859375,883.9834594726562
1760791932882061300,1319.757061279297,745.59130859375,883.9834594726562
1760791933828982300,1320.7039821777344,754.99267578125,882.9726409912109
1760791934775991300,1321.6509912109375,775.660888671875,880.7540130615234
1760791935722880300,1322.5978803710937,803.883544921875,877.7314758300781
1760791936669641200,1323.5446411132812,835.4249267578125,874.3634033203125
1760791937616613000,1324.4916130371093,863.85888671875,871.3362121582031
1760791938563563300,1325.438563232422,885.335693359375,869.0552520751953
1760791939510438100,1326.3854382324218,898.647705078125,867.6439666748047
1760791940457158400,1327.3321584472656,901.358642578125,867.3567199707031
1760791941403972000,1328.2789721679687,901.358642578125,867.3567199707031
1760791942350869200,1329.225869140625,890.7867431640625,868.4772491455078
1760791943297769200,1330.1727692871093,874.1375732421875,870.2440643310547
1760791944244509200,1331.1195092773437,847.9468994140625,873.0293273925781
1760791945191225300,1332.0662253417968,814.460693359375,876.6008758544922
1760791946137960200,1333.0129602050781,777.03759765625,880.6062316894531
1760791947084772400,1333.9597724609375,740.4915771484375,884.5322418212891
1760791948031427300,1334.9064272460937,705.8111572265625,888.2708740234375
1760791948978276400,1335.8532763671874,679.631103515625,891.1013793945312
1760791949925063400,1336.8000634765624,664.7891845703125,892.7095031738281
1760791950871860200,1337.746860107422,664.7891845703125,892.7095031738281
1760791951818657300,1338.6936572265624,677.134033203125,891.3717651367188
1760791952765455400,1339.6404553222656,700.447265625,888.8501739501953
1760791953712039200,1340.5870390625,730.2606201171875,885.6337738037109
1760791954658431200,1341.5334311523438,761.36328125,882.2884368896484
1760791955604812300,1342.4798122558593,788.124755859375,879.4180297851562
1760791956551308000,1343.4263081054687,806.73193359375,877.4266815185547
1760791957497900300,1344.372900390625,817.253662109375,876.302490234375
1760791958444357000,1345.3193571777344,817.253662109375,876.302490234375
1760791959390778400,1346.2657783203124,815.6656494140625,876.4720153808594
1760791960337226200,1347.2122263183594,802.0655517578125,877.9259490966797
1760791961283740200,1348.158740234375,783.0540771484375,879.9612426757812
1760791962230377200,1349.1053771972656,755.7298583984375,882.8935241699219
1760791963176639200,1350.0516391601564,723.710205078125,886.3395690917969
1760791964123084300,1350.9980842285156,690.676025390625,889.9063873291016
1760791965069647400,1351.9446474609374,660.7569580078125,893.1468963623047
1760791966016119300,1352.8911193847657,633.831787109375,896.0710144042969
1760791966962581200,1353.8375812988281,618.234130859375,897.7686309814453
1760791967909083400,1354.7840834960937,618.234130859375,897.7686309814453
1760791968855482400,1355.730482421875,626.2271728515625,896.8982696533203
1760791969801917400,1356.6769174804688,647.0274658203125,894.6367645263672
1760791970748335400,1357.6233354492188,674.9488525390625,891.6084289550781
1760791971694687500,1358.5696875,704.7119140625,888.3893585205078
1760791972641062100,1359.5160622558594,730.08349609375,885.6528472900391
1760791973587506200,1360.4625061035156,747.4752197265625,883.7809753417969
1760791974533775400,1361.408775390625,753.650390625,883.1169128417969
1760791975480033300,1362.355033203125,753.650390625,883.1169128417969
1760791976426413300,1363.301413330078,742.069091796875,884.3624114990234
1760791977372706000,1364.2477060546876,722.5185546875,886.4679718017578
1760791978318982400,1365.193982421875,698.2938232421875,889.0827178955078
1760791979265239300,1366.1402392578125,672.2880859375,891.8966674804688
1760791980211472400,1367.0864724121093,647.233642578125,894.6145629882812
1760791981157729000,1368.0327290039063,624.53076171875,897.0829010009766
1760791982103988200,1368.97898828125,604.1294555664062,899.3058776855469
1760791983050246100,1369.92524609375,586.4655151367188,901.2342071533203
1760791983996433200,1370.8714331054687,574.0783081054688,902.5884246826172
1760791984942858200,1371.8178581542968,574.0783081054688,902.5884246826172
1760791985889218300,1372.7642182617187,578.2637329101562,902.1305847167969
1760791986835517200,1373.7105170898437,596.7256469726562,900.1139068603516
1760791987781794300,1374.6567941894532,622.8026733398438,897.2711181640625
1760791988727927300,1375.6029272460937,651.485107421875,894.1529083251953
1760791989674096400,1376.549096435547,676.5792236328125,891.431884765625
1760791990620203300,1377.4952033691407,694.0845947265625,889.5378112792969
1760791991566516200,1378.4415161132813,701.823974609375,888.7012481689453
1760791992512763100,1379.3877631835937,701.823974609375,888.7012481689453
1760791993458977300,1380.3339772949219,692.0843505859375,889.7539520263672
1760791994405181200,1381.2801811523439,674.4124755859375,891.6666412353516
1760791995351251500,1382.2262514648437,650.31982421875,894.2794036865234
1760791996297396200,1383.1723962402343,622.8634643554688,897.2646331787109
1760791997243481000,1384.1184812011718,596.6146850585938,900.1258087158203
1760791998189688300,1385.064688232422,577.0985107421875,902.2581481933594
1760791999135832300,1386.0108322753906,573.5128784179688,902.650146484375
1760792000081785000,1386.95678515625,573.5128784179688,902.650146484375
1760792001027695000,1387.9026950683594,589.2927856445312,900.9253692626953
1760792001973674200,1388.8486743164062,612.3945922851562,898.4048461914062
1760792002919744300,1389.794744140625,637.3011474609375,895.6936645507812
1760792003865826300,1390.7408264160156,658.1649169921875,893.4278869628906
1760792004811885300,1391.6868852539062,671.8045654296875,891.9490051269531
1760792005757993200,1392.6329931640626,672.71875,891.8501281738281
1760792006704182300,1393.579182373047,672.71875,891.8501281738281
1760792007650343200,1394.5253432617187,660.2178955078125,893.2052612304688
1760792008596581000,1395.4715810546875,639.9989013671875,895.4004669189453
1760792009542561300,1396.417561279297,614.8202514648438,898.1404876708984
1760792010488620300,1397.3636203613282,589.5068359375,900.9020233154297
1760792011434638300,1398.3096384277344,568.3603515625,903.2139587402344
1760792012380687400,1399.2556872558594,554.897705078125,904.6884918212891
1760792013326723300,1400.2017233886718,553.0507202148438,904.8911285400391
1760792014272692200,1401.1476921386718,553.0507202148438,904.8911285400391
1760792015218748400,1402.0937485351562,559.0567626953125,904.2329406738281
1760792016164776400,1403.0397763671874,565.0389404296875,903.5775756835938
1760792017110824400,1403.9858244628906,568.717041015625,903.1751251220703
1760792018056808200,1404.9318081054687,568.717041015625,903.1751251220703
1760792019002948400,1405.8779482421876,568.0221557617188,903.2511901855469
1760792019948913400,1406.823913330078,565.13671875,903.56689453125
1760792020894709200,1407.7697092285157,561.7360229492188,903.9392852783203
1760792021840429300,1408.7154291992188,558.2032470703125,904.3264007568359
1760792022786138400,1409.6611384277344,553.3546142578125,904.8578643798828
1760792023731970300,1410.6069702148438,547.6102294921875,905.4875946044922
1760792024677980200,1411.5529802246094,541.1417846679688,906.1973571777344
1760792025623897300,1412.4988974609375,533.2227783203125,907.0665740966797
1760792026569867300,1413.4448671875,523.2691650390625,908.160400390625
1760792027515807200,1414.3908071289063,512.4065551757812,909.3553161621094
1760792028461687300,1415.3366872558595,501.4356689453125,910.5634307861328
1760792029407769000,1416.2827690429688,491.91802978515625,911.612548828125
1760792030353719300,1417.2287192382812,484.82867431640625,912.3946380615234
1760792031299506200,1418.1745061035156,480.56927490234375,912.8646850585938
1760792032245200100,1419.1202001953125,479.17413330078125,913.0184936523438
1760792033191094300,1420.0660942382813,479.0816650390625,913.0288696289062
1760792034136984300,1421.011984375,478.07757568359375,913.1398010253906
1760792035082816300,1421.9578161621093,476.13543701171875,913.3540344238281
1760792036028662300,1422.9036623535155,473.7811279296875,913.6141967773438
1760792036974398500,1423.8493984375,470.86932373046875,913.9358520507812
1760792037920085200,1424.795085205078,468.015625,914.2514801025391
1760792038865780500,1425.740780517578,465.177734375,914.5651245117188
1760792039811464200,1426.6864641113282,461.54986572265625,914.9664306640625
1760792040757106400,1427.6321064453125,456.65362548828125,915.5078887939453
1760792041702756000,1428.5777561035156,451.12591552734375,916.1199188232422
1760792042648478200,1429.5234782714845,445.851806640625,916.7039489746094
1760792043594078200,1430.469078125,441.13262939453125,917.2269439697266
1760792044539680300,1431.4146801757813,436.8309326171875,917.7037048339844
1760792045485360400,1432.3603603515626,432.88330078125,918.1413269042969
1760792046430983400,1433.3059833984375,428.99383544921875,918.5728454589844
1760792047376639500,1434.2516394042968,424.47015380859375,919.0750122070312
1760792048322139100,1435.1971391601562,419.362548828125,919.6421813964844
1760792049267644200,1436.1426440429686,413.723876953125,920.2686309814453
1760792050213107500,1437.088107421875,406.78778076171875,921.0394287109375
1760792051158634200,1438.0336342773437,398.40631103515625,921.9718170166016
1760792052104160300,1438.97916015625,389.158203125,923.0014801025391
1760792053049725200,1439.9247250976562,379.651123046875,924.0610504150391
1760792053995110400,1440.8701103515625,371.8985595703125,924.9256896972656
1760792054940601300,1441.8156013183593,365.2742919921875,925.6652069091797
1760792055886001400,1442.7610014648437,360.9329833984375,926.1501312255859
1760792056831369200,1443.706369140625,358.07659912109375,926.4690399169922
1760792057776683300,1444.6516833496094,355.43695068359375,926.7641448974609
1760792058722165200,1445.5971652832031,350.3345947265625,927.3343658447266
1760792059667682000,1446.5426821289063,343.11053466796875,928.1424713134766
1760792060613090300,1447.4880903320313,331.7247314453125,929.4171905517578
1760792061558507300,1448.4335073242187,316.64501953125,931.1076354980469
1760792062503957200,1449.3789572753906,301.11083984375,932.8516387939453
1760792063449120300,1450.3241203613281,289.57977294921875,934.1477966308594
1760792064394319400,1451.2693193359376,289.57977294921875,934.1477966308594
1760792065339862300,1452.2148623046876,292.44140625,933.8259124755859
1760792066285327000,1453.1603271484375,306.87640380859375,932.2039794921875
1760792067230754300,1454.1057543945312,325.56024169921875,930.1080322265625
1760792068176219100,1455.0512192382812,343.03387451171875,928.1511688232422
1760792069121562400,1455.9965622558593,355.16741943359375,926.7942047119141
1760792070066903300,1456.9419033203126,360.95147705078125,926.1480712890625
1760792071012224300,1457.8872243652345,361.09942626953125,926.1313629150391
1760792071957530400,1458.8325302734374,361.09942626953125,926.1313629150391
1760792072902777000,1459.7777770996095,359.6937255859375,926.2884521484375
1760792073848121000,1460.72312109375,358.91424560546875,926.3756561279297
1760792074793503200,1461.6685031738282,358.48614501953125,926.42333984375
1760792075739026400,1462.6140263671875,357.701416015625,926.5109252929688
1760792076684591400,1463.5595913085938,356.10809326171875,926.6889190673828
1760792077630174200,1464.5051743164063,353.6771240234375,926.9606781005859
1760792078575659300,1465.4506591796876,351.05859375,927.2534942626953
1760792079521001200,1466.396001220703,348.87603759765625,927.4976348876953
1760792080466396400,1467.341396484375,348.2630615234375,927.5662231445312
1760792081411897000,1468.2868969726562,348.2630615234375,927.5662231445312
1760792082357245200,1469.2322451171874,350.162841796875,927.353515625
1760792083302533000,1470.177533203125,352.95050048828125,927.0418548583984
1760792084247688200,1471.122688232422,356.06842041015625,926.6934204101562
1760792085192965400,1472.0679653320312,358.95916748046875,926.3705444335938
1760792086138216200,1473.0132163085937,361.149658203125,926.1257171630859
1760792087083407000,1473.9584069824218,362.3492431640625,925.9918975830078
1760792088028517000,1474.9035170898437,362.82220458984375,925.9388732910156
1760792088973697300,1475.848697265625,362.82220458984375,925.9388732910156
1760792089918839300,1476.7938393554687,362.29638671875,925.9976196289062
1760792090864191200,1477.7391911621094,361.25006103515625,926.114501953125
1760792091809561300,1478.684561279297,360.1693115234375,926.2354278564453
1760792092754979300,1479.6299792480468,359.13616943359375,926.3506317138672
1760792093700523300,1480.5755231933595,357.894287109375,926.4894866943359
1760792094645896200,1481.5208962402344,356.789794921875,926.6128540039062
1760792095591233300,1482.4662333984375,355.8570556640625,926.7173004150391
1760792096536738000,1483.4117380371094,354.9322509765625,926.8204498291016
1760792097482047200,1484.3570471191406,353.74053955078125,926.9536590576172
1760792098427097300,1485.3020974121093,352.33746337890625,927.1104431152344
1760792099372234200,1486.2472341308594,350.83929443359375,927.2780609130859
1760792100317532400,1487.192532470703,349.2459716796875,927.4562835693359
1760792101262948400,1488.1379482421876,347.45977783203125,927.6558685302734
1760792102208277200,1489.08327734375,345.628662109375,927.8608703613281
1760792103153559300,1490.028559326172,344.16217041015625,928.0248260498047
1760792104098870300,1490.9738703613282,343.10260009765625,928.1434631347656
1760792105044137200,1491.9191372070313,342.5318603515625,928.2073211669922
1760792105989300200,1492.8643002929687,342.5318603515625,928.2073211669922
1760792106934831400,1493.8098312988282,342.52655029296875,928.2079315185547
1760792107880299300,1494.7552993164063,342.4578857421875,928.2154083251953
1760792108825606400,1495.7006064453126,341.50396728515625,928.3223724365234
1760792109770974200,1496.6459741210938,339.8604736328125,928.5060882568359
1760792110716260000,1497.5912600097656,337.0595703125,928.8198089599609
1760792111661582300,1498.5365822753906,333.12518310546875,929.2603302001953
1760792112606963200,1499.4819631347657,328.1602783203125,929.8165893554688
1760792113552215300,1500.4272153320312,322.3260498046875,930.4704284667969
1760792114497323300,1501.3723232421876,315.52996826171875,931.2326049804688
1760792115442645200,1502.317645263672,308.30059814453125,932.0440673828125
1760792116387808300,1503.2628083496095,300.9681396484375,932.8677368164062
1760792117333101300,1504.2081013183595,294.1773681640625,933.6306762695312
1760792118278303500,1505.1533034667968,288.17669677734375,934.3056488037109
1760792119223739400,1506.098739501953,283.23028564453125,934.8622894287109
1760792120169082000,1507.04408203125,279.42266845703125,935.2908325195312
1760792121114388200,1507.9893881835937,276.5927734375,935.6095123291016
1760792122059573200,1508.9345732421875,274.515869140625,935.8434295654297
1760792123004800300,1509.8798002929686,272.85650634765625,936.0304260253906
1760792123950080300,1510.8250803222656,271.14166259765625,936.2236022949219
1760792124895436300,1511.770436279297,269.3026123046875,936.4308166503906
1760792125840706300,1512.715706298828,267.37371826171875,936.6482543945312
1760792126785927200,1513.6609272460937,265.1884765625,936.8946838378906
1760792127731091200,1514.6060913085937,262.80780029296875,937.1630096435547
1760792128676188200,1515.551188232422,260.29229736328125,937.4469757080078
1760792129621300200,1516.4963002929687,257.88250732421875,937.7188110351562
1760792130566483200,1517.441483154297,256.01434326171875,937.9296112060547
1760792131511811300,1518.3868112792968,254.90985107421875,938.0541229248047
1760792132456876300,1519.3318762207032,254.90985107421875,938.0541229248047
1760792133402051300,1520.2770512695313,256.0328369140625,937.9273223876953
1760792134347048200,1521.222048095703,258.070068359375,937.6974487304688
1760792135291994400,1522.1669943847655,260.265869140625,937.4498748779297
1760792136236981200,1523.1119812011718,262.2740478515625,937.2234344482422
1760792137181957000,1524.05695703125,263.592529296875,937.0746612548828
1760792138127213300,1525.0022133789062,263.592529296875,937.0746612548828
1760792139072376300,1525.947376220703,263.5423583984375,937.0801544189453
1760792140017477400,1526.892477294922,262.3189697265625,937.2182464599609
1760792140962531300,1527.83753125,260.5723876953125,937.4153137207031
1760792141907613200,1528.78261328125,258.44793701171875,937.6548004150391
1760792142852698400,1529.727698486328,255.921875,937.9398345947266
1760792143797741000,1530.672740966797,253.09197998046875,938.2592010498047
1760792144742812200,1531.6178122558595,249.625244140625,938.6508178710938
1760792145688029200,1532.563029296875,245.37109375,939.1312408447266
1760792146633283300,1533.5082834472655,241.23321533203125,939.5987701416016
1760792147578431500,1534.4534313964843,237.28033447265625,940.0454711914062
1760792148523575300,1535.3985751953126,232.23876953125,940.6155395507812
1760792149468793000,1536.34379296875,225.37664794921875,941.3919830322266
1760792150414000400,1537.2890004882813,216.8076171875,942.3623657226562
1760792151359063000,1538.2340629882813,207.4591064453125,943.4218597412109
1760792152304099300,1539.1790993652344,196.736572265625,944.6383666992188
1760792153249108200,1540.124108154297,185.65728759765625,945.8964538574219
1760792154194176300,1541.0691762695312,174.31646728515625,947.1856689453125
1760792155139225300,1542.0142253417969,163.80267333984375,948.3822631835938
1760792156084302000,1542.9593020019531,153.1224365234375,949.5990753173828
1760792157029391400,1543.904391357422,142.97064208984375,950.7566833496094
1760792157974544400,1544.8495444335938,133.18084716796875,951.8740844726562
1760792158919737300,1545.7947373046875,124.43743896484375,952.8730010986328
1760792159864962300,1546.7399624023437,116.78524780273438,953.7481689453125
1760792160809964300,1547.6849643554688,109.53207397460938,954.5779418945312
1760792161754974500,1548.6299743652344,101.86141967773438,955.4563903808594
1760792162699897300,1549.5748974609376,94.40744018554688,956.3105773925781
1760792163644823300,1550.5198232421876,88.00775146484375,957.0445251464844
1760792164589925400,1551.4649252929687,81.11392211914062,957.8355407714844
1760792165534967300,1552.4099672851562,73.9981689453125,958.6524963378906
1760792166479957200,1553.3549572753907,67.4769287109375,959.40185546875
1760792167425020200,1554.300020263672,61.259552001953125,960.1165008544922
1760792168370130200,1555.2451301269532,55.311676025390625,960.8007049560547
1760792169315316200,1556.1903161621094,50.39697265625,961.3665008544922
1760792170260402200,1557.1354020996093,46.2855224609375,961.8398284912109
1760792171205501400,1558.0805014648438,42.2110595703125,962.3091888427734
1760792172150601200,1559.0256013183593,37.35711669921875,962.8688049316406
1760792173095436300,1559.9704362792968,31.8848876953125,963.499755859375
1760792174040249300,1560.915249267578,27.05999755859375,964.0562438964844
1760792174985130200,1561.8601301269532,22.85870361328125,964.5412445068359
1760792175930011400,1562.8050114746093,19.201751708984375,964.96337890625
1760792176875027200,1563.7500270996093,16.847442626953125,965.2352142333984
1760792177820076300,1564.695076171875,15.61083984375,965.3781127929688
1760792178765170400,1565.6401704101563,14.057159423828125,965.5574798583984
1760792179710322400,1566.5853225097655,12.34490966796875,965.7553863525391
1760792180655299000,1567.5302990722657,10.698760986328125,965.9454345703125
1760792181600249300,1568.4752492675782,9.2745361328125,966.1103057861328
1760792182545384200,1569.4203842773438,7.95867919921875,966.2624359130859
1760792183490568200,1570.3655681152343,6.7828369140625,966.3983917236328
1760792184435819300,1571.3108193359376,5.83953857421875,966.5072631835938
1760792185381012200,1572.2560122070313,5.073272705078125,966.5959930419922
1760792186326266400,1573.201266357422,4.33868408203125,966.680908203125
1760792187271275300,1574.1462751464844,3.582977294921875,966.7683410644531
1760792188216435200,1575.0914353027345,3.075653076171875,966.8267822265625
1760792189161711000,1576.0367111816406,2.602691650390625,966.8816375732422
1760792190107004200,1576.9820041503906,2.10064697265625,966.9396209716797
1760792191052261400,1577.9272614746094,1.83642578125,966.97021484375
1760792191997384200,1578.8723842773438,1.6646728515625,966.9901275634766
1760792192942425300,1579.8174252929687,1.63824462890625,966.9931793212891
1760792193887491300,1580.7624912109375,1.63824462890625,966.9931793212891
1760792194832581400,1581.707581298828,1.86285400390625,966.9672393798828
1760792195777825300,1582.6528251953125,2.016082763671875,966.9496154785156
1760792196723015400,1583.5980153808594,2.211639404296875,966.9268035888672
1760792197668234200,1584.5432341308594,2.3067626953125,966.9160461425781
1760792198613568300,1585.488568359375,2.32525634765625,966.9138336181641
1760792199559008300,1586.4340083007812,2.430938720703125,966.9014739990234
1760792200504378400,1587.3793784179688,2.552490234375,966.8875122070312
1760792201449640200,1588.3246401367187,2.68988037109375,966.8716430664062
1760792202395050200,1589.2700502929688,2.87750244140625,966.8498992919922
1760792203340312300,1590.2153122558593,3.0677490234375,966.8278503417969
1760792204285665300,1591.1606652832031,3.202484130859375,966.8123626708984
1760792205231008300,1592.1060083007812,3.289703369140625,966.8022155761719
1760792206176370400,1593.051370361328,3.33990478515625,966.7963409423828
1760792207121791500,1593.9967915039063,3.36102294921875,966.7940521240234
1760792208067260200,1594.9422602539062,3.36102294921875,966.7940521240234
1760792209012850200,1595.8878500976562,3.2764892578125,966.8035888671875
1760792209958312200,1596.8333122558595,3.2156982421875,966.8107604980469
1760792210903713300,1597.7787133789063,3.183990478515625,966.8144989013672
1760792211849190100,1598.7241901855468,3.15228271484375,966.8181610107422
1760792212794564400,1599.669564453125,3.15228271484375,966.8181610107422
1760792213740091400,1600.6150913085937,3.154937744140625,966.8177795410156
1760792214685546200,1601.5605461425782,3.17608642578125,966.8153381347656
1760792215631187200,1602.5061872558595,3.17608642578125,966.8152618408203
1760792216576780300,1603.4517802734374,3.199859619140625,966.8126678466797
1760792217522343200,1604.3973432617188,3.2156982421875,966.8108367919922
1760792218468149200,1605.3431491699218,3.265899658203125,966.8048095703125
1760792219413897200,1606.2888972167968,3.265899658203125,966.8048095703125
1760792220359715300,1607.2347153320313,3.236846923828125,966.8083190917969
1760792221305378300,1608.1803784179688,3.19720458984375,966.8128967285156
1760792222251056000,1609.1260561523438,3.17608642578125,966.8154144287109
1760792223196646100,1610.0716462402345,3.1337890625,966.8202209472656
1760792224142368300,1611.0173681640624,3.1337890625,966.8202209472656
1760792225088025300,1611.963025390625,3.25799560546875,966.8058776855469
1760792226033748200,1612.9087482910156,3.435028076171875,966.7852783203125
1760792226979379200,1613.8543791503905,3.635833740234375,966.7622375488281
1760792227925010200,1614.8000102539063,3.86572265625,966.7356872558594
1760792228870724000,1615.7457241210936,4.042755126953125,966.7150115966797
1760792229816328200,1616.691328125,4.151092529296875,966.7026519775391
1760792230761939200,1617.6369392089844,4.209228515625,966.6958618164062
1760792231707657200,1618.5826572265626,4.22772216796875,966.6937255859375
1760792232653144300,1619.5281442871094,4.233001708984375,966.693115234375
1760792233598482400,1620.473482421875,4.22772216796875,966.6936492919922
1760792234543849200,1621.4188491210937,4.233001708984375,966.693115234375
1760792235489109200,1622.3641091308593,4.23565673828125,966.6927337646484
1760792236434326300,1623.309326171875,4.24884033203125,966.6913604736328
1760792237379509200,1624.2545092773437,4.269989013671875,966.6889190673828
1760792238324656000,1625.19965625,4.30963134765625,966.6842651367188
1760792239269846300,1626.1448461914063,4.349273681640625,966.6795349121094
1760792240214954500,1627.0899545898437,4.367767333984375,966.6773986816406
1760792241160034300,1628.0350344238282,4.386260986328125,966.6752624511719
1760792242105104100,1628.980104248047,4.404754638671875,966.6732025146484
1760792243050048300,1629.9250483398437,4.404754638671875,966.6732025146484
1760792243995064300,1630.8700642089843,4.394195556640625,966.6744995117188
1760792244940211200,1631.8152111816407,4.38360595703125,966.6755676269531
1760792245885251300,1632.7602512207031,4.37567138671875,966.6766357421875
1760792246830183200,1633.7051831054687,4.37567138671875,966.6767120361328
1760792247774995200,1634.6499951171875,4.370391845703125,966.67724609375
1760792248719741400,1635.594741455078,4.35455322265625,966.6790008544922
1760792249664525300,1636.539525390625,4.34661865234375,966.6799926757812
1760792250609342500,1637.4843425292968,4.33868408203125,966.6806793212891
1760792251554187300,1638.4291872558595,4.304351806640625,966.6847229003906
1760792252499019300,1639.3740192871094,4.267364501953125,966.6890716552734
1760792253443857200,1640.3188571777343,4.259429931640625,966.6900634765625
1760792254388840200,1641.2638400878907,4.243560791015625,966.6919708251953
1760792255333781200,1642.20878125,4.22772216796875,966.6935729980469
1760792256278697200,1643.153697265625,4.21185302734375,966.6954040527344
1760792257223735300,1644.0987353515625,4.206573486328125,966.6960906982422
1760792258168697300,1645.043697265625,4.203948974609375,966.6964721679688
1760792259113565200,1645.9885651855468,4.19073486328125,966.697998046875
1760792260058389200,1646.9333891601561,4.19073486328125,966.6980743408203
1760792261003241200,1647.8782412109374,4.188079833984375,966.6983032226562
1760792261947961300,1648.8229614257812,4.18280029296875,966.6989898681641
1760792262892900400,1649.767900390625,4.161651611328125,966.7012023925781
1760792263837850400,1650.7128503417969,4.161651611328125,966.7012786865234
1760792264782738200,1651.65773828125,4.1563720703125,966.7019653320312
1760792265727503400,1652.6025034179688,4.1563720703125,966.7019653320312
1760792266672284400,1653.5472844238282,4.1563720703125,966.7018890380859
1760792267617051400,1654.4920515136719,4.159027099609375,966.70166015625
1760792268561954300,1655.436954345703,4.159027099609375,966.70166015625
1760792269506767400,1656.3817673339843,4.164306640625,966.7010498046875
1760792270451563300,1657.326563232422,4.169586181640625,966.7002868652344
1760792271396303000,1658.2713032226563,4.1722412109375,966.7002105712891
1760792272341035300,1659.21603515625,4.169586181640625,966.7002868652344
1760792273285800200,1660.1608002929688,4.169586181640625,966.7003631591797
1760792274230680300,1661.1056804199218,4.161651611328125,966.7012023925781
1760792275175526400,1662.0505263671876,4.161651611328125,966.7015075683594
1760792276120255200,1662.9952551269532,4.1563720703125,966.7020416259766
1760792277065070000,1663.9400700683593,4.1563720703125,966.7020416259766
1760792278009793300,1664.8847932128906,4.159027099609375,966.70166015625
1760792278954742300,1665.8297421875,4.161651611328125,966.7015075683594
1760792279899556000,1666.7745561523438,4.1722412109375,966.7000579833984
1760792280844347100,1667.7193471679689,4.193359375,966.6975402832031
1760792281789076200,1668.664076171875,4.225067138671875,966.6938781738281
1760792282733863400,1669.6088635253907,4.251495361328125,966.6909027099609
1760792283678697500,1670.5536975097657,4.277923583984375,966.6880035400391
1760792284623332400,1671.4983322753906,4.29376220703125,966.6859436035156
1760792285568053200,1672.4430532226563,4.29376220703125,966.6859436035156
1760792286512657200,1673.3876572265624,4.288482666015625,966.6866302490234
1760792287457301500,1674.3323015136718,4.288482666015625,966.6866302490234
1760792288401903000,1675.276903076172,4.288482666015625,966.6866302490234
1760792289346514200,1676.2215141601562,4.2911376953125,966.6864013671875
1760792290291197200,1677.166197265625,4.2911376953125,966.6864013671875
1760792291235940000,1678.110940185547,4.2911376953125,966.6862487792969
1760792292180581400,1679.0555812988282,4.2911376953125,966.6862487792969
1760792293125214500,1680.0002143554686,4.29376220703125,966.6860961914062
1760792294069719300,1680.9447192382813,4.288482666015625,966.6867828369141
1760792295014427100,1681.8894272460936,4.285858154296875,966.6869354248047
1760792295959030300,1682.8340302734375,4.283203125,966.6871643066406
1760792296903644400,1683.77864453125,4.2752685546875,966.688232421875
1760792297848334300,1684.7233342285156,4.267364501953125,966.6889953613281
1760792298793017000,1685.6680170898437,4.262054443359375,966.6897583007812
1760792299737624000,1686.6126240234375,4.24884033203125,966.6914367675781
1760792300682207200,1687.5572072753907,4.23565673828125,966.6928863525391
1760792301626861300,1688.501861328125,4.23565673828125,966.6928863525391
1760792302571408400,1689.4464084472656,4.233001708984375,966.6929626464844
1760792303515995400,1690.3909953613281,4.233001708984375,966.6929626464844
1760792304460517000,1691.3355170898437,4.251495361328125,966.6908264160156
1760792305405404400,1692.280404296875,4.259429931640625,966.6899871826172
1760792306350228200,1693.2252282714844,4.262054443359375,966.6896820068359
1760792307294959400,1694.1699594726563,4.27264404296875,966.6885375976562
1760792308239574300,1695.11457421875,4.283203125,966.6873168945312
1760792309184104200,1696.0591042480469,4.285858154296875,966.68701171875
1760792310128662300,1697.0036623535157,4.285858154296875,966.6869354248047
1760792311073267200,1697.9482670898437,4.285858154296875,966.6869354248047
1760792312017949400,1698.8929494628906,4.277923583984375,966.6877746582031
1760792312962777300,1699.83777734375,4.267364501953125,966.6891479492188
1760792313907412200,1700.782412109375,4.251495361328125,966.6908264160156
1760792314852219400,1701.7272194824218,4.2462158203125,966.6917419433594
1760792315796861200,1702.6718610839844,4.2462158203125,966.6917419433594
1760792316741633300,1703.6166333007814,4.24884033203125,966.6912841796875
1760792317686387200,1704.5613872070312,4.251495361328125,966.6908264160156
1760792318630920200,1705.5059201660156,4.251495361328125,966.6907501220703
1760792319575477200,1706.450477294922,4.254150390625,966.6905975341797
1760792320520151300,1707.3951513671875,4.251495361328125,966.6907501220703
1760792321464843300,1708.3398432617187,4.251495361328125,966.6908264160156
1760792322409422000,1709.2844221191406,4.251495361328125,966.6909790039062
1760792323354094300,1710.2290942382813,4.251495361328125,966.6909027099609
1760792324298826200,1711.173826171875,4.251495361328125,966.6909027099609
1760792325243589000,1712.1185891113282,4.251495361328125,966.6907501220703
1760792326188418000,1713.06341796875,4.262054443359375,966.6898345947266
1760792327133137200,1714.0081372070313,4.262054443359375,966.6896057128906
1760792328077808400,1714.9528083496093,4.2752685546875,966.6883087158203
1760792329022529300,1715.897529296875,4.280548095703125,966.6875457763672
1760792329967325200,1716.8423251953125,4.296417236328125,966.6857147216797
1760792330912162300,1717.7871623535157,4.306976318359375,966.6844940185547
1760792331856990500,1718.7319904785156,4.306976318359375,966.6844940185547
1760792332801694200,1719.676694091797,4.299072265625,966.6855621337891
1760792333746436400,1720.6214362792969,4.288482666015625,966.6867828369141
1760792334691200300,1721.5662001953126,4.280548095703125,966.6875457763672
1760792335635971300,1722.510971435547,4.277923583984375,966.6877746582031
1760792336580841200,1723.4558413085938,4.277923583984375,966.6877746582031
1760792337525565400,1724.4005654296875,4.283203125,966.6873168945312
1760792338470280200,1725.3452802734375,4.283203125,966.6873168945312
1760792339415009300,1726.2900092773436,4.288482666015625,966.6867065429688
1760792340359741200,1727.2347412109375,4.2911376953125,966.6863250732422
1760792341304401200,1728.1794011230468,4.296417236328125,966.6856384277344
1760792342249045200,1729.1240451660155,4.299072265625,966.6853332519531
1760792343193903000,1730.0689030761719,4.312255859375,966.6839599609375
1760792344138705200,1731.013705078125,4.312255859375,966.6839599609375
1760792345083387400,1731.9583874511718,4.296417236328125,966.6856384277344
1760792346028110300,1732.9031103515624,4.29376220703125,966.6860961914062
1760792346972748300,1733.8477482910157,4.269989013671875,966.6886901855469
1760792347917320200,1734.7923203125,4.25677490234375,966.6902923583984
1760792348862000000,1735.7370002441405,4.25677490234375,966.6902923583984
1760792349806797300,1736.6817973632812,4.25677490234375,966.6902923583984
1760792350751560200,1737.6265603027343,4.262054443359375,966.6898345947266
1760792351696297200,1738.5712971191406,4.280548095703125,966.6876220703125
1760792352641048300,1739.5160483398438,4.2911376953125,966.6863250732422
1760792353585642200,1740.4606423339844,4.304351806640625,966.6847991943359
1760792354530181000,1741.4051811523439,4.330780029296875,966.6817474365234
1760792355474684200,1742.3496840820312,4.33868408203125,966.6809844970703
1760792356419051300,1743.2940512695313,4.341339111328125,966.6806030273438
1760792357363338200,1744.2383381347656,4.341339111328125,966.6806030273438
1760792358307654400,1745.182654296875,4.312255859375,966.6840362548828
1760792359251877400,1746.1268774414064,4.25677490234375,966.6902160644531
1760792360196369200,1747.071369140625,4.203948974609375,966.6963195800781
1760792361140744200,1748.015744140625,4.16693115234375,966.7008972167969
1760792362085100300,1748.960100341797,4.135223388671875,966.7045593261719
1760792363029402400,1749.90440234375,4.135223388671875,966.7045593261719
1760792363973593300,1750.8485932617189,4.1484375,966.7028045654297
1760792364917850400,1751.7928503417968,4.1722412109375,966.7002105712891
1760792365862141400,1752.737141357422,4.19073486328125,966.6980743408203
1760792366806470100,1753.6814702148438,4.193359375,966.6976928710938
1760792367750788000,1754.6257880859375,4.193359375,966.6976928710938
1760792368694989300,1755.5699892578125,4.188079833984375,966.6983032226562
1760792369639312400,1756.5143125,4.177520751953125,966.6995239257812
1760792370583538200,1757.4585380859376,4.16693115234375,966.7007446289062
1760792371527680300,1758.4026801757811,4.1563720703125,966.7018890380859
1760792372471679200,1759.3466791992187,4.1484375,966.7028045654297
1760792373415801300,1760.2908012695314,4.13787841796875,966.7040252685547
1760792374359927300,1761.2349272460938,4.132598876953125,966.7047119140625
1760792375304047400,1762.1790473632811,4.12994384765625,966.7049407958984
1760792376248122000,1763.1231220703125,4.12200927734375,966.7058563232422
1760792377192333300,1764.0673332519532,4.12200927734375,966.7059326171875
1760792378136597200,1765.0115971679688,4.119384765625,966.7060852050781
1760792379080899300,1765.9558994140625,4.119384765625,966.7062377929688
1760792380025225200,1766.9002250976562,4.116729736328125,966.70654296875
1760792380969529000,1767.8445290527343,4.114105224609375,966.7068481445312
1760792381913640200,1768.7886401367186,4.106170654296875,966.7079162597656
1760792382857835300,1769.7328352050781,4.098236083984375,966.7088317871094
1760792383802064100,1770.6770642089843,4.09295654296875,966.7093658447266
1760792384746343400,1771.6213435058594,4.0823974609375,966.7103576660156
1760792385690515200,1772.5655151367187,4.079742431640625,966.7107391357422
1760792386634865400,1773.5098654785156,4.079742431640625,966.7107391357422
1760792387579202000,1774.4542021484374,4.08502197265625,966.710205078125
1760792388523478300,1775.3984782714845,4.09295654296875,966.7092132568359
1760792389467559400,1776.3425593261718,4.098236083984375,966.7086029052734
1760792390411650300,1777.286650390625,4.10089111328125,966.7083740234375
1760792391355771400,1778.230771484375,4.103515625,966.7080688476562
1760792392299961300,1779.1749614257812,4.103515625,966.7080688476562
1760792393244198400,1780.119198486328,4.10089111328125,966.7084503173828
1760792394188434400,1781.0634343261718,4.095611572265625,966.708984375
1760792395132649200,1782.007649169922,4.095611572265625,966.708984375
1760792396076830200,1782.9518303222656,4.095611572265625,966.708984375
1760792397021178400,1783.896178466797,4.098236083984375,966.7087554931641
1760792397965577500,1784.840577392578,4.10882568359375,966.7074584960938
1760792398909923300,1785.7849233398438,4.114105224609375,966.7068481445312
1760792399854301200,1786.7293012695313,4.119384765625,966.7062377929688
1760792400798542300,1787.673542236328,4.132598876953125,966.7047119140625
1760792401742915000,1788.6179150390626,4.132598876953125,966.7047119140625
1760792402687251500,1789.5622514648437,4.135223388671875,966.7045593261719
1760792403631570400,1790.5065703125,4.13787841796875,966.7042541503906
1760792404575901200,1791.4509011230468,4.13787841796875,966.7042541503906
1760792405520233200,1792.3952331542969,4.132598876953125,966.7047119140625
1760792406464549400,1793.3395493164062,4.132598876953125,966.7047882080078
1760792407408824300,1794.28382421875,4.1273193359375,966.7051696777344
1760792408353182200,1795.2281821289062,4.1273193359375,966.705322265625
1760792409297618200,1796.1726181640624,4.124664306640625,966.7054748535156
1760792410242165200,1797.1171652832031,4.124664306640625,966.7057037353516
1760792411186717200,1798.0617172851562,4.124664306640625,966.7057037353516
1760792412131311000,1799.0063110351562,4.124664306640625,966.7057037353516
1760792413075781400,1799.9507814941405,4.124664306640625,966.7057037353516
1760792414020116200,1800.8951162109374,4.124664306640625,966.7057037353516
1760792414964438300,1801.8394382324218,4.124664306640625,966.7055511474609
1760792415908799200,1802.7837993164062,4.124664306640625,966.7055511474609
1760792416852971300,1803.7279711914061,4.124664306640625,966.7054748535156
1760792417797030100,1804.6720300292968,4.124664306640625,966.7056274414062
1760792418741287200,1805.616287109375,4.124664306640625,966.7056274414062
1760792419685591300,1806.5605913085938,4.12200927734375,966.7059326171875
1760792420629799400,1807.5047993164062,4.116729736328125,966.7064666748047
1760792421574010400,1808.4490102539062,4.116729736328125,966.7064666748047
1760792422518367200,1809.3933671875,4.1114501953125,966.7071533203125
1760792423462703000,1810.337703125,4.098236083984375,966.7087554931641
1760792424406990300,1811.281990234375,4.08502197265625,966.7101287841797
1760792425351253200,1812.2262531738281,4.071807861328125,966.7116546630859
1760792426295485200,1813.1704851074219,4.06390380859375,966.7127990722656
1760792427239587300,1814.1145874023437,4.050689697265625,966.7140960693359
1760792428183692300,1815.0586923828125,4.050689697265625,966.7140960693359
1760792429127873300,1816.0028732910157,4.050689697265625,966.7141723632812
1760792430071978200,1816.9469782714843,4.050689697265625,966.7140960693359
1760792431016112400,1817.8911123046876,4.050689697265625,966.7142486572266
1760792431960116200,1818.8351162109375,4.050689697265625,966.7142486572266
1760792432904252400,1819.7792524414062,4.0374755859375,966.7156982421875
1760792433848684300,1820.723684326172,4.024261474609375,966.7170715332031
1760792434792849400,1821.6678493652344,4.024261474609375,966.7172241210938
1760792435737168400,1822.6121684570312,4.016326904296875,966.7181396484375
1760792436681471200,1823.5564711914062,4.00048828125,966.7200469970703
1760792437625735200,1824.5007351074219,3.989898681640625,966.7211151123047
1760792438569852400,1825.444852294922,3.984619140625,966.7218780517578
1760792439514076200,1826.389076171875,3.9766845703125,966.7226409912109
1760792440458290400,1827.3332905273437,3.97406005859375,966.7230987548828
1760792441402501400,1828.2775014648437,3.968780517578125,966.7237091064453
1760792442346673200,1829.2216730957032,3.968780517578125,966.7237091064453
1760792443290742300,1830.1657421875,3.96612548828125,966.7240905761719
1760792444234831400,1831.109831298828,3.963470458984375,966.7241668701172
1760792445178859300,1832.053859375,3.95819091796875,966.7250061035156
1760792446122919400,1832.9979194335938,3.95556640625,966.7253112792969
1760792447067017200,1833.9420173339843,3.95556640625,966.7253112792969
1760792448011086300,1834.8860864257813,3.95556640625,966.7253112792969
1760792448955135200,1835.8301352539063,3.95556640625,966.7250823974609
1760792449899043300,1836.7740432128905,3.971405029296875,966.7233276367188
1760792450842999300,1837.717999267578,3.97406005859375,966.7230987548828
1760792451786963200,1838.6619631347655,3.97406005859375,966.7230224609375
1760792452730994200,1839.605994140625,3.97406005859375,966.7230987548828
1760792453675062300,1840.5500622558593,3.97406005859375,966.7230987548828
1760792454619161300,1841.4941613769531,3.968780517578125,966.7235565185547
1760792455563076400,1842.4380764160155,3.960845947265625,966.7246246337891
1760792456506955300,1843.3819553222656,3.95819091796875,966.7249298095703
1760792457450825200,1844.3258251953125,3.952911376953125,966.7254638671875
1760792458394530300,1845.2695302734376,3.9476318359375,966.7259216308594
1760792459338138400,1846.2131384277343,3.9476318359375,966.7259216308594
1760792460281991200,1847.1569912109376,3.9476318359375,966.7259216308594
1760792461225654300,1848.100654296875,3.952911376953125,966.7254638671875
1760792462169279200,1849.044279296875,3.95556640625,966.7253112792969
1760792463112973300,1849.987973388672,3.95556640625,966.7253112792969
1760792464056776200,1850.9317761230468,3.952911376953125,966.7254638671875
1760792465000482300,1851.875482421875,3.952911376953125,966.7255401611328
1760792465944311300,1852.819311279297,3.942352294921875,966.7266845703125
1760792466888351200,1853.7633513183594,3.93707275390625,966.727294921875
1760792467832512300,1854.7075122070312,3.9317626953125,966.7279052734375
1760792468776704300,1855.6517043457031,3.9317626953125,966.7279052734375
1760792469720733200,1856.5957331542968,3.934417724609375,966.7277526855469
1760792470664801300,1857.5398012695312,3.934417724609375,966.7276763916016
1760792471608908300,1858.483908203125,3.93707275390625,966.7274475097656
1760792472552899300,1859.4278994140625,3.93707275390625,966.7274475097656
1760792473497051100,1860.3720510253906,3.934417724609375,966.7275238037109
1760792474441232100,1861.3162321777343,3.92913818359375,966.7282867431641
1760792475385517300,1862.2605173339844,3.923858642578125,966.7288970947266
1760792476329872400,1863.204872314453,3.923858642578125,966.7288970947266
1760792477274072000,1864.1490720214845,3.9317626953125,966.7279815673828
1760792478218231300,1865.0932312011719,3.93707275390625,966.7273712158203
1760792479162593300,1866.0375932617187,3.939697265625,966.7270660400391
1760792480106806300,1866.9818061523438,3.95556640625,966.7253112792969
1760792481051050200,1867.9260502929687,3.95556640625,966.7250823974609
1760792481995253200,1868.8702531738281,3.960845947265625,966.7244720458984
1760792482939540200,1869.814540283203,3.963470458984375,966.7241668701172
1760792483883786200,1870.7587861328125,3.963470458984375,966.7241668701172
1760792484827924200,1871.7029243164063,3.960845947265625,966.7244720458984
1760792485772204300,1872.6472043457031,3.95556640625,966.7253112792969
1760792486716449300,1873.59144921875,3.952911376953125,966.7255401611328
1760792487660832300,1874.5358322753907,3.950286865234375,966.7257690429688
1760792488605276400,1875.4802763671876,3.950286865234375,966.7257690429688
1760792489549699300,1876.42469921875,3.95556640625,966.7253112792969
1760792490494004200,1877.3690041503905,3.95556640625,966.7250823974609
1760792491438351000,1878.3133510742186,3.95819091796875,966.7247772216797
1760792492382710300,1879.2577102050782,3.960845947265625,966.7247009277344
1760792493327115300,1880.202115234375,3.96612548828125,966.7238616943359
1760792494271442200,1881.1464421386718,3.968780517578125,966.7235565185547
1760792495215931100,1882.0909311523437,3.971405029296875,966.7233276367188
1760792496160280300,1883.0352802734376,3.97406005859375,966.7230987548828
1760792497104697300,1883.979697265625,3.97406005859375,966.7230224609375
1760792498049125000,1884.924125,3.9766845703125,966.7227935791016
1760792498993562000,1885.8685620117187,3.979339599609375,966.7224884033203
1760792499937919500,1886.8129194335938,3.979339599609375,966.7224884033203
1760792500882351000,1887.7573510742188,3.979339599609375,966.7224884033203
1760792501826543400,1888.7015434570312,3.979339599609375,966.7225646972656
1760792502770715100,1889.6457150878907,3.968780517578125,966.7235565185547
1760792503715080200,1890.590080078125,3.968780517578125,966.7235565185547
1760792504659265300,1891.5342653808593,3.968780517578125,966.7235565185547
1760792505603537400,1892.4785373535155,3.968780517578125,966.7237091064453
1760792506547751200,1893.422751220703,3.95556640625,966.7251586914062
1760792507491988200,1894.36698828125,3.942352294921875,966.7266845703125
1760792508436289300,1895.3112893066407,3.907989501953125,966.7305755615234
1760792509380694300,1896.2556943359375,3.878936767578125,966.7339324951172
1760792510325005300,1897.2000053710938,3.86572265625,966.7356872558594
1760792511269477400,1898.144477294922,3.849853515625,966.7372894287109
1760792512213850400,1899.0888503417968,3.849853515625,966.7372894287109
1760792513158045200,1900.0330451660157,3.85516357421875,966.7366027832031
1760792514102230300,1900.9772302246095,3.871002197265625,966.7350006103516
1760792515046368300,1901.9213681640624,3.88421630859375,966.7334747314453
1760792515990745300,1902.8657453613282,3.900054931640625,966.7314910888672
1760792516935247000,1903.8102470703125,3.923858642578125,966.7289733886719
1760792517879546000,1904.7545461425782,3.942352294921875,966.7267608642578
1760792518824008200,1905.6990083007813,3.950286865234375,966.7256927490234
1760792519768533200,1906.643533203125,3.963470458984375,966.7243194580078
1760792520712985300,1907.5879853515626,3.963470458984375,966.7243194580078
1760792521657417200,1908.5324172363282,3.95819091796875,966.7247772216797
1760792522601792300,1909.476792236328,3.939697265625,966.7270660400391
1760792523546220300,1910.4212202148437,3.907989501953125,966.7305755615234
1760792524490496300,1911.3654963378906,3.878936767578125,966.7340850830078
1760792525434721300,1912.3097211914062,3.849853515625,966.7372894287109
1760792526379118000,1913.2541181640624,3.83929443359375,966.7387390136719
1760792527323563300,1914.198563232422,3.834014892578125,966.7391204833984
1760792528268054300,1915.1430541992188,3.834014892578125,966.7391204833984
1760792529212513300,1916.0875131835937,3.836639404296875,966.7388153076172
1760792530157017300,1917.0320173339844,3.836639404296875,966.7388153076172
1760792531101616400,1917.976616455078,3.836639404296875,966.7389678955078
1760792532046103300,1918.9211032714843,3.836639404296875,966.7389678955078
1760792532990655200,1919.8656552734376,3.836639404296875,966.7388153076172
1760792533935209200,1920.8102092285155,3.841949462890625,966.7383575439453
1760792534879684000,1921.7546840820312,3.844573974609375,966.7381286621094
1760792535824198100,1922.6991982421875,3.849853515625,966.7375183105469
1760792536768783400,1923.6437834472656,3.852508544921875,966.7372131347656
1760792537713297400,1924.5882973632813,3.852508544921875,966.7372131347656
1760792538657969200,1925.5329692382813,3.852508544921875,966.7372131347656
1760792539602502400,1926.4775024414062,3.852508544921875,966.737060546875
1760792540546990000,1927.4219899902344,3.86572265625,966.7356872558594
1760792541491355100,1928.3663552246094,3.87628173828125,966.7343139648438
1760792542435938300,1929.310938232422,3.9027099609375,966.7313385009766
1760792543380390100,1930.2553901367187,3.92913818359375,966.7283630371094
1760792544324845300,1931.1998452148437,3.9476318359375,966.7259979248047
1760792545269447400,1932.1444475097655,3.9476318359375,966.7259979248047
1760792546214083000,1933.0890830078124,3.9476318359375,966.7261505126953
1760792547158578200,1934.033578125,3.92913818359375,966.7282104492188
1760792548103137300,1934.9781372070313,3.907989501953125,966.7306518554688
1760792549047712300,1935.922712158203,3.89215087890625,966.7324066162109
1760792549992320300,1936.8673203125,3.8736572265625,966.7347717285156
1760792550936866300,1937.8118662109375,3.863067626953125,966.7359161376953
1760792551881310200,1938.7563103027344,3.863067626953125,966.7359161376953
1760792552825610200,1939.7006103515625,3.871002197265625,966.7350769042969
1760792553769926400,1940.6449265136719,3.897430419921875,966.7318725585938
1760792554714090200,1941.5890903320312,3.923858642578125,966.7288970947266
1760792555658426400,1942.5334262695312,3.95819091796875,966.7249298095703
1760792556602732300,1943.4777321777344,3.9925537109375,966.7209625244141
1760792557547128300,1944.4221284179687,4.005767822265625,966.7194366455078
1760792558491322400,1945.366322265625,4.008392333984375,966.7192077636719
1760792559435529200,1946.310529296875,4.008392333984375,966.7191314697266
1760792560379785200,1947.25478515625,4.008392333984375,966.7190551757812
1760792561323985400,1948.1989853515624,4.008392333984375,966.7190551757812
1760792562268104200,1949.143104248047,4.00048828125,966.7198944091797
1760792563212281300,1950.08728125,3.99517822265625,966.7206573486328
1760792564156351200,1951.0313513183594,3.984619140625,966.7217254638672
1760792565100386300,1951.9753862304688,3.968780517578125,966.7237854003906
1760792566044482300,1952.919482421875,3.939697265625,966.7271423339844
1760792566988768300,1953.863768310547,3.926483154296875,966.7286682128906
1760792567932944400,1954.8079443359375,3.91326904296875,966.7299652099609
1760792568876906200,1955.75190625,3.907989501953125,966.7305755615234
1760792569820850400,1956.6958503417968,3.907989501953125,966.7305755615234
1760792570764658200,1957.639658203125,3.9185791015625,966.7294311523438
1760792571708644000,1958.5836440429687,3.942352294921875,966.7265319824219
1760792572652517400,1959.5275173339844,3.960845947265625,966.7244720458984
1760792573596487200,1960.471487060547,4.00048828125,966.7198944091797
1760792574540368400,1961.4153684082032,4.04541015625,966.7147064208984
1760792575484193300,1962.359193359375,4.0823974609375,966.7105102539062
1760792576428015400,1963.3030153808593,4.103515625,966.7081451416016
1760792577371936300,1964.246936279297,4.124664306640625,966.7057037353516
1760792578315626500,1965.1906264648437,4.124664306640625,966.7057037353516
1760792579259389200,1966.1343891601562,4.119384765625,966.7060852050781
1760792580203241500,1967.0782414550781,4.1114501953125,966.7070770263672
1760792581147065000,1968.0220651855468,4.090301513671875,966.7094421386719
1760792582090961200,1968.9659611816405,4.077117919921875,966.7110443115234
1760792583034730200,1969.9097302246093,4.053314208984375,966.7139434814453
1760792583978561300,1970.8535612792969,4.0374755859375,966.7156982421875
1760792584922289400,1971.7972893066406,4.0374755859375,966.7156982421875
1760792585865987300,1972.7409873046875,4.042755126953125,966.715087890625
1760792586809672400,1973.6846723632812,4.053314208984375,966.7139434814453
1760792587753434000,1974.6284340820312,4.0665283203125,966.7122650146484
1760792588697163300,1975.5721633300782,4.079742431640625,966.7109680175781
1760792589640957400,1976.5159575195312,4.079742431640625,966.7108154296875
1760792590584560000,1977.4595600585938,4.079742431640625,966.7108154296875
1760792591528239400,1978.4032392578124,4.071807861328125,966.7115783691406
1760792592472064300,1979.3470642089844,4.069183349609375,966.7121124267578
1760792593415733200,1980.290733154297,4.06390380859375,966.7125701904297
1760792594359351000,1981.2343510742187,4.05596923828125,966.7136383056641
1760792595302917000,1982.177917236328,4.0374755859375,966.7155456542969
1760792596246712300,1983.1217124023437,4.032196044921875,966.7161560058594
1760792597190562300,1984.0655622558593,4.026885986328125,966.7169189453125
1760792598134435000,1985.0094350585937,4.01898193359375,966.7177581787109
1760792599078125300,1985.9531252441407,4.01898193359375,966.7177581787109
1760792600021843200,1986.8968432617187,4.026885986328125,966.7169952392578
1760792600965458200,1987.8404582519531,4.026885986328125,966.7169189453125
1760792601909073400,1988.7840734863282,4.04010009765625,966.7154693603516
1760792602852773000,1989.7277731933593,4.053314208984375,966.7139434814453
1760792603796479200,1990.6714792480468,4.05859375,966.7132568359375
1760792604740322300,1991.615322265625,4.069183349609375,966.7119598388672
1760792605684265500,1992.5592653808594,4.0823974609375,966.7106628417969
1760792606628143400,1993.5031433105469,4.090301513671875,966.7096710205078
1760792607572025300,1994.447025390625,4.090301513671875,966.7096710205078
1760792608515949300,1995.39094921875,4.087677001953125,966.7098999023438
1760792609459998500,1996.3349985351563,4.087677001953125,966.7098999023438
1760792610403953400,1997.2789533691407,4.090301513671875,966.7094421386719
1760792611347955200,1998.222955078125,4.09295654296875,966.7091369628906
1760792612291860200,1999.1668601074218,4.095611572265625,966.7090606689453
1760792613235742200,2000.1107421875,4.095611572265625,966.7090606689453
1760792614179549200,2001.0545490722657,4.087677001953125,966.7099761962891
1760792615123313200,2001.9983132324219,4.071807861328125,966.7118072509766
1760792616067263500,2002.9422634277344,4.034820556640625,966.7160034179688
1760792617011295200,2003.8862951660155,4.00311279296875,966.7196655273438
1760792617955207400,2004.8302075195313,3.971405029296875,966.7232513427734
1760792618899251200,2005.774251220703,3.95819091796875,966.7250061035156
1760792619843211300,2006.7182111816405,3.939697265625,966.7270660400391
1760792620787278000,2007.6622780761718,3.934417724609375,966.7276763916016
1760792621731519200,2008.6065192871094,3.934417724609375,966.7276763916016
1760792622675580200,2009.550580078125,3.944976806640625,966.7262268066406
1760792623619672300,2010.4946723632813,3.952911376953125,966.7253875732422
1760792624563670300,2011.4386701660155,3.960845947265625,966.7245483398438
1760792625507711200,2012.3827111816406,3.9766845703125,966.7227935791016
1760792626451502300,2013.3265024414063,3.9766845703125,966.7227935791016
1760792627395357400,2014.270357421875,3.952911376953125,966.7255401611328
1760792628339340300,2015.2143403320313,3.926483154296875,966.7284393310547
1760792629283191300,2016.15819140625,3.894775390625,966.732177734375
1760792630227161000,2017.1021611328124,3.878936767578125,966.7340087890625
1760792631171138300,2018.0461381835937,3.863067626953125,966.7357635498047
1760792632115195400,2018.9901953125,3.863067626953125,966.7357635498047
1760792633059306500,2019.9343063964843,3.881561279296875,966.7337036132812
1760792634003436300,2020.878436279297,3.900054931640625,966.7317199707031
1760792634947633200,2021.8226330566406,3.91326904296875,966.7298889160156
1760792635891602200,2022.7666022949218,3.923858642578125,966.7287445068359
1760792636835549400,2023.710549560547,3.939697265625,966.7272186279297
1760792637779422200,2024.6544221191407,3.939697265625,966.7268371582031
1760792638723540200,2025.5985402832032,3.942352294921875,966.7267608642578
1760792639667387100,2026.5423872070312,3.944976806640625,966.7263031005859
1760792640611427300,2027.4864272460939,3.944976806640625,966.7262268066406
1760792641555387100,2028.4303872070313,3.944976806640625,966.7262268066406
1760792642499290000,2029.3742900390625,3.942352294921875,966.7265319824219
1760792643443289300,2030.3182893066407,3.939697265625,966.7270660400391
1760792644387193000,2031.2621931152344,3.934417724609375,966.7276763916016
1760792645331241500,2032.206241455078,3.91326904296875,966.7300415039062
1760792646275226400,2033.1502263183593,3.905364990234375,966.7310333251953
1760792647219349500,2034.094349609375,3.89215087890625,966.7326354980469
1760792648163378200,2035.038378173828,3.878936767578125,966.7340850830078
1760792649107451100,2035.982451171875,3.86834716796875,966.7353820800781
1760792650051640300,2036.9266403808595,3.86834716796875,966.7353820800781
1760792650995811300,2037.870811279297,3.86572265625,966.7354583740234
1760792651939862300,2038.8148623046875,3.86572265625,966.7354583740234
1760792652883941000,2039.7589411621093,3.878936767578125,966.7340850830078
1760792653827972000,2040.7029721679687,3.897430419921875,966.7317962646484
1760792654772091100,2041.6470910644532,3.905364990234375,966.7308807373047
1760792655716065300,2042.5910651855468,3.923858642578125,966.7288970947266
1760792656659882200,2043.5348823242186,3.944976806640625,966.7263793945312
1760792657603805200,2044.4788051757812,3.960845947265625,966.7246246337891
1760792658547668200,2045.4226682128906,3.9766845703125,966.7228698730469
1760792659491354000,2046.3663540039063,4.008392333984375,966.7192077636719
1760792660435329300,2047.3103293457032,4.0374755859375,966.7157745361328
1760792661379183400,2048.2541833496093,4.05859375,966.7131805419922
1760792662322928000,2049.197928222656,4.074462890625,966.71142578125
1760792663266861300,2050.141861328125,4.077117919921875,966.7111968994141
1760792664210560300,2051.0855603027344,4.077117919921875,966.7111968994141
1760792665154290200,2052.029290283203,4.071807861328125,966.7117309570312
1760792666098072300,2052.973072265625,4.071807861328125,966.7117309570312
1760792667041969400,2053.916969482422,4.071807861328125,966.7117309570312
1760792667985757400,2054.860757324219,4.0665283203125,966.7124938964844
1760792668929650400,2055.804650390625,4.06390380859375,966.7125701904297
1760792669873344300,2056.7483442382813,4.053314208984375,966.7139434814453
1760792670817332200,2057.6923322753905,4.04803466796875,966.7144012451172
1760792671761234200,2058.6362341308595,4.04541015625,966.7149353027344
1760792672705133300,2059.580133300781,4.042755126953125,966.7150115966797
1760792673649042400,2060.524042480469,4.042755126953125,966.7150115966797
1760792674592839200,2061.467839111328,4.042755126953125,966.7150115966797
1760792675536520200,2062.4115202636717,4.04803466796875,966.7146301269531
1760792676480152300,2063.35515234375,4.061248779296875,966.7130279541016
1760792677423889200,2064.2988891601562,4.077117919921875,966.7111206054688
1760792678367553300,2065.242553222656,4.09295654296875,966.7092895507812
1760792679311265300,2066.1862653808594,4.098236083984375,966.7086791992188
1760792680254989300,2067.1299892578127,4.098236083984375,966.7086791992188
1760792681198679300,2068.0736791992185,4.098236083984375,966.7086791992188
1760792682142265300,2069.0172653808595,4.098236083984375,966.7086791992188
1760792683085822500,2069.9608225097654,4.103515625,966.7081451416016
1760792684029294300,2070.904294433594,4.119384765625,966.7062377929688
1760792684972756500,2071.847756591797,4.132598876953125,966.7048645019531
1760792685916270300,2072.791270263672,4.1563720703125,966.7020416259766
1760792686859903200,2073.7349033203127,4.17486572265625,966.6996765136719
1760792687803501300,2074.6785012207033,4.18280029296875,966.6989135742188
1760792688747049200,2075.6220493164064,4.188079833984375,966.6982269287109
1760792689690622200,2076.5656223144533,4.19073486328125,966.6979217529297
1760792690634082300,2077.5090822753905,4.19073486328125,966.6979217529297
1760792691577566500,2078.45256640625,4.18280029296875,966.6989135742188
1760792692520958200,2079.3959582519533,4.180145263671875,966.6991424560547
1760792693464560400,2080.3395603027343,4.177520751953125,966.6995239257812
1760792694408270300,2081.283270263672,4.177520751953125,966.6996002197266
1760792695351876400,2082.226876464844,4.177520751953125,966.6996002197266
1760792696295441200,2083.1704411621095,4.177520751953125,966.6996002197266
1760792697238983200,2084.113983154297,4.17486572265625,966.6997528076172
1760792698182486300,2085.057486328125,4.169586181640625,966.7005157470703
1760792699125955300,2086.000955322266,4.161651611328125,966.7012786865234
1760792700069725200,2086.9447250976564,4.161651611328125,966.7013549804688
1760792701013281300,2087.88828125,4.159027099609375,966.7015838623047
1760792701957037300,2088.8320373535157,4.159027099609375,966.7015838623047
1760792702900735500,2089.7757355957033,4.1722412109375,966.7000579833984
1760792703844443400,2090.719443359375,4.1722412109375,966.7000579833984
1760792704788172300,2091.6631723632813,4.169586181640625,966.7003631591797
1760792705731788000,2092.6067880859373,4.161651611328125,966.7014312744141
1760792706675392300,2093.5503923339843,4.143157958984375,966.7034912109375
1760792707618930400,2094.493930419922,4.132598876953125,966.7046356201172
1760792708562599200,2095.4375991210936,4.12200927734375,966.7060089111328
1760792709506385400,2096.3813854980467,4.12200927734375,966.7060089111328
1760792710450193200,2097.3251931152345,4.12994384765625,966.7050170898438
1760792711394012200,2098.269012207031,4.151092529296875,966.7025756835938
1760792712337770200,2099.2127702636717,4.161651611328125,966.7014312744141
1760792713281620200,2100.1566201171877,4.161651611328125,966.7013549804688
1760792714225280300,2101.1002802734374,4.161651611328125,966.7013549804688
1760792715169128200,2102.044128173828,4.1563720703125,966.7018890380859
1760792716113069300,2102.9880693359373,4.1484375,966.702880859375
1760792717056836400,2103.931836425781,4.143157958984375,966.7034149169922
1760792718000577300,2104.875577392578,4.140533447265625,966.7036437988281
1760792718944406300,2105.81940625,4.140533447265625,966.7036437988281
1760792719888147500,2106.7631474609375,4.140533447265625,966.7036437988281
1760792720831952400,2107.706952392578,4.140533447265625,966.7036437988281
1760792721775786200,2108.6507861328123,4.14581298828125,966.7031097412109
1760792722719542300,2109.594542236328,4.1563720703125,966.7020416259766
1760792723663242200,2110.5382421875,4.16693115234375,966.7008972167969
1760792724606909200,2111.4819091796876,4.169586181640625,966.7005157470703
1760792725550596400,2112.425596435547,4.169586181640625,966.7005157470703
1760792726494233300,2113.3692333984377,4.164306640625,966.7010498046875
1760792727437861000,2114.3128610839844,4.161651611328125,966.7013549804688
1760792728381482200,2115.2564821777346,4.161651611328125,966.7013549804688
1760792729325100300,2116.2001003417968,4.16693115234375,966.7008972167969
1760792730268788200,2117.143788330078,4.188079833984375,966.6982269287109
1760792731212472300,2118.0874724121095,4.206573486328125,966.6961669921875
1760792732156126200,2119.0311262207033,4.214508056640625,966.6950988769531
1760792733099917000,2119.9749169921874,4.22772216796875,966.6937255859375
1760792734043605200,2120.9186052246096,4.24884033203125,966.6911315917969
1760792734987183400,2121.8621833496095,4.26470947265625,966.6895294189453
1760792735930657000,2122.805656982422,4.277923583984375,966.6877746582031
1760792736874086400,2123.749086425781,4.299072265625,966.6854858398438
1760792737817564200,2124.6925642089845,4.299072265625,966.6854858398438
1760792738761052400,2125.6360524902343,4.27264404296875,966.6884613037109
1760792739704411400,2126.579411376953,4.206573486328125,966.6960144042969
1760792740647755300,2127.522755371094,4.140533447265625,966.7037963867188
1760792741591067400,2128.4660673828125,4.074462890625,966.7113494873047
1760792742534504200,2129.4095041503906,4.008392333984375,966.7189788818359
1760792743477691100,2130.3526911621093,3.979339599609375,966.7224884033203
1760792744420997400,2131.295997314453,3.979339599609375,966.7224884033203
1760792745364167200,2132.2391672363283,3.9925537109375,966.7208862304688
1760792746307214300,2133.1822143554687,4.00311279296875,966.7195129394531
1760792747250423300,2134.1254233398436,4.01898193359375,966.7178344726562
1760792748193574100,2135.06857421875,4.042755126953125,966.7151641845703
1760792749136680400,2136.011680419922,4.06390380859375,966.7125701904297
1760792750079759400,2136.954759277344,4.0823974609375,966.7106628417969
1760792751022839300,2137.897839355469,4.095611572265625,966.7089080810547
1760792751965889300,2138.840889160156,4.114105224609375,966.7066955566406
1760792752908871200,2139.78387109375,4.12994384765625,966.7050933837891
1760792753851810300,2140.7268103027345,4.1484375,966.7029571533203
1760792754794648000,2141.669647949219,4.153717041015625,966.7023468017578
1760792755737397200,2142.612397216797,4.1722412109375,966.7000579833984
1760792756680161300,2143.555161376953,4.1722412109375,966.7000579833984
1760792757623001300,2144.4980014648436,4.16693115234375,966.7006683349609
1760792758566001200,2145.441001220703,4.16693115234375,966.7008972167969
1760792759508986000,2146.3839860839844,4.164306640625,966.7011260986328
1760792760451728400,2147.326728271484,4.16693115234375,966.7008972167969
1760792761394516200,2148.269516113281,4.16693115234375,966.7006683349609
1760792762337359000,2149.2123591308596,4.1722412109375,966.7002105712891
1760792763280230400,2150.15523046875,4.1722412109375,966.7001342773438
1760792764223112400,2151.0981125488283,4.1722412109375,966.7002105712891
1760792765165863200,2152.04086328125,4.1722412109375,966.7002105712891
1760792766108812300,2152.9838122558594,4.16693115234375,966.7008972167969
1760792767051698200,2153.9266982421873,4.16693115234375,966.7008972167969
1760792767994549200,2154.8695493164064,4.1722412109375,966.7001342773438
1760792768937410300,2155.8124104003905,4.1722412109375,966.7001342773438
1760792769880418300,2156.7554182128906,4.161651611328125,966.7012786865234
1760792770823206100,2157.6982060546875,4.161651611328125,966.7014312744141
1760792771766138400,2158.6411384277344,4.151092529296875,966.7026519775391
1760792772709020400,2159.5840205078125,4.143157958984375,966.7035675048828
1760792773651878400,2160.526878417969,4.132598876953125,966.7047882080078
1760792774594681300,2161.4696813964842,4.132598876953125,966.7047882080078
1760792775537467100,2162.4124670410156,4.135223388671875,966.7044067382812
1760792776480220400,2163.355220458984,4.13787841796875,966.7040252685547
1760792777423029200,2164.298029296875,4.13787841796875,966.7039489746094
1760792778365860000,2165.2408601074217,4.159027099609375,966.7017364501953
1760792779308850200,2166.1838500976564,4.16693115234375,966.7008972167969
1760792780251887400,2167.126887451172,4.16693115234375,966.7006683349609
1760792781194881300,2168.069881347656,4.169586181640625,966.7005157470703
1760792782137927200,2169.0129272460936,4.18280029296875,966.6988372802734
1760792783080892400,2169.9558923339846,4.196014404296875,966.6973114013672
1760792784023918000,2170.89891796875,4.209228515625,966.6959381103516
1760792784967032300,2171.8420322265624,4.225067138671875,966.6938781738281
1760792785910048300,2172.785048339844,4.243560791015625,966.6918182373047
1760792786853222400,2173.7282224121095,4.24884033203125,966.6912078857422
1760792787796102400,2174.671102294922,4.24884033203125,966.6911315917969
1760792788739156200,2175.61415625,4.25677490234375,966.6904449462891
1760792789682292200,2176.557292236328,4.26470947265625,966.689453125
1760792790625340200,2177.5003400878904,4.277923583984375,966.6880035400391
1760792791568418300,2178.4434182128907,4.288482666015625,966.6865539550781
1760792792511429400,2179.3864294433592,4.29376220703125,966.6859436035156
1760792793454444300,2180.3294443359373,4.304351806640625,966.6847229003906
1760792794397406500,2181.272406494141,4.304351806640625,966.6847229003906
1760792795340298200,2182.2152983398437,4.29376220703125,966.6861724853516
1760792796283131400,2183.1581313476563,4.288482666015625,966.6867828369141
1760792797225997300,2184.1009973144533,4.285858154296875,966.68701171875
1760792798168860200,2185.043860107422,4.269989013671875,966.6888427734375
1760792799111692300,2185.9866923828126,4.269989013671875,966.6888427734375
1760792800054347300,2186.929347167969,4.269989013671875,966.6888427734375
1760792800997051100,2187.8720510253906,4.27264404296875,966.6884613037109
1760792801939853300,2188.8148532714845,4.29376220703125,966.6860961914062
1760792802882684200,2189.757684082031,4.306976318359375,966.6844940185547
1760792803825330200,2190.700330078125,4.330780029296875,966.6817474365234
1760792804767957200,2191.6429572753905,4.351898193359375,966.6793823242188
1760792805710516200,2192.5855161132813,4.367767333984375,966.6773986816406
1760792806653145300,2193.528145263672,4.373046875,966.6768646240234
1760792807595745300,2194.470745361328,4.386260986328125,966.6754913330078
1760792808538280200,2195.4132802734375,4.396820068359375,966.6740417480469
1760792809480772400,2196.3557724609377,4.4100341796875,966.6725921630859
1760792810423278300,2197.2982783203124,4.412689208984375,966.6722106933594
1760792811365659100,2198.2406591796876,4.415313720703125,966.6721343994141
1760792812308069000,2199.183069091797,4.415313720703125,966.6721343994141
1760792813250474200,2200.1254741210937,4.39947509765625,966.6738128662109
1760792814192797200,2201.067797119141,4.39947509765625,966.6738891601562
1760792815135207200,2202.0102072753907,4.394195556640625,966.6744995117188
1760792816077680400,2202.9526804199218,4.39154052734375,966.6745758056641
1760792817019944200,2203.894944091797,4.39154052734375,966.6745758056641
1760792817962383400,2204.8373833007813,4.394195556640625,966.6742706298828
1760792818904791300,2205.7797912597657,4.39947509765625,966.6738128662109
1760792819847354000,2206.7223540039063,4.39947509765625,966.6738891601562
1760792820789798100,2207.664798095703,4.39947509765625,966.6738891601562
1760792821732113400,2208.6071135253906,4.386260986328125,966.6754913330078
1760792822674430500,2209.549430419922,4.359832763671875,966.6783905029297
1760792823616696300,2210.4916962890625,4.341339111328125,966.6803741455078
1760792824558953200,2211.433953125,4.3201904296875,966.6829681396484
1760792825501237200,2212.3762373046875,4.3201904296875,966.6829681396484
1760792826443376400,2213.318376464844,4.3201904296875,966.6829681396484
1760792827385578200,2214.260578125,4.333404541015625,966.6814422607422
1760792828327895000,2215.2028950195313,4.343963623046875,966.6801452636719
1760792829270151400,2216.1451513671873,4.3651123046875,966.6777801513672
1760792830212384300,2217.087384277344,4.378326416015625,966.6764068603516
1760792831154758100,2218.0297580566407,4.38360595703125,966.6757965087891
1760792832097225200,2218.972225097656,4.386260986328125,966.6754150390625
1760792833039690200,2219.914690185547,4.39154052734375,966.6745758056641
1760792833982038300,2220.857038330078,4.396820068359375,966.6741943359375
1760792834924357000,2221.7993571777342,4.407379150390625,966.6728210449219
1760792835866722300,2222.7417224121095,4.407379150390625,966.6728210449219
1760792836808953300,2223.6839533691405,4.39947509765625,966.6737365722656
1760792837751109400,2224.626109375,4.39947509765625,966.6737365722656
1760792838693380400,2225.5683803710936,4.407379150390625,966.6728210449219
1760792839635486500,2226.5104865722656,4.415313720703125,966.6721343994141
1760792840577640200,2227.452640136719,4.42852783203125,966.6704559326172
1760792841519945500,2228.394945556641,4.4549560546875,966.6675567626953
1760792842462258400,2229.337258544922,4.46551513671875,966.6661071777344
1760792843404427300,2230.2794272460937,4.48138427734375,966.6641998291016
1760792844346568400,2231.221568359375,4.497222900390625,966.6626739501953
1760792845288858000,2232.163858154297,4.50250244140625,966.6619110107422
1760792846231100400,2233.1061003417967,4.50250244140625,966.6618347167969
1760792847173218300,2234.048218261719,4.50250244140625,966.6618347167969
1760792848115378400,2234.9903784179687,4.50250244140625,966.6618347167969
1760792849057520000,2235.9325200195312,4.4998779296875,966.6623687744141
1760792849999724000,2236.8747241210935,4.497222900390625,966.6626739501953
1760792850941964000,2237.816964111328,4.497222900390625,966.6626739501953
1760792851884116200,2238.7591162109375,4.4998779296875,966.6622924804688
1760792852826224400,2239.7012243652343,4.515716552734375,966.6602325439453
1760792853768354300,2240.6433542480468,4.531585693359375,966.6586303710938
1760792854710464300,2241.585464355469,4.550079345703125,966.6565704345703
1760792855652430300,2242.527430419922,4.56329345703125,966.6549682617188
1760792856594454300,2243.469454345703,4.568572998046875,966.6542053222656
1760792857536470300,2244.4114702148436,4.568572998046875,966.6542053222656
1760792858478391300,2245.353391357422,4.560638427734375,966.6550445556641
1760792859420135200,2246.295135253906,4.560638427734375,966.6550445556641
1760792860361995300,2247.236995361328,4.560638427734375,966.6550445556641
1760792861303882200,2248.1788823242186,4.56329345703125,966.6547393798828
1760792862245782300,2249.1207822265624,4.57122802734375,966.6539764404297
1760792863187870200,2250.0628701171877,4.576507568359375,966.6534423828125
1760792864129785300,2251.0047854003906,4.579132080078125,966.6529846191406
1760792865071779300,2251.946779296875,4.584442138671875,966.6525268554688
1760792866013760300,2252.888760253906,4.59234619140625,966.651611328125
1760792866955635200,2253.830635253906,4.59234619140625,966.651611328125
1760792867897551400,2254.772551269531,4.59234619140625,966.651611328125
1760792868839629000,2255.7146291503905,4.5897216796875,966.6518402099609
1760792869781765000,2256.6567651367186,4.587066650390625,966.6521453857422
1760792870723915300,2257.598915283203,4.57122802734375,966.6538238525391
1760792871666079200,2258.541079345703,4.560638427734375,966.6550445556641
1760792872608324400,2259.483324462891,4.552734375,966.6560363769531
1760792873550576000,2260.425576171875,4.552734375,966.6560363769531
1760792874492831200,2261.367831298828,4.560638427734375,966.6553497314453
1760792875435061200,2262.310061279297,4.560638427734375,966.6551208496094
1760792876377383200,2263.2523830566406,4.560638427734375,966.6551208496094
1760792877319729400,2264.1947294921874,4.560638427734375,966.6551971435547
1760792878262168000,2265.13716796875,4.542144775390625,966.6573333740234
1760792879204737300,2266.0797373046876,4.51837158203125,966.6599273681641
1760792880147159300,2267.0221591796876,4.4998779296875,966.6622161865234
1760792881089572000,2267.9645720214844,4.476104736328125,966.6648101806641
1760792882032076300,2268.907076171875,4.447021484375,966.6681671142578
1760792882974674200,2269.8496740722658,4.4259033203125,966.6706848144531
1760792883917154300,2270.792154296875,4.396820068359375,966.6741180419922
1760792884859754200,2271.7347541503905,4.388885498046875,966.6750335693359
1760792885802320100,2272.677320068359,4.388885498046875,966.6750335693359
1760792886744919300,2273.619919189453,4.402099609375,966.6735076904297
1760792887687429000,2274.562429199219,4.431182861328125,966.6699981689453
1760792888629925400,2275.504925292969,4.470794677734375,966.6657257080078
1760792889572523300,2276.4475231933593,4.491943359375,966.6630554199219
1760792890515208200,2277.390208251953,4.5078125,966.661376953125
1760792891457871000,2278.33287109375,4.515716552734375,966.6604614257812
1760792892400502300,2279.2755021972657,4.523651123046875,966.6594696044922
1760792893343215000,2280.2182150878907,4.52630615234375,966.6593170166016
1760792894285781500,2281.160781494141,4.534210205078125,966.6580963134766
1760792895228285400,2282.1032854003906,4.5447998046875,966.6569519042969
1760792896170730200,2283.0457302246095,4.55535888671875,966.6558837890625
1760792897113296400,2283.988296386719,4.558013916015625,966.6554260253906
1760792898055751400,2284.9307514648435,4.568572998046875,966.6543579101562
1760792898998276400,2285.8732763671874,4.57122802734375,966.6539001464844
1760792899940797400,2286.815797363281,4.576507568359375,966.6533660888672
1760792900883272200,2287.7582722167967,4.579132080078125,966.6532135009766
1760792901825807400,2288.7008073730467,4.579132080078125,966.6532135009766
1760792902768120300,2289.6431203613283,4.560638427734375,966.6551208496094
1760792903710616300,2290.5856162109376,4.550079345703125,966.6565704345703
1760792904653084200,2291.5280842285156,4.539520263671875,966.6575622558594
1760792905595675100,2292.470675048828,4.52630615234375,966.6592407226562
1760792906538146300,2293.4131462402343,4.52630615234375,966.6592407226562
1760792907480596200,2294.355596191406,4.52630615234375,966.6592407226562
1760792908423099400,2295.2980993652345,4.52630615234375,966.6592407226562
1760792909365545200,2296.2405451660156,4.51837158203125,966.6600799560547
1760792910308108300,2297.1831083984375,4.515716552734375,966.6603088378906
1760792911250628400,2298.1256284179685,4.50250244140625,966.6620635986328
1760792912193101000,2299.0681010742187,4.486663818359375,966.6636657714844
1760792913135468300,2300.010468261719,4.468170166015625,966.6660308837891
1760792914077800200,2300.9528002929687,4.449676513671875,966.6680908203125
1760792915020242200,2301.8952421875,4.42852783203125,966.6705322265625
1760792915962631200,2302.837631103516,4.4100341796875,966.6725921630859
1760792916904964000,2303.779964111328,4.39154052734375,966.6746520996094
1760792917847256000,2304.7222561035155,4.39154052734375,966.6746520996094
1760792918789491200,2305.6644912109373,4.39154052734375,966.6745758056641
1760792919731725300,2306.606725341797,4.404754638671875,966.6732788085938
1760792920673886200,2307.5488862304687,4.41796875,966.6716766357422
1760792921616234200,2308.4912341308595,4.433807373046875,966.6697692871094
1760792922558536200,2309.4335361328126,4.447021484375,966.6683959960938
1760792923500800300,2310.375800292969,4.462890625,966.6664123535156
1760792924443115300,2311.318115234375,4.4840087890625,966.6640472412109
1760792925385443300,2312.260443359375,4.505157470703125,966.6616058349609
1760792926327953400,2313.2029533691407,4.51837158203125,966.6600799560547
1760792927270423300,2314.1454233398435,4.521026611328125,966.6598510742188
1760792928212813300,2315.087813232422,4.521026611328125,966.6598510742188
1760792929155160000,2316.03016015625,4.521026611328125,966.6598510742188
1760792930097529000,2316.9725290527344,4.521026611328125,966.6598510742188
1760792931039895300,2317.914895263672,4.5289306640625,966.6588592529297
1760792931982258400,2318.857258544922,4.534210205078125,966.6581726074219
1760792932924750300,2319.799750244141,4.5447998046875,966.6570281982422
1760792933867164400,2320.7421643066405,4.5447998046875,966.6570281982422
1760792934809497300,2321.684497314453,4.536865234375,966.6578674316406
1760792935752011300,2322.6270112304687,4.52630615234375,966.6592407226562
1760792936694456300,2323.5694562988283,4.51837158203125,966.66015625
1760792937636963300,2324.5119633789063,4.51837158203125,966.66015625
1760792938579280400,2325.4542802734377,4.523651123046875,966.6596221923828
1760792939521698300,2326.3966982421875,4.536865234375,966.6580200195312
1760792940464312300,2327.3393122558596,4.558013916015625,966.6556549072266
1760792941406829300,2328.281829345703,4.581787109375,966.6529083251953
1760792942349425400,2329.2244252929686,4.59234619140625,966.651611328125
1760792943291964400,2330.1669643554687,4.60821533203125,966.6497039794922
1760792944234405400,2331.1094052734375,4.60821533203125,966.6497039794922
1760792945176891400,2332.051891357422,4.597625732421875,966.6509246826172
1760792946119214300,2332.9942143554686,4.576507568359375,966.6534423828125
1760792947061698300,2333.9366982421875,4.55535888671875,966.6557312011719
1760792948004176400,2334.8791762695314,4.531585693359375,966.6584777832031
1760792948946676200,2335.821676269531,4.52630615234375,966.6593170166016
1760792949889150500,2336.764150390625,4.52630615234375,966.6593170166016
1760792950831624200,2337.7066242675783,4.536865234375,966.6580200195312
1760792951774161400,2338.649161376953,4.539520263671875,966.65771484375
1760792952716620300,2339.5916203613283,4.5447998046875,966.6569519042969
1760792953659007200,2340.5340073242187,4.552734375,966.6562652587891
1760792954601233200,2341.476233154297,4.56329345703125,966.6548919677734
1760792955543472400,2342.418472412109,4.568572998046875,966.6543579101562
1760792956485766100,2343.3607661132814,4.5738525390625,966.6536712646484
1760792957428051200,2344.3030512695314,4.59234619140625,966.6515350341797
1760792958370324500,2345.2453244628905,4.61083984375,966.6493988037109
1760792959312716300,2346.1877163085937,4.626708984375,966.6475677490234
1760792960255092500,2347.1300925292967,4.6346435546875,966.6466522216797
1760792961197533400,2348.0725334472654,4.6346435546875,966.6465759277344
1760792962139702300,2349.0147023925783,4.639923095703125,966.6459655761719
1760792963081863200,2349.95686328125,4.639923095703125,966.6459655761719
1760792964023913500,2350.8989135742186,4.639923095703125,966.6461944580078
1760792964965873200,2351.840873046875,4.631988525390625,966.6470336914062
1760792965907981000,2352.782980957031,4.631988525390625,966.6470336914062
1760792966850185200,2353.725185302734,4.621429443359375,966.6482543945312
1760792967792416300,2354.6674162597656,4.613494873046875,966.6490173339844
1760792968734558500,2355.6095583496094,4.605560302734375,966.6500091552734
1760792969676568300,2356.551568359375,4.602935791015625,966.650390625
1760792970618551300,2357.493551269531,4.597625732421875,966.6509246826172
1760792971560453000,2358.435453125,4.595001220703125,966.6511535644531
1760792972502555400,2359.377555419922,4.595001220703125,966.6511535644531
1760792973444581400,2360.3195812988283,4.595001220703125,966.6513061523438
1760792974386600200,2361.2616000976564,4.597625732421875,966.6508483886719
1760792975328762400,2362.2037624511718,4.597625732421875,966.6508483886719
1760792976270809000,2363.145809082031,4.61614990234375,966.6487121582031
1760792977212761000,2364.0877609863282,4.624053955078125,966.6477203369141
1760792978154747100,2365.0297470703126,4.631988525390625,966.6468811035156
1760792979096788200,2365.971788330078,4.647857666015625,966.6450500488281
1760792980038829300,2366.913829345703,4.668975830078125,966.6427612304688
1760792980980886300,2367.855886230469,4.68218994140625,966.6411590576172
1760792981922903300,2368.7979033203123,4.695404052734375,966.6394805908203
1760792982864748300,2369.7397482910155,4.705963134765625,966.6384887695312
1760792983806610400,2370.6816103515625,4.716552734375,966.6371917724609
1760792984748592400,2371.623592285156,4.721832275390625,966.6367340087891
1760792985690528300,2372.5655283203123,4.721832275390625,966.6365051269531
1760792986632451300,2373.5074514160156,4.73504638671875,966.6350555419922
1760792987574317300,2374.4493173828123,4.73504638671875,966.6350555419922
1760792988516094200,2375.3910942382813,4.668975830078125,966.6426086425781
1760792989457829000,2376.3328291015623,4.595001220703125,966.6513061523438
1760792990399476200,2377.2744763183596,4.505157470703125,966.6616821289062
1760792991341007400,2378.216007324219,4.388885498046875,966.6751098632812
1760792992282499300,2379.1574992675783,4.299072265625,966.6854095458984
1760792993224159200,2380.0991591796874,4.259429931640625,966.6899871826172
1760792994165573400,2381.040573486328,4.23565673828125,966.6928100585938
1760792995106905300,2381.9819052734374,4.225067138671875,966.6941070556641
1760792996048286200,2382.9232861328123,4.21185302734375,966.6954803466797
1760792996989713200,2383.8647131347657,4.2012939453125,966.6967010498047
1760792997931211300,2384.8062111816407,4.2012939453125,966.6967010498047
1760792998872663300,2385.747663330078,4.206573486328125,966.6960906982422
1760792999814086100,2386.6890861816405,4.209228515625,966.6957092285156
1760793000755381200,2387.630381347656,4.21185302734375,966.6954040527344
1760793001696712200,2388.571712158203,4.21978759765625,966.6947174072266
1760793002637967400,2389.5129672851563,4.2303466796875,966.6933441162109
1760793003579150000,2390.454150146484,4.2303466796875,966.6933441162109
1760793004520315100,2391.3953151855467,4.23565673828125,966.6928863525391
1760793005461306400,2392.3363063964844,4.23565673828125,966.6928863525391
1760793006402323200,2393.2773232421873,4.243560791015625,966.6918182373047
1760793007343365000,2394.218365234375,4.243560791015625,966.6918182373047
1760793008284344300,2395.1593442382814,4.240936279296875,966.6922760009766
1760793009225444400,2396.1004443359375,4.240936279296875,966.6922760009766
1760793010166644200,2397.041644287109,4.2462158203125,966.6915893554688
1760793011107909000,2397.9829091796873,4.267364501953125,966.6889953613281
1760793012049163300,2398.924163330078,4.285858154296875,966.6868591308594
1760793012990417200,2399.865417236328,4.312255859375,966.6838836669922
1760793013931640000,2400.8066401367187,4.3360595703125,966.6812133789062
1760793014872629200,2401.747629150391,4.3360595703125,966.6812133789062
1760793015813617200,2402.6886171875,4.3360595703125,966.6813659667969
1760793016754517200,2403.6295173339845,4.333404541015625,966.6814422607422
1760793017695383300,2404.570383300781,4.328125,966.6822052001953
1760793018636147200,2405.511147216797,4.31756591796875,966.6834259033203
1760793019576856300,2406.4518562011717,4.314910888671875,966.6835784912109
1760793020517602300,2407.3926022949217,4.312255859375,966.6838073730469
1760793021458293200,2408.3332932128906,4.306976318359375,966.6843414306641
1760793022399072300,2409.274072265625,4.306976318359375,966.6843414306641
1760793023339860200,2410.214860107422,4.30963134765625,966.6842651367188
1760793024280540200,2411.1555400390625,4.30963134765625,966.6841888427734
1760793025221267200,2412.096267089844,4.30963134765625,966.6842651367188
1760793026161953300,2413.0369533691405,4.30169677734375,966.6852569580078
1760793027102556200,2413.977556152344,4.299072265625,966.6855621337891
1760793028043161000,2414.9181611328127,4.280548095703125,966.6876983642578
1760793028983835100,2415.8588352050783,4.262054443359375,966.6896820068359
1760793029924522200,2416.799522216797,4.222442626953125,966.6942596435547
1760793030865260300,2417.7402602539064,4.193359375,966.6978454589844
1760793031805838300,2418.680838378906,4.153717041015625,966.7021942138672
1760793032746404000,2419.6214040527343,4.116729736328125,966.7066192626953
1760793033687100200,2420.562100097656,4.08502197265625,966.7102813720703
1760793034627895300,2421.5028952636717,4.0665283203125,966.7122650146484
1760793035568717300,2422.4437172851563,4.050689697265625,966.7143249511719
1760793036509452300,2423.384452392578,4.032196044921875,966.7163848876953
1760793037450006300,2424.325006347656,4.016326904296875,966.7180633544922
1760793038390606000,2425.265606201172,4.008392333984375,966.7190551757812
1760793039331211300,2426.206211181641,4.008392333984375,966.7190551757812
1760793040271809300,2427.146809326172,4.008392333984375,966.7190551757812
1760793041212607500,2428.087607421875,4.016326904296875,966.7182922363281
1760793042153292300,2429.028292236328,4.0374755859375,966.7157745361328
1760793043093998000,2429.968998046875,4.05596923828125,966.7135620117188
1760793044034809300,2430.909809326172,4.071807861328125,966.7118835449219
1760793044975604200,2431.8506042480467,4.09295654296875,966.7093658447266
1760793045916371500,2432.7913713378907,4.12200927734375,966.7060089111328
1760793046857039000,2433.7320390625,4.1484375,966.7028045654297
1760793047797660400,2434.6726604003907,4.17486572265625,966.6997528076172
1760793048738310400,2435.6133103027346,4.203948974609375,966.6965484619141
1760793049678910200,2436.55391015625,4.225067138671875,966.6941070556641
1760793050619450400,2437.494450439453,4.225067138671875,966.6941070556641
1760793051560043300,2438.435043212891,4.225067138671875,966.6939544677734
1760793052500639200,2439.3756391601564,4.22772216796875,966.6937255859375
1760793053441171200,2440.3161711425782,4.233001708984375,966.693115234375
1760793054381593300,2441.2565932617185,4.23565673828125,966.6928100585938
1760793055321891300,2442.196891357422,4.23565673828125,966.6928100585938
1760793056262388200,2443.137388183594,4.23565673828125,966.6928100585938
1760793057202822100,2444.077822265625,4.233001708984375,966.693115234375
1760793058143354000,2445.018354003906,4.233001708984375,966.6931915283203
1760793059083851300,2445.9588513183594,4.233001708984375,966.6931915283203
1760793060024311300,2446.899311279297,4.23565673828125,966.6927337646484
1760793060964706300,2447.8397062988283,4.2462158203125,966.6916656494141
1760793061905098200,2448.780098144531,4.254150390625,966.6905975341797
1760793062845268200,2449.720268310547,4.25677490234375,966.6904449462891
1760793063785487000,2450.660487060547,4.25677490234375,966.6904449462891
1760793064725850400,2451.600850341797,4.24884033203125,966.6914367675781
1760793065666365400,2452.5413654785157,4.24884033203125,966.6914367675781
1760793066606841300,2453.4818413085936,4.24884033203125,966.6911315917969
1760793067547363300,2454.42236328125,4.259429931640625,966.6899871826172
1760793068487822300,2455.362822265625,4.277923583984375,966.6877746582031
1760793069428283100,2456.303283203125,4.306976318359375,966.6844940185547
1760793070368696300,2457.2436962890624,4.322845458984375,966.6826629638672
1760793071309187000,2458.1841870117187,4.33868408203125,966.6806793212891
1760793072249712000,2459.1247121582032,4.341339111328125,966.6805267333984
1760793073190042400,2460.065042480469,4.343963623046875,966.6801452636719
1760793074130276000,2461.0052761230468,4.357177734375,966.6788482666016
1760793075070585300,2461.945585449219,4.359832763671875,966.6785430908203
1760793076011228400,2462.886228515625,4.373046875,966.6770172119141
1760793076951682300,2463.826682373047,4.38360595703125,966.6757202148438
1760793077892159200,2464.7671591796875,4.388885498046875,966.6749572753906
1760793078832559400,2465.707559326172,4.39154052734375,966.6745758056641
1760793079773006000,2466.6480061035154,4.404754638671875,966.6731262207031
1760793080713377300,2467.588377197266,4.412689208984375,966.6722106933594
1760793081653817000,2468.528817138672,4.423248291015625,966.671142578125
1760793082594272300,2469.469272216797,4.447021484375,966.6684722900391
1760793083534811100,2470.409811035156,4.460235595703125,966.6668701171875
1760793084475110400,2471.3501103515623,4.47344970703125,966.6653442382812
1760793085415407000,2472.2904069824217,4.478729248046875,966.6645812988281
1760793086355886300,2473.230886230469,4.4840087890625,966.6639709472656
1760793087296334300,2474.1713342285157,4.48931884765625,966.6634368896484
1760793088236763100,2475.1117631835937,4.497222900390625,966.6624450683594
1760793089176965000,2476.0519650878905,4.51837158203125,966.66015625
1760793090117247200,2476.992247314453,4.531585693359375,966.6584777832031
1760793091057484000,2477.9324841308594,4.550079345703125,966.656494140625
1760793091997700000,2478.8727001953125,4.57122802734375,966.654052734375
1760793092938021000,2479.8130212402343,4.602935791015625,966.6503143310547
1760793093878228200,2480.753228271484,4.631988525390625,966.6469573974609
1760793094818381300,2481.693381347656,4.6346435546875,966.646728515625
1760793095758437000,2482.633437011719,4.639923095703125,966.6461944580078
1760793096698486300,2483.573486328125,4.647857666015625,966.6451263427734
1760793097638368300,2484.5133681640623,4.647857666015625,966.6451263427734
1760793098578163500,2485.4531635742187,4.647857666015625,966.6451263427734
1760793099518038300,2486.393038330078,4.650482177734375,966.6448211669922
1760793100457901300,2487.3329013671873,4.65313720703125,966.6443634033203
1760793101397706200,2488.2727062988283,4.65313720703125,966.6443634033203
1760793102337448400,2489.212448486328,4.650482177734375,966.6447448730469
1760793103277086200,2490.1520861816407,4.63726806640625,966.6463470458984
1760793104216887300,2491.091887207031,4.621429443359375,966.6482543945312
1760793105156671200,2492.031671142578,4.602935791015625,966.650390625
1760793106096555300,2492.9715551757813,4.587066650390625,966.6520690917969
1760793107036375300,2493.911375244141,4.587066650390625,966.6520690917969
1760793107976255200,2494.851255126953,4.597625732421875,966.6510772705078
1760793108915671300,2495.7906713867187,4.602935791015625,966.6502380371094
1760793109855207200,2496.7302072753905,4.60821533203125,966.6497039794922
1760793110794753300,2497.669753173828,4.60821533203125,966.6497039794922
1760793111734437000,2498.609437011719,4.568572998046875,966.6542053222656
1760793112674142500,2499.549142578125,4.52630615234375,966.6590881347656
1760793113613919200,2500.488919189453,4.486663818359375,966.6636657714844
1760793114553524200,2501.4285241699217,4.462890625,966.6664123535156
1760793115493017000,2502.3680170898438,4.460235595703125,966.6669464111328
1760793116432328200,2503.307328125,4.460235595703125,966.6669464111328
1760793117371719400,2504.2467194824217,4.462890625,966.6665649414062
1760793118311352300,2505.186352294922,4.462890625,966.6665649414062
1760793119250915300,2506.125915283203,4.447021484375,966.6682434082031
1760793120190544400,2507.065544433594,4.402099609375,966.6735076904297
1760793121130043400,2508.005043457031,4.36248779296875,966.6782379150391
1760793122069496000,2508.94449609375,4.31756591796875,966.6834259033203
1760793123008894200,2509.8838942871093,4.280548095703125,966.6875457763672
1760793123948427300,2510.8234272460936,4.259429931640625,966.6900634765625
1760793124887953400,2511.7629533691406,4.251495361328125,966.6907501220703
1760793125827365000,2512.702365234375,4.251495361328125,966.6909027099609
1760793126766785300,2513.6417854003907,4.2462158203125,966.6917419433594
1760793127706037200,2514.5810373535155,4.23565673828125,966.6926574707031
1760793128645412000,2515.520412109375,4.214508056640625,966.6953277587891
1760793129584837000,2516.4598371582033,4.2012939453125,966.69677734375
1760793130524311300,2517.399311279297,4.193359375,966.6975402832031
1760793131463849200,2518.338849121094,4.177520751953125,966.6994476318359
1760793132403265300,2519.2782653808595,4.177520751953125,966.6994476318359
1760793133342729200,2520.217729248047,4.18280029296875,966.6989898681641
1760793134282182100,2521.1571821289062,4.193359375,966.6978454589844
1760793135221595400,2522.096595458984,4.2012939453125,966.6968536376953
1760793136161100000,2523.0361000976563,4.225067138671875,966.6938781738281
1760793137100465400,2523.975465332031,4.262054443359375,966.6896057128906
1760793138039948300,2524.9149482421876,4.285858154296875,966.68701171875
1760793138979345400,2525.8543454589844,4.312255859375,966.6838073730469
1760793139918688300,2526.793688232422,4.3360595703125,966.6811370849609
1760793140858052400,2527.733052246094,4.343963623046875,966.6801452636719
1760793141797567500,2528.6725673828123,4.343963623046875,966.6801452636719
1760793142737035300,2529.61203515625,4.33868408203125,966.6806793212891
1760793143676516400,2530.551516357422,4.33868408203125,966.6806793212891
1760793144616055300,2531.491055175781,4.341339111328125,966.6803741455078
1760793145555359500,2532.430359375,4.359832763671875,966.6783142089844
1760793146494793200,2533.3697932128907,4.402099609375,966.6736602783203
1760793147434362000,2534.309362060547,4.457611083984375,966.6672515869141
1760793148373947400,2535.2489475097655,4.51837158203125,966.6600799560547
1760793149313351200,2536.1883510742186,4.560638427734375,966.6550445556641
1760793150252746200,2537.1277463378906,4.587066650390625,966.6520690917969
1760793151192179200,2538.0671791992186,4.587066650390625,966.6520690917969
1760793152131915300,2539.006915283203,4.587066650390625,966.6520690917969
1760793153071521300,2539.9465212402342,4.57122802734375,966.6539764404297
1760793154011220200,2540.886220214844,4.550079345703125,966.6564178466797
1760793154950866200,2541.8258662109374,4.523651123046875,966.6593933105469
1760793155890365400,2542.765365478516,4.5078125,966.6613006591797
1760793156829984300,2543.704984375,4.48931884765625,966.6635894775391
1760793157769525200,2544.6445251464843,4.322845458984375,966.6826629638672
1760793158709032200,2545.5840322265626,4.1114501953125,966.7071533203125
1760793159648605400,2546.52360546875,3.82080078125,966.7408752441406
1760793160588038100,2547.4630380859376,3.538055419921875,966.7733764648438
1760793161527505200,2548.402505126953,3.300262451171875,966.8008422851562
1760793162467096300,2549.342096435547,3.183990478515625,966.8144989013672
1760793163406495200,2550.2814951171877,3.181365966796875,966.8147277832031
1760793164345965300,2551.220965332031,3.181365966796875,966.8147277832031
1760793165285671200,2552.160671142578,3.207794189453125,966.8117523193359
1760793166225271300,2553.100271240234,3.23419189453125,966.8084716796875
1760793167165092400,2554.0400922851563,3.27911376953125,966.8033599853516
1760793168104820200,2554.9798203125,3.31610107421875,966.79931640625
1760793169044620300,2555.9196203613283,3.363677978515625,966.7935180664062
1760793169984362200,2556.8593623046877,3.408599853515625,966.7885589599609
1760793170924323300,2557.7993232421877,3.435028076171875,966.7853546142578
1760793171864268300,2558.739268310547,3.4482421875,966.7837524414062
1760793172804170500,2559.679170410156,3.46673583984375,966.7816925048828
1760793173743916300,2560.6189162597657,3.48785400390625,966.7794036865234
1760793174683778300,2561.5587783203123,3.51165771484375,966.7766571044922
1760793175623618300,2562.498618408203,3.519561767578125,966.7756652832031
1760793176563523300,2563.4385234375,3.527496337890625,966.7746734619141
1760793177503554300,2564.378554199219,3.527496337890625,966.7746734619141
1760793178443632400,2565.318632324219,3.501068115234375,966.7777252197266
1760793179383667200,2566.258667236328,3.472015380859375,966.781005859375
1760793180323760400,2567.198760498047,3.445587158203125,966.7840576171875
1760793181263995100,2568.1389951171873,3.41387939453125,966.7876434326172
1760793182204273200,2569.0792731933593,3.38482666015625,966.7913055419922
1760793183144414200,2570.0194143066406,3.36102294921875,966.7939758300781
1760793184084722200,2570.9597221679687,3.347808837890625,966.7955017089844
1760793185025144300,2571.9001442871095,3.342529296875,966.7961120605469
1760793185965470200,2572.8404702148437,3.342529296875,966.7961883544922
1760793186905794300,2573.780794189453,3.342529296875,966.7961883544922
1760793187846261200,2574.721261230469,3.36102294921875,966.7940521240234
1760793188786737200,2575.661737060547,3.36895751953125,966.7930603027344
1760793189727248100,2576.602248046875,3.36895751953125,966.7930603027344
1760793190667874300,2577.542874267578,3.36895751953125,966.7931365966797
1760793191608449300,2578.48344921875,3.363677978515625,966.7935180664062
1760793192548989200,2579.4239892578125,3.363677978515625,966.7935180664062
1760793193489540400,2580.364540283203,3.33197021484375,966.7971801757812
1760793194430131200,2581.3051311035156,3.29498291015625,966.8014526367188
1760793195370684400,2582.245684326172,3.29498291015625,966.8014526367188
1760793196311398100,2583.1863981933593,3.30291748046875,966.8006134033203
1760793197252230100,2584.1272302246093,3.353118896484375,966.7947387695312
1760793198193007000,2585.068007080078,3.435028076171875,966.7854309082031
1760793199133864200,2586.0088642578125,3.543365478515625,966.7729949951172
1760793200074755000,2586.9497551269533,3.656982421875,966.7596435546875
1760793201015716400,2587.8907163085937,3.754730224609375,966.7485046386719
1760793201956650200,2588.831650146484,3.82080078125,966.7408752441406
1760793202897620200,2589.7726201171877,3.86572265625,966.7354583740234
1760793203838601500,2590.7136015625,3.88421630859375,966.7333221435547
1760793204779703300,2591.6547033691404,3.886871337890625,966.7331695556641
1760793205721001200,2592.5960012207033,3.886871337890625,966.7330932617188
1760793206662255400,2593.5372553710936,3.886871337890625,966.7330169677734
1760793207603495400,2594.478495361328,3.886871337890625,966.7330169677734
1760793208544600300,2595.419600341797,3.878936767578125,966.7340087890625
1760793209485838000,2596.360838134766,3.8736572265625,966.7346954345703
1760793210426990300,2597.301990234375,3.86834716796875,966.7351531982422
1760793211368100000,2598.243100097656,3.849853515625,966.7373657226562
1760793212309331200,2599.184331298828,3.834014892578125,966.7393493652344
1760793213250581200,2600.125581298828,3.82342529296875,966.7405700683594
1760793214191731200,2601.066731201172,3.8128662109375,966.7417144775391
1760793215133015000,2602.0080151367188,3.791717529296875,966.7442321777344
1760793216074281200,2602.94928125,3.754730224609375,966.7483520507812
1760793217015609300,2603.890609375,3.728302001953125,966.7515563964844
1760793217956908300,2604.831908203125,3.69659423828125,966.7549896240234
1760793218898251300,2605.773251220703,3.66754150390625,966.7585754394531
1760793219839638300,2606.7146381835937,3.627899169921875,966.7629241943359
1760793220781145300,2607.656145263672,3.598846435546875,966.7664337158203
1760793221722539300,2608.5975393066406,3.55126953125,966.7718505859375
1760793222663983400,2609.5389833984377,3.516937255859375,966.7759704589844
1760793223605537300,2610.4805373535155,3.48785400390625,966.7793273925781
1760793224547202300,2611.422202392578,3.474639892578125,966.7809295654297
1760793225488819500,2612.3638193359375,3.474639892578125,966.7809295654297
1760793226430591200,2613.3055913085936,3.490509033203125,966.7790222167969
1760793227372364300,2614.2473642578125,3.509002685546875,966.7768859863281
1760793228314148000,2615.1891481933594,3.51165771484375,966.7765808105469
1760793229255933200,2616.1309331054686,3.51165771484375,966.7765808105469
1760793230197849300,2617.0728493652346,3.472015380859375,966.781005859375
1760793231139682300,2618.014682373047,3.416534423828125,966.7874908447266
1760793232081699300,2618.95669921875,3.416534423828125,966.7874908447266
1760793233023762200,2619.8987622070313,3.419158935546875,966.7871856689453
1760793233965723400,2620.840723388672,3.477294921875,966.7803955078125
1760793234907757300,2621.782757324219,3.582977294921875,966.7684173583984
1760793235849834200,2622.7248342285156,3.744171142578125,966.7498016357422
1760793236791738400,2623.66673828125,3.889495849609375,966.7327117919922
1760793237733727200,2624.6087272949217,4.00048828125,966.7198181152344
1760793238675692300,2625.5506923828125,4.124664306640625,966.7055511474609
1760793239617773300,2626.4927731933594,4.209228515625,966.6958618164062
1760793240559732200,2627.4347321777345,4.25677490234375,966.6902923583984
1760793241501789400,2628.3767895507813,4.277923583984375,966.6880798339844
1760793242443885300,2629.318885253906,4.304351806640625,966.6847991943359
1760793243386107100,2630.261107177734,4.312255859375,966.6838073730469
1760793244328226300,2631.203226318359,4.312255859375,966.6840362548828
1760793245270424300,2632.145424316406,4.322845458984375,966.6826629638672
1760793246212622000,2633.0876220703126,4.325469970703125,966.6825103759766
1760793247154882300,2634.0298823242188,4.330780029296875,966.6819000244141
1760793248097140200,2634.9721401367187,4.330780029296875,966.6819000244141
1760793249039377200,2635.914377197266,4.304351806640625,966.6847991943359
1760793249981524200,2636.856524169922,4.304351806640625,966.6849517822266
1760793250923780000,2637.7987800292967,4.262054443359375,966.6896057128906
1760793251866072000,2638.7410720214843,4.217132568359375,966.6948699951172
1760793252808499500,2639.6834995117188,4.161651611328125,966.7012786865234
1760793253750881300,2640.625881347656,4.106170654296875,966.7076873779297
1760793254693303300,2641.568303222656,4.04803466796875,966.7145538330078
1760793255635666400,2642.510666503906,3.99517822265625,966.7205047607422
1760793256578168000,2643.45316796875,3.989898681640625,966.7213439941406
1760793257520647200,2644.395647216797,3.989898681640625,966.7213439941406
1760793258463036400,2645.338036376953,3.997833251953125,966.7202758789062
1760793259405448200,2646.2804482421875,4.01104736328125,966.7186737060547
1760793260347984400,2647.222984375,4.04803466796875,966.7146301269531
1760793261290555100,2648.1655551757813,4.04803466796875,966.7146301269531
1760793262232988400,2649.1079885253907,4.01898193359375,966.7178344726562
1760793263175432200,2650.0504321289063,3.997833251953125,966.7204284667969
1760793264118030300,2650.9930302734374,3.97406005859375,966.7230224609375
1760793265060624400,2651.935624267578,3.942352294921875,966.7266082763672
1760793266003241200,2652.8782412109376,3.934417724609375,966.7276763916016
1760793266945897200,2653.8208972167968,3.92913818359375,966.7283630371094
1760793267888558000,2654.7635581054687,3.91064453125,966.7303466796875
1760793268831280000,2655.706280029297,3.88421630859375,966.7333221435547
1760793269774108200,2656.6491081542968,3.860443115234375,966.7362213134766
1760793270717015300,2657.5920153808593,3.826080322265625,966.7401885986328
1760793271659842300,2658.534842285156,3.799652099609375,966.7430877685547
1760793272602694400,2659.4776943359375,3.7679443359375,966.7467498779297
1760793273545627400,2660.4206274414064,3.754730224609375,966.7484283447266
1760793274488725200,2661.363725341797,3.754730224609375,966.7485046386719
1760793275431864300,2662.3068642578123,3.74945068359375,966.7491149902344
1760793276374921200,2663.249921142578,3.74945068359375,966.7491149902344
1760793277318108400,2664.1931083984373,3.773223876953125,966.7462158203125
1760793278261216300,2665.1362163085937,3.799652099609375,966.7430877685547
1760793279204484400,2666.079484375,3.807586669921875,966.7422485351562
1760793280147659300,2667.0226591796877,3.8128662109375,966.7417144775391
1760793281090866400,2667.965866455078,3.8128662109375,966.7417144775391
1760793282034089200,2668.9090891113283,3.8128662109375,966.7417907714844
1760793282977331200,2669.852331298828,3.799652099609375,966.7433166503906
1760793283920570400,2670.7955703125,3.773223876953125,966.7462921142578
1760793284863922400,2671.7389223632813,3.74945068359375,966.7490386962891
1760793285807139000,2672.682139160156,3.725677490234375,966.7516326904297
1760793286750436400,2673.625436279297,3.709808349609375,966.7537689208984
1760793287693707300,2674.568707275391,3.68603515625,966.7563629150391
1760793288636992300,2675.5119921875,3.68603515625,966.7563629150391
1760793289580464400,2676.455464355469,3.688690185546875,966.7559051513672
1760793290523825200,2677.3988251953124,3.688690185546875,966.7559051513672
1760793291467275300,2678.3422751464846,3.67547607421875,966.7575836181641
1760793292410667300,2679.285667236328,3.67547607421875,966.7575836181641
1760793293354007300,2680.229007324219,3.6781005859375,966.7572784423828
1760793294297399300,2681.1723994140625,3.707183837890625,966.7539978027344
1760793295240941300,2682.11594140625,3.778533935546875,966.7456817626953
1760793296184630300,2683.0596303710936,3.849853515625,966.7373657226562
1760793297128236300,2684.003236328125,3.93707275390625,966.7273712158203
1760793298071936300,2684.946936279297,4.00048828125,966.719970703125
1760793299015586300,2685.8905864257813,4.042755126953125,966.7151641845703
1760793299959294200,2686.834294189453,4.042755126953125,966.7151641845703
1760793300903021300,2687.7780212402345,4.029541015625,966.7166900634766
1760793301846834200,2688.7218342285155,4.008392333984375,966.7189788818359
1760793302790728400,2689.665728515625,3.997833251953125,966.7201232910156
1760793303734471400,2690.6094714355468,3.968780517578125,966.7237854003906
1760793304678335200,2691.553335205078,3.944976806640625,966.7263031005859
1760793305622233000,2692.4972331542967,3.9317626953125,966.7280578613281
1760793306566022100,2693.4410222167967,3.907989501953125,966.7308044433594
1760793307509923300,2694.3849233398437,3.89215087890625,966.7326354980469
1760793308453828400,2695.3288283691404,3.89215087890625,966.7326354980469
1760793309397667000,2696.2726669921876,3.89215087890625,966.7324829101562
1760793310341348000,2697.2163481445314,3.897430419921875,966.7317962646484
1760793311285319400,2698.1603193359374,3.900054931640625,966.7315673828125
1760793312229350400,2699.104350341797,3.900054931640625,966.7315673828125
1760793313173432300,2700.048432373047,3.881561279296875,966.7337799072266
1760793314117645300,2700.992645263672,3.86572265625,966.7356872558594
1760793315061630200,2701.9366301269533,3.834014892578125,966.7391967773438
1760793316005553200,2702.880553222656,3.77587890625,966.7459106445312
1760793316949497300,2703.8244973144533,3.715118408203125,966.7530059814453
1760793317893432300,2704.768432373047,3.672821044921875,966.7580413818359
1760793318837429200,2705.7124291992186,3.63055419921875,966.7626190185547
1760793319781646300,2706.6566462402343,3.590911865234375,966.7672729492188
1760793320725793300,2707.6007932128905,3.58563232421875,966.7678833007812
1760793321670202400,2708.545202392578,3.58563232421875,966.7681121826172
1760793322614458400,2709.4894582519532,3.57769775390625,966.7687225341797
1760793323558963200,2710.4339631347657,3.57769775390625,966.7687225341797
1760793324503443200,2711.3784431152344,3.580352783203125,966.7685699462891
1760793325447844400,2712.322844238281,3.58563232421875,966.7680358886719
1760793326392305400,2713.2673054199217,3.58563232421875,966.7681121826172
1760793327336719400,2714.211719238281,3.58563232421875,966.7678070068359
1760793328281306400,2715.1563063964845,3.588287353515625,966.7677307128906
1760793329225886500,2716.1008864746095,3.590911865234375,966.7672729492188
1760793330170418200,2717.0454182128906,3.59619140625,966.7667388916016
1760793331114982400,2717.989982421875,3.59619140625,966.7666625976562
1760793332059635200,2718.9346352539064,3.59619140625,966.7667388916016
1760793333004236300,2719.879236328125,3.588287353515625,966.7676544189453
1760793333948985300,2720.8239853515624,3.57769775390625,966.768798828125
1760793334893712400,2721.7687124023437,3.553924560546875,966.7716217041016
1760793335838373000,2722.713373046875,3.538055419921875,966.7733764648438
1760793336783103200,2723.6581032714844,3.538055419921875,966.7734527587891
1760793337727816400,2724.60281640625,3.5301513671875,966.7742919921875
1760793338672605200,2725.5476052246095,3.5301513671875,966.7742919921875
1760793339617362200,2726.492362060547,3.572418212890625,966.7696380615234
1760793340562127400,2727.437127441406,3.627899169921875,966.7629241943359
1760793341506937300,2728.381937255859,3.691314697265625,966.7557525634766
1760793342451871200,2729.3268713378907,3.75738525390625,966.748046875
1760793343396758300,2730.271758300781,3.82080078125,966.74072265625
1760793344341543200,2731.2165432128904,3.860443115234375,966.7359924316406
1760793345286426400,2732.161426269531,3.860443115234375,966.7359924316406
1760793346231372300,2733.106372314453,3.85516357421875,966.7366027832031
1760793347176329500,2734.0513295898436,3.849853515625,966.7372894287109
1760793348121218300,2734.9962182617187,3.834014892578125,966.7391967773438
1760793349066039300,2735.9410393066405,3.81024169921875,966.7420196533203
1760793350010773200,2736.8857731933595,3.799652099609375,966.7432403564453
1760793350955476200,2737.830476318359,3.79437255859375,966.7438507080078
1760793351900340200,2738.775340332031,3.778533935546875,966.74560546875
1760793352845278200,2739.7202783203124,3.778533935546875,966.74560546875
1760793353790162400,2740.665162353516,3.781158447265625,966.7452239990234
1760793354735245300,2741.610245361328,3.83929443359375,966.7386627197266
1760793355680410400,2742.5554104003904,3.979339599609375,966.7223358154297
1760793356625735200,2743.500735107422,4.077117919921875,966.7110443115234
1760793357570858200,2744.4458581542967,4.143157958984375,966.7035675048828
1760793358515819300,2745.3908193359375,4.161651611328125,966.7014312744141
1760793359460920300,2746.335920410156,4.161651611328125,966.7014312744141
1760793360406166300,2747.2811662597655,4.016326904296875,966.7180633544922
1760793361351477500,2748.2264775390627,3.7230224609375,966.7520141601562
1760793362296790300,2749.1717902832033,3.27911376953125,966.8032836914062
1760793363242143200,2750.117143310547,2.919769287109375,966.8450164794922
1760793364187282400,2751.062282470703,2.639678955078125,966.87744140625
1760793365132495000,2752.0074951171873,2.393951416015625,966.9059753417969
1760793366077723400,2752.952723388672,2.222198486328125,966.9255065917969
1760793367023012000,2753.898012207031,2.1561279296875,966.9332122802734
1760793367968383200,2754.843383300781,1.93682861328125,966.9585418701172
1760793368913606100,2755.7886062011717,1.580108642578125,966.9997406005859
1760793369858835200,2756.7338352050783,1.215484619140625,967.042236328125
1760793370804157200,2757.6791572265624,1.07806396484375,967.0578765869141
1760793371749591300,2758.6245913085936,1.07806396484375,967.0578765869141
1760793372695195100,2759.570195068359,1.080718994140625,967.0575714111328
1760793373640654300,2760.515654296875,1.45855712890625,967.0140075683594
1760793374586112300,2761.4611123046875,2.061004638671875,966.9441223144531
1760793375531607000,2762.4066069335936,2.158782958984375,966.9330596923828
1760793376477158400,2763.3521584472655,2.378082275390625,966.9075012207031
1760793377422849300,2764.2978493652345,2.61590576171875,966.8800354003906
1760793378368534300,2765.2435341796877,2.777069091796875,966.861572265625
1760793379314426000,2766.1894260253907,2.89862060546875,966.8473815917969
1760793380260079400,2767.135079345703,3.564483642578125,966.7704010009766
1760793381205640200,2768.0806401367186,4.349273681640625,966.6797637939453
1760793382151261400,2769.0262614746093,5.0970458984375,966.5932464599609
1760793383096938500,2769.9719384765626,5.79461669921875,966.5125274658203
1760793384042483500,2770.9174833984375,6.328369140625,966.4507293701172
1760793384987977200,2771.862977294922,6.806610107421875,966.3956451416016
1760793385933454300,2772.808454345703,7.221466064453125,966.3474273681641
1760793386879161300,2773.754161376953,7.948089599609375,966.263427734375
1760793387824974300,2774.6999743652345,8.611328125,966.1869812011719
1760793388770609400,2775.645609375,9.404022216796875,966.0952758789062
1760793389716016400,2776.5910163574217,10.447723388671875,965.9747314453125
1760793390661394400,2777.53639453125,11.71868896484375,965.8277130126953
1760793391606875100,2778.4818752441406,13.108551025390625,965.6672668457031
1760793392552348400,2779.427348388672,14.98724365234375,965.4501342773438
1760793393498096000,2780.373096191406,17.46044921875,965.1642608642578
1760793394443742200,2781.3187421875,20.21112060546875,964.8467254638672
1760793395389402000,2782.2644020996095,23.078033447265625,964.5158386230469
1760793396335112400,2783.210112548828,25.69390869140625,964.2139434814453
1760793397280745200,2784.1557451171875,28.251678466796875,963.9186859130859
1760793398226351400,2785.1013513183593,30.468597412109375,963.6628723144531
1760793399171920400,2786.0469204101564,32.423919677734375,963.4373474121094
1760793400117658400,2786.9926584472655,34.054229736328125,963.2494354248047
1760793401063311400,2787.938311279297,36.128448486328125,963.01025390625
1760793402008811300,2788.883811279297,38.458953857421875,962.7417755126953
1760793402954583300,2789.829583251953,40.96917724609375,962.4523162841797
1760793403900319200,2790.7753193359376,43.84930419921875,962.1206665039062
1760793404846075400,2791.721075439453,47.360931396484375,961.7160034179688
1760793405791749000,2792.6667490234377,51.12890625,961.2823486328125
1760793406737408300,2793.612408203125,54.838714599609375,960.8551788330078
1760793407683124200,2794.558124267578,58.617218017578125,960.4203796386719
1760793408628831200,2795.503831298828,62.448577880859375,959.9800109863281
1760793409574509300,2796.4495092773436,66.22183227539062,959.5462036132812
1760793410520346000,2797.395346191406,69.71762084960938,959.1441345214844
1760793411466073300,2798.3410732421876,73.21340942382812,958.7427520751953
1760793412411822300,2799.286822265625,76.71710205078125,958.3402252197266
1760793413357573400,2800.232573486328,79.89846801757812,957.9750823974609
1760793414303404300,2801.178404296875,82.46417236328125,957.6804351806641
1760793415249151200,2802.124151123047,84.67843627929688,957.4265289306641
1760793416194778000,2803.069778076172,86.43557739257812,957.2248077392578
1760793417140587300,2804.0155871582033,87.7197265625,957.0774841308594
1760793418086356200,2804.961356201172,88.75552368164062,956.9587707519531
1760793419032088300,2805.9070883789063,89.95779418945312,956.8206787109375
1760793419977816300,2806.85281640625,91.10983276367188,956.6886901855469
1760793420923576300,2807.7985764160157,92.37286376953125,956.5436553955078
1760793421869289200,2808.7442893066404,94.07452392578125,956.3488006591797
1760793422815084300,2809.690084228516,96.19366455078125,956.1057281494141
1760793423760879400,2810.6358793945315,98.5479736328125,955.8359527587891
1760793424706754300,2811.5817543945313,101.465087890625,955.5018615722656
1760793425652467200,2812.527467285156,105.05599975585938,955.0905609130859
1760793426598113300,2813.47311328125,108.91641235351562,954.6485900878906
1760793427543817200,2814.418817138672,112.97238159179688,954.1844177246094
1760793428489444400,2815.3644443359376,117.1419677734375,953.7071990966797
1760793429435071200,2816.3100712890623,121.13186645507812,953.2511138916016
1760793430380631300,2817.255631347656,124.67523193359375,952.8459167480469
1760793431326157300,2818.2011572265624,127.71917724609375,952.4980163574219
1760793432271658200,2819.146658203125,130.36151123046875,952.1963500976562
1760793433217267200,2820.092267089844,132.74224853515625,951.9243621826172
1760793434162808000,2821.0378081054687,134.89569091796875,951.678466796875
1760793435108322300,2821.983322265625,136.90386962890625,951.448974609375
1760793436054020000,2822.9290200195314,138.94903564453125,951.2155151367188
1760793436999569200,2823.8745690917967,140.93603515625,950.9889221191406
1760793437945059300,2824.8200593261718,142.9283447265625,950.7614135742188
1760793438890664400,2825.7656645507814,145.05279541015625,950.5191040039062
1760793439836182300,2826.711182373047,147.21685791015625,950.2722930908203
1760793440781823200,2827.6568232421873,149.26995849609375,950.0381469726562
1760793441727627300,2828.6026271972655,151.1671142578125,949.82177734375
1760793442673471200,2829.5484711914064,152.9295654296875,949.6209716796875
1760793443619306200,2830.4943061523436,154.4488525390625,949.4478607177734
1760793444565031200,2831.44003125,155.772705078125,949.296875
1760793445510799000,2832.3857990722654,157.03570556640625,949.1529083251953
1760793446456601300,2833.3316013183594,158.354248046875,949.0028381347656
1760793447402518300,2834.277518310547,159.84185791015625,948.8333892822266
1760793448348502300,2835.2235021972656,161.398193359375,948.6558532714844
1760793449294570200,2836.1695703125,163.113037109375,948.4607696533203
1760793450240717000,2837.1157170410156,165.0445556640625,948.2407379150391
1760793451186616000,2838.061615966797,167.1187744140625,948.0045318603516
1760793452132594400,2839.007594482422,169.12432861328125,947.7764892578125
1760793453078588200,2839.9535881347656,171.0452880859375,947.5579071044922
1760793454024790300,2840.899790283203,172.98211669921875,947.3374938964844
1760793454970876200,2841.8458762207033,174.7471923828125,947.1365356445312
1760793455916779300,2842.791779296875,176.47528076171875,946.9400787353516
1760793456862613200,2843.73761328125,178.2825927734375,946.734619140625
1760793457808447500,2844.6834475097658,180.08203125,946.5300750732422
1760793458754465300,2845.629465332031,181.754638671875,946.3397979736328
1760793459700415500,2846.575415527344,183.3267822265625,946.1611938476562
1760793460646329000,2847.5213291015625,184.73779296875,946.0006713867188
1760793461592191200,2848.4671911621094,185.858154296875,945.8735656738281
1760793462538050000,2849.413050048828,186.7591552734375,945.7711791992188
1760793463484038400,2850.359038330078,187.60736083984375,945.6748199462891
1760793464429939200,2851.3049392089843,188.587646484375,945.5635070800781
1760793465375861200,2852.250861328125,189.7740478515625,945.4286193847656
1760793466321814300,2853.1968142089845,191.3699951171875,945.2474975585938
1760793467267683300,2854.1426833496093,193.42840576171875,945.0135803222656
1760793468213510400,2855.088510498047,195.946533203125,944.7277069091797
1760793469159486200,2856.034486328125,198.83984375,944.3995666503906
1760793470105386200,2856.980386230469,202.05816650390625,944.0343475341797
1760793471051045000,2857.9260451660157,205.46942138671875,943.6476135253906
1760793471996779300,2858.871779296875,208.81988525390625,943.2674407958984
1760793472942455300,2859.8174553222657,211.97747802734375,942.9096984863281
1760793473888275500,2860.763275390625,214.8681640625,942.5820159912109
1760793474834127000,2861.709127197266,217.32025146484375,942.3043060302734
1760793475779741200,2862.6547412109376,219.2913818359375,942.0809173583984
1760793476725627100,2863.6006271972656,221.254638671875,941.8588256835938
1760793477671328300,2864.5463283691406,223.1888427734375,941.6397094726562
1760793478617154300,2865.492154296875,224.81646728515625,941.4555358886719
1760793479563003400,2866.438003417969,226.1719970703125,941.3021087646484
1760793480508784400,2867.3837844238283,227.31085205078125,941.1732482910156
1760793481454664200,2868.3296643066406,228.07977294921875,941.0861968994141
1760793482400557300,2869.275557373047,228.66900634765625,941.0194396972656
1760793483346533400,2870.2215334472658,229.551513671875,940.9196472167969
1760793484292648200,2871.1676481933596,230.716796875,940.7877349853516
1760793485238616300,2872.1136162109374,232.28900146484375,940.6098937988281
1760793486184548400,2873.059548339844,234.15179443359375,940.399169921875
1760793487130493200,2874.0054931640625,236.268310546875,940.1598358154297
1760793488076444200,2874.951444091797,238.50634765625,939.9069213867188
1760793489022327300,2875.897327392578,241.13812255859375,939.6096038818359
1760793489968194300,2876.8431943359374,244.0499267578125,939.2803192138672
1760793490914088200,2877.7890881347657,247.178466796875,938.9268493652344
1760793491859869200,2878.734869140625,250.29901123046875,938.5745239257812
1760793492805807400,2879.6808073730467,253.324462890625,938.2331085205078
1760793493751722200,2880.6267221679686,255.75274658203125,937.9590606689453
1760793494697769200,2881.572769287109,257.64202880859375,937.7456665039062
1760793495643994400,2882.518994384766,259.161376953125,937.5743103027344
1760793496590133200,2883.4651333007814,260.5565185546875,937.4171447753906
1760793497536128300,2884.4111281738283,262.03887939453125,937.249755859375
1760793498482129400,2885.357129394531,263.9730224609375,937.0316314697266
1760793499428143400,2886.303143310547,266.18731689453125,936.7820739746094
1760793500374195500,2887.2491955566406,268.71600341796875,936.4969635009766
1760793501320206000,2888.1952060546873,271.4058837890625,936.1939239501953
1760793502266350300,2889.141350341797,274.3441162109375,935.8629608154297
1760793503212596200,2890.087596191406,277.3828125,935.5204772949219
1760793504158819000,2891.033819091797,280.47430419921875,935.1726531982422
1760793505105074200,2891.98007421875,283.46014404296875,934.8363494873047
1760793506051308000,2892.9263081054687,286.39837646484375,934.5058441162109
1760793506997549300,2893.872549316406,289.3076171875,934.1786193847656
1760793507943798300,2894.818798339844,292.066162109375,933.8681030273438
1760793508890090200,2895.7650903320314,294.71905517578125,933.5699462890625
1760793509836398300,2896.7113984375,297.3587646484375,933.2731628417969
1760793510782668300,2897.6576682128907,299.900634765625,932.9877471923828
1760793511728962300,2898.6039624023438,302.21002197265625,932.728271484375
1760793512675269400,2899.5502692871096,304.41107177734375,932.4807739257812
1760793513621526300,2900.4965263671875,306.62005615234375,932.2327423095703
1760793514567749400,2901.442749267578,308.95855712890625,931.97021484375
1760793515513829000,2902.3888291015624,311.2943115234375,931.7079925537109
1760793516460077300,2903.335077392578,313.55877685546875,931.4539337158203
1760793517406275300,2904.281275390625,315.68853759765625,931.2150573730469
1760793518352389400,2905.227389404297,317.70458984375,930.98876953125
1760793519298673200,2906.173673095703,319.4908447265625,930.7884216308594
1760793520244943400,2907.119943359375,320.99432373046875,930.6198120117188
1760793521191170300,2908.0661704101562,322.4871826171875,930.4524230957031
1760793522137560300,2909.0125603027345,323.82684326171875,930.3023529052734
1760793523083967200,2909.958967285156,325.002685546875,930.1705169677734
1760793524030262300,2910.9052622070312,326.36614990234375,930.0177001953125
1760793524976434200,2911.851434082031,328.26593017578125,929.8046112060547
1760793525922598400,2912.7975983886718,330.630859375,929.5398712158203
1760793526868851200,2913.7438513183592,333.5902099609375,929.2082977294922
1760793527815023000,2914.6900231933596,337.075439453125,928.8179016113281
1760793528761092000,2915.6360920410157,340.491943359375,928.4355926513672
1760793529707232300,2916.5822321777346,343.57293701171875,928.0907440185547
1760793530653540400,2917.5285402832033,346.342041015625,927.7809143066406
1760793531599890200,2918.474890136719,348.56427001953125,927.5322723388672
1760793532546289200,2919.4212890625,350.18402099609375,927.3512268066406
1760793533492752400,2920.367752441406,351.6795654296875,927.1841430664062
1760793534439255300,2921.3142553710936,353.180419921875,927.0163726806641
1760793535385671400,2922.260671386719,354.625732421875,926.8547058105469
1760793536332006100,2923.2070061035156,356.12921142578125,926.6867828369141
1760793537278261200,2924.1532612304686,357.8123779296875,926.4987182617188
1760793538224573400,2925.099573486328,359.595947265625,926.2994384765625
1760793539170945300,2926.0459453125,361.50372314453125,926.0862731933594
1760793540117317000,2926.9923171386718,363.86328125,925.8226776123047
1760793541063609300,2927.938609375,366.402587890625,925.5391693115234
1760793542009874400,2928.884874511719,369.11358642578125,925.2365875244141
1760793542956055000,2929.8310549316407,372.00958251953125,924.913330078125
1760793543902329000,2930.7773291015624,374.97955322265625,924.5820617675781
1760793544848428300,2931.7234282226564,377.39727783203125,924.3123626708984
1760793545794504200,2932.669504150391,379.43182373046875,924.0854644775391
1760793546740566300,2933.615566162109,381.310546875,923.8761138916016
1760793547686649300,2934.5616494140627,382.96990966796875,923.6911010742188
1760793548632897300,2935.5078972167967,384.5394287109375,923.5162353515625
1760793549578924300,2936.4539243164063,386.2410888671875,923.3266448974609
1760793550524960300,2937.399960205078,388.1884765625,923.1097412109375
1760793551470974200,2938.3459741210936,390.0777587890625,922.899169921875
1760793552416958200,2939.291958251953,391.90887451171875,922.6951599121094
1760793553363064300,2940.2380642089843,393.636962890625,922.5028228759766
1760793554309207300,2941.1842072753907,395.0849609375,922.3414611816406
1760793555255321300,2942.1303212890625,396.7099609375,922.1607971191406
1760793556201465300,2943.076465332031,398.32177734375,921.9812774658203
1760793557147673300,2944.0226733398435,399.9124755859375,921.8044281005859
1760793558093816300,2944.96881640625,401.51898193359375,921.6255187988281
1760793559040096300,2945.915096191406,403.27874755859375,921.4299011230469
1760793559986342100,2946.8613420410156,404.8271484375,921.2577056884766
1760793560932575200,2947.8075751953124,406.4046630859375,921.0822296142578
1760793561878705200,2948.753705078125,408.1934814453125,920.8833312988281
1760793562825043200,2949.7000432128907,410.217529296875,920.6581115722656
1760793563771229200,2950.646229248047,412.2071533203125,920.4370880126953
1760793564717358300,2951.5923583984377,414.39501953125,920.1940155029297
1760793565663475200,2952.5384750976564,416.78369140625,919.9285125732422
1760793566609576200,2953.484576171875,419.19873046875,919.6602630615234
1760793567555615200,2954.430615234375,421.423583984375,919.4131469726562
1760793568501731000,2955.376730957031,423.65899658203125,919.1651153564453
1760793569447898000,2956.3228981933594,425.81512451171875,918.9256286621094
1760793570393948400,2957.268948486328,427.83123779296875,918.7018585205078
1760793571339857400,2958.214857421875,429.80767822265625,918.4827423095703
1760793572285723100,2959.1607231445314,431.9664306640625,918.2431030273438
1760793573231719200,2960.106719238281,434.4739990234375,917.9650115966797
1760793574177696300,2961.0526962890626,437.169189453125,917.6663208007812
1760793575123600100,2961.9986000976564,440.22369384765625,917.3274993896484
1760793576069320200,2962.9443203125,443.46051025390625,916.9687652587891
1760793577015176200,2963.8901762695314,446.8294677734375,916.5957641601562
1760793577961059300,2964.836059326172,450.1270751953125,916.2303161621094
1760793578906891300,2965.781891357422,453.43792724609375,915.8638000488281
1760793579852703200,2966.727703125,456.51092529296875,915.5237579345703
1760793580798519300,2967.6735192871092,459.420166015625,915.2018737792969
1760793581744335000,2968.619335205078,462.12060546875,914.9031066894531
1760793582690295300,2969.565295410156,464.789306640625,914.608154296875
1760793583636187400,2970.5111875,467.2598876953125,914.3348693847656
1760793584582220300,2971.457220214844,469.3367919921875,914.1054534912109
1760793585528352300,2972.4033522949217,471.11505126953125,913.9089202880859
1760793586474397200,2973.3493972167967,472.76385498046875,913.726806640625
1760793587420343000,2974.295343017578,474.119384765625,913.5770416259766
1760793588366232000,2975.241232177734,475.3348388671875,913.4426116943359
1760793589312105200,2976.1871052246092,476.78546142578125,913.282470703125
1760793590258068200,2977.1330681152344,478.77252197265625,913.0631256103516
1760793591203969300,2978.0789692382814,481.356689453125,912.7776336669922
1760793592149995300,2979.024995361328,484.4957275390625,912.4311828613281
1760793593096071200,2979.9710712890624,487.8779296875,912.0580291748047
1760793594041989400,2980.9169892578125,491.252197265625,911.6858673095703
1760793594987948300,2981.8629482421875,494.18511962890625,911.3625335693359
1760793595933982500,2982.808982421875,496.3914794921875,911.1192321777344
1760793596880001300,2983.755001220703,498.22259521484375,910.9174346923828
1760793597825915400,2984.700915283203,500.1356201171875,910.7067108154297
1760793598771696400,2985.6466962890627,502.2177734375,910.477294921875
1760793599717592300,2986.592592285156,504.6962890625,910.2043151855469
1760793600663579100,2987.5385791015624,507.50244140625,909.8950958251953
1760793601609553400,2988.484553466797,510.04962158203125,909.6147918701172
1760793602555575300,2989.4305751953125,511.98382568359375,909.4017028808594
1760793603501651200,2990.376651123047,513.5427856445312,909.2303466796875
1760793604447695400,2991.3226953125,514.7661743164062,909.0956115722656
1760793605393720000,2992.268719970703,515.6408081054688,908.9993286132812
1760793606339661300,2993.2146613769532,516.7267456054688,908.8800048828125
1760793607285671200,2994.160671142578,518.3597412109375,908.7004089355469
1760793608231569400,2995.1065693359374,520.3705444335938,908.4792327880859
1760793609177525200,2996.052525146484,522.4658813476562,908.2488250732422
1760793610123522300,2996.998522216797,524.9126586914062,907.9798889160156
1760793611069425400,2997.944425292969,527.560302734375,907.6886749267578
1760793612015358200,2998.890358154297,530.06787109375,907.4131774902344
1760793612961038300,2999.8360383300783,532.3138427734375,907.1666717529297
1760793613906899200,3000.781899169922,534.483154296875,906.9283294677734
1760793614852583200,3001.727583251953,536.840087890625,906.6693878173828
1760793615798424300,3002.6734243164065,539.34765625,906.3941955566406
1760793616744175000,3003.6191750488283,541.9345092773438,906.1103057861328
1760793617689985300,3004.5649853515624,544.7116088867188,905.8057403564453
1760793618635915300,3005.5109152832033,547.6287231445312,905.4855346679688
1760793619581972500,3006.4569724121093,550.4375,905.1775360107422
1760793620528017400,3007.4030173339843,553.10888671875,904.8845672607422
1760793621474009300,3008.3490092773436,555.7908325195312,904.5908355712891
1760793622420017200,3009.295017089844,558.6683349609375,904.2753601074219
1760793623366028300,3010.2410283203126,561.973876953125,903.9133453369141
1760793624311993300,3011.1869934082033,565.3956909179688,903.5386657714844
1760793625257988000,3012.1329880371095,569.166259765625,903.1259918212891
1760793626204102400,3013.079102294922,573.2354125976562,902.6807403564453
1760793627150024200,3014.025024169922,577.521240234375,902.2118377685547
1760793628095911200,3014.9709111328125,581.8308715820312,901.74072265625
1760793629041759200,3015.9167592773438,586.2435913085938,901.258544921875
1760793629987806200,3016.8628061523436,590.4791870117188,900.7955932617188
1760793630933819400,3017.8088193359376,594.1864013671875,900.3910064697266
1760793631879811300,3018.754811279297,597.5236206054688,900.0266265869141
1760793632825827300,3019.700827392578,600.5887451171875,899.6920013427734
1760793633771816200,3020.646816162109,603.4556274414062,899.3793487548828
1760793634717775400,3021.592775390625,606.399169921875,899.0583038330078
1760793635663731500,3022.5387314453124,609.6915283203125,898.6994171142578
1760793636609807400,3023.484807373047,613.1925659179688,898.31787109375
1760793637555913200,3024.430913330078,616.5166015625,897.9555511474609
1760793638502049300,3025.377049316406,619.3941040039062,897.6423645019531
1760793639448347400,3026.3233474121093,621.7907104492188,897.3814392089844
1760793640394490400,3027.2694904785158,623.9151000976562,897.1501159667969
1760793641340694300,3028.2156943359373,625.8096313476562,896.9438171386719
1760793642286949000,3029.16194921875,627.6830444335938,896.7400360107422
1760793643233091300,3030.108091308594,629.9105224609375,896.4974975585938
1760793644179333000,3031.0543330078126,632.3124389648438,896.2362670898438
1760793645125529300,3032.000529296875,634.7301025390625,895.9733581542969
1760793646071444200,3032.9464443359375,637.1082763671875,895.7147979736328
1760793647017507300,3033.892507324219,639.4493408203125,895.4602813720703
1760793647963582200,3034.8385822753908,641.7904052734375,895.2059173583984
1760793648909625300,3035.7846252441404,643.91748046875,894.9745941162109
1760793649855683300,3036.7306833496095,645.9520263671875,894.7537231445312
1760793650801702100,3037.6767021484375,647.812255859375,894.5516204833984
1760793651747628300,3038.622628173828,649.585205078125,894.3590545654297
1760793652693346300,3039.5683461914064,651.305419921875,894.1722869873047
1760793653639216000,3040.514216064453,653.2501220703125,893.9612579345703
1760793654585187000,3041.460187011719,655.036376953125,893.7673187255859
1760793655531202300,3042.406202392578,656.603271484375,893.5973358154297
1760793656477217300,3043.3522172851563,658.2177734375,893.4221649169922
1760793657423169300,3044.2981691894533,659.9827880859375,893.2305145263672
1760793658369293300,3045.2442932128906,661.5576171875,893.0599975585938
1760793659315426300,3046.190426269531,663.380859375,892.8620147705078
1760793660261561000,3047.1365610351563,665.6373291015625,892.6174926757812
1760793661207667500,3048.082667480469,667.76171875,892.3872375488281
1760793662153905200,3049.0289052734374,669.4476318359375,892.2044372558594
1760793663100115200,3049.975115234375,670.9986572265625,892.0364379882812
1760793664046290200,3050.9212902832032,672.573486328125,891.8656921386719
1760793664992529200,3051.8675290527344,674.4256591796875,891.6649627685547
1760793665938837200,3052.813837158203,676.317626953125,891.4603424072266
1760793666885099300,3053.7600993652345,678.7564697265625,891.1960601806641
1760793667831436000,3054.7064360351565,681.8135986328125,890.8652496337891
1760793668777786400,3055.652786376953,685.4072265625,890.4761505126953
1760793669723984100,3056.598984130859,689.04296875,890.0828552246094
1760793670670377200,3057.5453771972657,693.0302734375,889.6517181396484
1760793671616661200,3058.4916611328126,697.0518798828125,889.2170715332031
1760793672563011000,3059.438010986328,701.2293701171875,888.7656402587891
1760793673509199400,3060.3841994628906,705.6895751953125,888.2839202880859
1760793674455157200,3061.3301572265623,710.234375,887.7931976318359
1760793675401173200,3062.276173339844,714.68408203125,887.3130035400391
1760793676347198200,3063.2221982421875,719.5274658203125,886.7904663085938
1760793677293369300,3064.168369384766,724.1541748046875,886.2918853759766
1760793678239453400,3065.114453369141,728.0198974609375,885.8753204345703
1760793679185575200,3066.0605751953126,731.222412109375,885.5302429199219
1760793680131688400,3067.0066884765624,733.7352294921875,885.2596282958984
1760793681077763300,3067.952763427734,735.11181640625,885.1112365722656
1760793682023848200,3068.8988481445313,735.6588134765625,885.0523376464844
1760793682969948400,3069.844948486328,735.85693359375,885.0309753417969
1760793683916082400,3070.7910825195313,736.0736083984375,885.0076293945312
1760793684862250200,3071.737250244141,736.726318359375,884.9375915527344
1760793685808328200,3072.683328125,738.33544921875,884.7641754150391
1760793686754335200,3073.629335205078,740.92236328125,884.4859313964844
1760793687700386300,3074.5753862304687,743.918701171875,884.1635131835938
1760793688646542300,3075.521542236328,747.1793212890625,883.8125610351562
1760793689592587300,3076.467587158203,750.321044921875,883.4748840332031
1760793690538468400,3077.4134682617187,753.0875244140625,883.1775665283203
1760793691484443100,3078.359443115234,755.01123046875,882.9708099365234
1760793692430359300,3079.305359375,756.4697265625,882.8140258789062
1760793693376524300,3080.251524169922,757.5478515625,882.6982116699219
1760793694322765300,3081.1977653808594,758.1317138671875,882.6354217529297
1760793695269177000,3082.1441770019533,758.1317138671875,882.6354217529297
1760793696215437000,3083.0904370117187,758.0894775390625,882.6399993896484
1760793697161649200,3084.036649169922,757.74072265625,882.6774597167969
1760793698107915300,3084.982915283203,757.1435546875,882.7414703369141
1760793699054163200,3085.9291630859375,756.5543212890625,882.8047943115234
1760793700000314000,3086.8753142089845,756.319091796875,882.8300476074219
1760793700946466300,3087.8214663085937,756.319091796875,882.8300476074219
1760793701892723200,3088.7677231445314,757.2386474609375,882.7314758300781
1760793702838944300,3089.7139443359374,758.5994873046875,882.5850677490234
1760793703785048300,3090.660048339844,760.6287841796875,882.3672485351562
1760793704731147300,3091.6061472167967,763.691162109375,882.0384216308594
1760793705677097200,3092.552097167969,767.52783203125,881.6266632080078
1760793706623202300,3093.498202392578,771.544189453125,881.1953735351562
1760793707569136400,3094.4441364746094,776.0994873046875,880.7069396972656
1760793708515068400,3095.390068359375,780.974609375,880.1841735839844
1760793709461027300,3096.33602734375,785.94482421875,879.6516418457031
1760793710406926000,3097.2819260253905,790.45263671875,879.1687774658203
1760793711352903400,3098.2279033203126,794.6142578125,878.7232208251953
1760793712298987300,3099.1739873046877,798.258056640625,878.3331298828125
1760793713245001200,3100.120001220703,801.288818359375,878.0088806152344
1760793714190971400,3101.065971435547,803.5452880859375,877.7677154541016
1760793715136962000,3102.011962158203,805.1993408203125,877.5906372070312
1760793716082968300,3102.9579682617186,806.657958984375,877.4346160888672
1760793717029145300,3103.904145263672,807.849609375,877.3074340820312
1760793717975234300,3104.850234375,808.9779052734375,877.1867370605469
1760793718921285000,3105.79628515625,810.2144775390625,877.0545959472656
1760793719867285200,3106.74228515625,811.6466064453125,876.9015502929688
1760793720813217300,3107.688217285156,813.1844482421875,876.7372894287109
1760793721759161300,3108.634161376953,814.9178466796875,876.5518951416016
1760793722705097200,3109.5800971679687,816.714599609375,876.3600158691406
1760793723651023000,3110.5260231933594,818.45068359375,876.1746215820312
1760793724596884200,3111.4718842773436,820.0386962890625,876.0051727294922
1760793725542807300,3112.417807373047,821.58447265625,875.8400726318359
1760793726488903200,3113.363903076172,823.0640869140625,875.6821441650391
1760793727434935300,3114.309935302734,824.4512939453125,875.5339813232422
1760793728380826000,3115.255826171875,825.820068359375,875.3878784179688
1760793729326824200,3116.20182421875,827.207275390625,875.2398681640625
1760793730272857000,3117.1478571777343,828.6156005859375,875.0895690917969
1760793731218804500,3118.093804443359,830.1270751953125,874.9284362792969
1760793732164543200,3119.0395432128907,831.7996826171875,874.7498321533203
1760793733110301200,3119.985301269531,833.6729736328125,874.5502471923828
1760793734056093200,3120.9310932617186,835.7816162109375,874.3254852294922
1760793735002056400,3121.8770563964845,838.0037841796875,874.0885925292969
1760793735947897000,3122.822896972656,840.23388671875,873.8507843017578
1760793736893778400,3123.7687783203123,842.50634765625,873.6087036132812
1760793737839752200,3124.7147521972656,844.757568359375,873.3687591552734
1760793738785878300,3125.660878173828,846.8714599609375,873.1438446044922
1760793739732138200,3126.6071381835936,848.8953857421875,872.9282379150391
1760793740678264300,3127.553264404297,850.953857421875,872.7091979980469
1760793741624370400,3128.499370361328,852.9698486328125,872.4945831298828
1760793742570323200,3129.4453232421874,855.0494384765625,872.2731018066406
1760793743516167200,3130.3911672363283,857.2398681640625,872.0402526855469
1760793744462183200,3131.3371831054687,859.514892578125,871.7981719970703
1760793745408123100,3132.283123046875,861.81640625,871.5534973144531
1760793746354024200,3133.229024169922,864.170654296875,871.3030242919922
1760793747299938300,3134.174938232422,866.4932861328125,871.0561370849609
1760793748245910300,3135.12091015625,868.710205078125,870.8206176757812
1760793749191825200,3136.0668251953125,870.7447509765625,870.6044769287109
1760793750137584000,3137.0125842285156,872.4649658203125,870.4217529296875
1760793751083514000,3137.958514160156,873.96044921875,870.2628326416016
1760793752029366300,3138.9043662109375,875.260498046875,870.1248168945312
1760793752975180000,3139.8501799316405,876.291015625,870.0154113769531
1760793753920946400,3140.7959465332033,877.258056640625,869.9126434326172
1760793754866957300,3141.7419572753906,878.272705078125,869.8049926757812
1760793755812967400,3142.6879675292967,879.2847900390625,869.6974945068359
1760793756758992100,3143.6339921875,880.29150390625,869.5906066894531
1760793757704776200,3144.579776123047,881.5968017578125,869.4520568847656
1760793758650668300,3145.5256682128907,883.229736328125,869.2787933349609
1760793759596527400,3146.47152734375,885.021240234375,869.0885925292969
1760793760542445000,3147.4174450683595,886.947509765625,868.88427734375
1760793761488405200,3148.3634052734374,889.0137939453125,868.6650848388672
1760793762434291500,3149.309291503906,891.0113525390625,868.4535217285156
1760793763380187400,3150.2551875,892.69189453125,868.2752227783203
1760793764326214400,3151.201214355469,894.15576171875,868.1200408935547
1760793765272111000,3152.1471110839843,895.48486328125,867.9792022705078
1760793766217845200,3153.0928452148437,896.6422119140625,867.8563690185547
1760793767163623400,3154.038623535156,897.662109375,867.7484893798828
1760793768109462300,3154.9844621582033,898.75341796875,867.6327514648438
1760793769055275300,3155.9302751464843,899.9688720703125,867.5041198730469
1760793770001191400,3156.87619140625,901.313720703125,867.3615264892578
1760793770947083300,3157.8220832519532,902.8013916015625,867.2040557861328
1760793771893051100,3158.768051025391,904.492431640625,867.0249176025391
1760793772838708200,3159.713708251953,906.3104248046875,866.8325042724609
1760793773784413400,3160.659413330078,908.24462890625,866.6277313232422
1760793774730183400,3161.6051833496094,910.3240966796875,866.407470703125
1760793775675923500,3162.550923339844,912.6572265625,866.1606597900391
1760793776621619200,3163.496619140625,915.2335205078125,865.8881378173828
1760793777567413200,3164.442413330078,917.955078125,865.6002807617188
1760793778513218000,3165.3882180175783,920.758544921875,865.303955078125
1760793779458965200,3166.3339653320313,923.506591796875,865.0135040283203
1760793780404566300,3167.2795661621094,926.0670166015625,864.7428894042969
1760793781350470400,3168.2254704589845,928.2283935546875,864.5145416259766
1760793782296312300,3169.1713122558594,929.9935302734375,864.3280792236328
1760793783242223400,3170.117223388672,931.3199462890625,864.1880798339844
1760793784188287200,3171.0632873535155,932.197265625,864.0952301025391
1760793785134201300,3172.0092014160155,932.73095703125,864.0388488769531
1760793786080108300,3172.9551083984375,933.240966796875,863.9851379394531
1760793787026074000,3173.90107421875,933.761474609375,863.9302062988281
1760793787971767300,3174.846767333984,934.5145263671875,863.8506317138672
1760793788917479200,3175.7924792480467,935.6533203125,863.7303924560547
1760793789863108000,3176.7381081542967,937.191162109375,863.5679626464844
1760793790808844300,3177.6838442382814,938.8743896484375,863.3903503417969
1760793791754577200,3178.6295771484374,940.7503662109375,863.1925964355469
1760793792700317400,3179.5753173828125,942.8272705078125,862.9734802246094
1760793793646151400,3180.5211513671875,944.9490966796875,862.7497863769531
1760793794592093200,3181.4670932617187,947.17919921875,862.5144195556641
1760793795537844200,3182.412844238281,949.5386962890625,862.2655487060547
1760793796483543000,3183.35854296875,951.9459228515625,862.0120239257812
1760793797429222400,3184.3042224121095,954.297607421875,861.7639923095703
1760793798374801200,3185.2498012695314,956.6121826171875,861.5203094482422
1760793799320513300,3186.195513183594,958.7762451171875,861.2923431396484
1760793800266312400,3187.1413125,960.8240966796875,861.0767364501953
1760793801212014000,3188.0870141601563,962.861328125,860.8621978759766
1760793802157751300,3189.032751220703,964.9619140625,860.6410980224609
1760793803103489300,3189.9784892578127,967.186767578125,860.4067993164062
1760793804049286400,3190.924286376953,969.4803466796875,860.1655578613281
1760793804995125200,3191.8701252441406,971.9139404296875,859.9093627929688
1760793805940775200,3192.815775146484,974.513916015625,859.6360015869141
1760793806886390300,3193.761390380859,977.306884765625,859.3423461914062
1760793807831985200,3194.706985107422,980.1103515625,859.0477752685547
1760793808777622300,3195.6526223144533,982.887451171875,858.7560272216797
1760793809723213300,3196.598213378906,985.577392578125,858.4733581542969
1760793810668800300,3197.5438002929686,988.1905517578125,858.1990051269531
1760793811614413300,3198.489413330078,990.48681640625,857.9578399658203
1760793812560087300,3199.435087402344,992.4923095703125,857.7473449707031
1760793813505769200,3200.380769287109,994.376220703125,857.5495910644531
1760793814451445200,3201.3264453125,996.257568359375,857.3522186279297
1760793815397066200,3202.2720661621092,998.078125,857.1609497070312
1760793816342571300,3203.2175712890626,999.917236328125,856.9680023193359
1760793817288158200,3204.163158203125,1001.80908203125,856.7697143554688
1760793818233581300,3205.108581298828,1003.706298828125,856.5707397460938
1760793819179028200,3206.0540283203127,1005.3868408203125,856.3944244384766
1760793820124510200,3206.9995102539065,1006.6630859375,856.2607574462891
1760793821070150400,3207.945150390625,1007.688232421875,856.1532592773438
1760793822015774200,3208.8907741699218,1008.57080078125,856.060791015625
1760793822961297200,3209.8362971191405,1009.42431640625,855.9712219238281
1760793823906748400,3210.781748535156,1010.4072265625,855.8683013916016
1760793824852186000,3211.727186035156,1011.9053955078125,855.7114410400391
1760793825797603300,3212.672603271484,1013.9849853515625,855.4936218261719
1760793826742808300,3213.6178083496093,1016.6405029296875,855.2153778076172
1760793827688242200,3214.5632421875,1019.6685791015625,854.8983001708984
1760793828633709300,3215.5087092285157,1023.0216064453125,854.5472717285156
1760793829579190300,3216.454190185547,1026.348388671875,854.1992950439453
1760793830524642300,3217.3996423339845,1029.4293212890625,853.876953125
1760793831470001200,3218.345001220703,1032.07421875,853.6003875732422
1760793832415431200,3219.290431152344,1034.2593994140625,853.3719635009766
1760793833360721400,3220.235721435547,1035.942626953125,853.1961059570312
1760793834305884400,3221.1808845214846,1037.255859375,853.0588531494141
1760793835251106300,3222.1261062011718,1038.2467041015625,852.955322265625
1760793836196281000,3223.0712810058594,1039.057861328125,852.8704833984375
1760793837141497300,3224.0164973144533,1039.8558349609375,852.7871704101562
1760793838086669300,3224.9616694335937,1040.719970703125,852.6966857910156
1760793839031901400,3225.9069013671874,1041.7874755859375,852.5852203369141
1760793839977296400,3226.8522963867185,1043.0689697265625,852.4514007568359
1760793840922616300,3227.7976162109376,1044.6226806640625,852.2891998291016
1760793841867766300,3228.7427663574217,1046.519775390625,852.091064453125
1760793842813047300,3229.6880473632814,1048.702392578125,851.8633270263672
1760793843758431200,3230.6334311523437,1050.9853515625,851.6249084472656
1760793844703713300,3231.5787133789063,1053.27099609375,851.3864135742188
1760793845649164300,3232.5241643066406,1055.503662109375,851.153564453125
1760793846594463200,3233.4694631347656,1057.5224609375,850.9429168701172
1760793847539667500,3234.414667480469,1059.324462890625,850.7550048828125
1760793848484920300,3235.359920410156,1060.9786376953125,850.5824279785156
1760793849430287400,3236.3052873535157,1062.5771484375,850.4158782958984
1760793850375493400,3237.250493408203,1064.133544921875,850.2535247802734
1760793851320590300,3238.1955903320313,1065.6158447265625,850.0991821289062
1760793852265741300,3239.1407412109374,1067.055908203125,849.9490356445312
1760793853210917000,3240.085917236328,1068.429931640625,849.8060607910156
1760793854155982300,3241.030982421875,1069.66650390625,849.6772766113281
1760793855101107500,3241.976107421875,1070.78955078125,849.5600891113281
1760793856046198300,3242.9211982421875,1071.891357421875,849.4453430175781
1760793856991335200,3243.866335205078,1073.0064697265625,849.3291473388672
1760793857936480300,3244.8114802246096,1074.21923828125,849.2030334472656
1760793858881603300,3245.7566032714844,1075.61962890625,849.0571594238281
1760793859826857200,3246.7018571777344,1077.144287109375,848.8983917236328
1760793860771958300,3247.646958251953,1078.859130859375,848.7200927734375
1760793861717087200,3248.592087158203,1080.81982421875,848.5160064697266
1760793862662267100,3249.5372670898437,1083.0181884765625,848.2872009277344
1760793863607434200,3250.482434326172,1085.3275146484375,848.0469512939453
1760793864552709400,3251.4277094726563,1087.76904296875,847.7931213378906
1760793865497860000,3252.3728601074217,1090.2237548828125,847.5379943847656
1760793866442977300,3253.317977294922,1092.5648193359375,847.2946166992188
1760793867388034300,3254.2630344238282,1094.7052001953125,847.0721435546875
1760793868333057300,3255.208057373047,1096.6895751953125,846.8659973144531
1760793869278037200,3256.1530373535156,1098.4810791015625,846.6796875
1760793870222998300,3257.0979982910158,1100.1033935546875,846.5113067626953
1760793871167970300,3258.0429702148435,1101.5672607421875,846.3593292236328
1760793872112982300,3258.9879821777345,1102.9385986328125,846.2168121337891
1760793873058023200,3259.9330231933595,1104.2967529296875,846.0757446289062
1760793874003152400,3260.87815234375,1105.7183837890625,845.9281921386719
1760793874948374300,3261.823374267578,1107.2059326171875,845.7738494873047
1760793875893542400,3262.7685424804686,1108.75439453125,845.6130981445312
1760793876838824200,3263.71382421875,1110.350341796875,845.4475402832031
1760793877783954400,3264.658954345703,1111.9462890625,845.2820587158203
1760793878729053200,3265.604053222656,1113.555419921875,845.1150512695312
1760793879674085400,3266.5490854492186,1115.1910400390625,844.9454498291016
1760793880619087000,3267.494087158203,1116.7764892578125,844.7812652587891
1760793881564150300,3268.439150390625,1118.345947265625,844.6183013916016
1760793882509032200,3269.3840322265623,1119.8758544921875,844.4597625732422
1760793883453980200,3270.3289802246095,1121.331787109375,844.3089294433594
1760793884399076000,3271.274076171875,1122.674072265625,844.1697692871094
1760793885344144400,3272.2191442871094,1124.0718994140625,844.0251159667969
1760793886289124400,3273.1641242675782,1125.4776611328125,843.8794708251953
1760793887233975300,3274.108975341797,1126.8489990234375,843.7372589111328
1760793888178814200,3275.0538142089845,1128.2652587890625,843.5907745361328
1760793889123624400,3275.998624511719,1129.7264404296875,843.4394073486328
1760793890068406300,3276.94340625,1131.2880859375,843.277587890625
1760793891013194200,3277.8881943359374,1132.812744140625,843.1196594238281
1760793891958113300,3278.83311328125,1134.3531494140625,842.9602813720703
1760793892903017200,3279.7780173339843,1135.793212890625,842.8113555908203
1760793893847837200,3280.722837158203,1137.148681640625,842.6709747314453
1760793894792747300,3281.667747314453,1138.3272705078125,842.5492095947266
1760793895737693200,3282.6126931152344,1139.492431640625,842.4285125732422
1760793896682622200,3283.557622314453,1140.6630859375,842.3073577880859
1760793897627547400,3284.5025473632813,1141.9815673828125,842.1710968017578
1760793898572372200,3285.4473723144533,1143.47705078125,842.0162200927734
1760793899517203500,3286.3922033691406,1145.1258544921875,841.8458557128906
1760793900462014200,3287.3370141601563,1146.97021484375,841.6553497314453
1760793901406812200,3288.281812255859,1149.002197265625,841.4453125
1760793902351466200,3289.226466308594,1151.282470703125,841.2094879150391
1760793903296037000,3290.171037109375,1153.7451171875,840.9549713134766
1760793904240643300,3291.115643310547,1156.3477783203125,840.6863403320312
1760793905185135400,3292.060135253906,1159.0113525390625,840.4113006591797
1760793906129729300,3293.0047292480467,1161.7222900390625,840.1313018798828
1760793907074332200,3293.9493322753906,1164.343505859375,839.86083984375
1760793908018907400,3294.893907470703,1166.7401123046875,839.6136474609375
1760793908963504400,3295.8385043945314,1168.9833984375,839.3822479248047
1760793909907980300,3296.782980224609,1170.983642578125,839.1757965087891
1760793910852450300,3297.7274501953125,1172.68798828125,839.0000915527344
1760793911796915200,3298.671915283203,1174.08837890625,838.8557434082031
1760793912741403400,3299.6164033203127,1175.3355712890625,838.7271118164062
1760793913686018300,3300.561018310547,1176.4241943359375,838.6149597167969
1760793914630541300,3301.505541259766,1177.388671875,838.5154724121094
1760793915575242200,3302.4502421875,1178.3134765625,838.4202575683594
1760793916519976400,3303.3949765625,1179.22509765625,838.3262634277344
1760793917464696000,3304.3396960449218,1180.178955078125,838.2281494140625
1760793918409407500,3305.284407470703,1181.1856689453125,838.1242370605469
1760793919353967000,3306.2289670410155,1182.459228515625,837.9932403564453
1760793920298392300,3307.1733923339843,1184.102783203125,837.8237915039062
1760793921242885400,3308.1178854980467,1185.9761962890625,837.6308441162109
1760793922187314200,3309.0623142089844,1187.90771484375,837.4319458007812
1760793923131734300,3310.006734375,1189.831298828125,837.23388671875
1760793924075913200,3310.950913330078,1191.5831298828125,837.0536041259766
1760793925020268300,3311.8952683105467,1193.0206298828125,836.9056701660156
1760793925964575200,3312.8395751953126,1194.275634765625,836.7765808105469
1760793926908935400,3313.7839353027343,1195.5625,836.6441345214844
1760793927853271300,3314.7282712402343,1196.997314453125,836.4968109130859
1760793928797607200,3315.6726071777343,1198.63818359375,836.3280487060547
1760793929741963300,3316.6169633789063,1200.728271484375,836.1129760742188
1760793930686262300,3317.561262207031,1203.2252197265625,835.8562469482422
1760793931630550300,3318.5055502929686,1205.9732666015625,835.5738067626953
1760793932574897400,3319.4498974609373,1208.82958984375,835.2803039550781
1760793933519203000,3320.394203125,1211.70703125,834.9847412109375
1760793934463592200,3321.338592285156,1214.4022216796875,834.7078704833984
1760793935408016100,3322.283016113281,1216.8701171875,834.4545745849609
1760793936352248000,3323.227248046875,1218.965576171875,834.2394256591797
1760793937296484400,3324.171484375,1220.57470703125,834.0743255615234
1760793938240734500,3325.115734375,1221.708251953125,833.9580535888672
1760793939184815000,3326.059815185547,1222.3160400390625,833.8957977294922
1760793940128894200,3327.0038942871092,1222.3160400390625,833.8957977294922
1760793941072950300,3327.9479501953124,1222.1654052734375,833.9112091064453
1760793942017022500,3328.8920224609374,1221.9830322265625,833.9297485351562
1760793942961234400,3329.836234375,1221.9830322265625,833.9297485351562
1760793943905379300,3330.7803793945313,1222.3265380859375,833.8945007324219
1760793944849410300,3331.7244104003908,1223.0321044921875,833.8220977783203
1760793945793502200,3332.6685021972658,1224.096923828125,833.7129974365234
1760793946737613300,3333.61261328125,1225.5528564453125,833.5636901855469
1760793947681703400,3334.5567033691405,1227.2967529296875,833.3848571777344
1760793948625791200,3335.5007912597657,1229.304931640625,833.1788635253906
1760793949569846300,3336.444846191406,1231.6064453125,832.9428100585938
1760793950513981400,3337.3889814453123,1234.217041015625,832.6753997802734
1760793951458126300,3338.333126220703,1236.869873046875,832.4036407470703
1760793952402366200,3339.2773662109375,1239.3563232421875,832.1487426757812
1760793953346623200,3340.2216232910155,1241.6630859375,831.9126892089844
1760793954290887400,3341.165887451172,1243.6949462890625,831.7044830322266
1760793955235116300,3342.1101162109376,1245.320068359375,831.5381622314453
1760793956179271200,3343.0542712402344,1246.5830078125,831.4089202880859
1760793957123391200,3343.9983911132813,1247.6214599609375,831.3025665283203
1760793958067534300,3344.942534423828,1248.4697265625,831.2158966064453
1760793959011776300,3345.8867763671874,1249.167236328125,831.1443328857422
1760793959956034300,3346.831034423828,1249.7247314453125,831.0874938964844
1760793960900067300,3347.7750673828127,1250.3060302734375,831.0279083251953
1760793961844080000,3348.719080078125,1250.927001953125,830.9642791748047
1760793962788233200,3349.663233154297,1251.8465576171875,830.870361328125
1760793963732431000,3350.607431152344,1253.3685302734375,830.7147216796875
1760793964676683300,3351.5516833496094,1255.5616455078125,830.4904174804688
1760793965620850400,3352.495850341797,1258.362548828125,830.2039337158203
1760793966564985300,3353.4399853515624,1261.7314453125,829.8596954345703
1760793967509094100,3354.3840942382812,1265.4862060546875,829.4760131835938
1760793968453173200,3355.328173339844,1269.2119140625,829.0952301025391
1760793969397272300,3356.272272216797,1272.67333984375,828.7419891357422
1760793970341417200,3357.216417236328,1275.727783203125,828.43017578125
1760793971285616000,3358.1606162109374,1278.2750244140625,828.1703186035156
1760793972229684500,3359.1046845703127,1280.2144775390625,827.9723358154297
1760793973173838300,3360.048838378906,1281.5462646484375,827.8365325927734
1760793974117960200,3360.992960205078,1282.447265625,827.7447509765625
1760793975062051300,3361.9370512695314,1283.076171875,827.6805114746094
1760793976006320000,3362.8813200683594,1283.5279541015625,827.63427734375
1760793976950487300,3363.8254873046876,1283.90576171875,827.5959014892578
1760793977894608400,3364.7696083984374,1284.3206787109375,827.5535583496094
1760793978838638300,3365.713638427734,1284.92578125,827.4920654296875
1760793979782749200,3366.6577492675783,1285.906005859375,827.3918914794922
1760793980726553000,3367.6015529785154,1287.3328857421875,827.2464752197266
1760793981670315300,3368.5453151855468,1289.15087890625,827.0611572265625
1760793982614155300,3369.4891552734375,1291.312255859375,826.8409729003906
1760793983557947100,3370.4329470214843,1293.6612548828125,826.6014862060547
1760793984501847300,3371.3768474121093,1295.981201171875,826.3652801513672
1760793985445573400,3372.320573486328,1298.087158203125,826.1509704589844
1760793986389385200,3373.2643852539063,1299.9869384765625,825.9573364257812
1760793987333164300,3374.208164306641,1301.6304931640625,825.7901763916016
1760793988277114000,3375.152114013672,1302.9595947265625,825.6547546386719
1760793989221032400,3376.096032470703,1304.148681640625,825.5336761474609
1760793990164889300,3377.039889404297,1305.21875,825.4249572753906
1760793991108840200,3377.9838400878907,1306.1065673828125,825.3346252441406
1760793992052617200,3378.9276171875,1306.7803955078125,825.2658843994141
1760793992996523300,3379.8715231933593,1307.366943359375,825.206298828125
1760793993940467500,3380.8154675292967,1307.7607421875,825.1663208007812
1760793994884359400,3381.759359375,1308.1861572265625,825.1231384277344
1760793995828176400,3382.7031762695315,1308.7674560546875,825.0637817382812
1760793996771996200,3383.64699609375,1309.6473388671875,824.9742889404297
1760793997715812000,3384.5908120117188,1310.9156494140625,824.8451995849609
1760793998659549200,3385.5345490722657,1312.53271484375,824.6810150146484
1760793999603367400,3386.4783674316404,1314.4193115234375,824.4890594482422
1760794000547174100,3387.4221740722655,1316.6759033203125,824.2598724365234
1760794001490938000,3388.3659382324217,1319.5269775390625,823.9700317382812
1760794002434574300,3389.30957421875,1322.9276123046875,823.6244964599609
1760794003378208300,3390.2532082519533,1326.7747802734375,823.2337951660156
1760794004321972500,3391.1969724121095,1331.0078125,822.803955078125
1760794005265700400,3392.140700439453,1335.383544921875,822.3601531982422
1760794006209526300,3393.0845263671877,1339.47119140625,821.9454193115234
1760794007153308200,3394.0283081054686,1342.9775390625,821.5899658203125
1760794008097217300,3394.972217285156,1345.6859130859375,821.3155364990234
1760794009041032200,3395.9160322265625,1347.546142578125,821.1268615722656
1760794009984791300,3396.8597912597656,1348.6531982421875,821.0147094726562
1760794010928497400,3397.803497314453,1349.0548095703125,820.9739685058594
1760794011872284200,3398.7472841796875,1349.0548095703125,820.9739685058594
1760794012816192300,3399.691192138672,1348.3677978515625,821.0435485839844
1760794013760119300,3400.6351193847654,1347.2158203125,821.1605834960938
1760794014704000300,3401.579000244141,1345.54052734375,821.3301086425781
1760794015647831300,3402.5228312988284,1342.988037109375,821.5888977050781
1760794016591665200,3403.4666650390627,1340.2242431640625,821.8690490722656
1760794017535552300,3404.4105522460936,1337.4947509765625,822.1457672119141
1760794018479390500,3405.3543903808595,1334.350341796875,822.4648284912109
1760794019423174400,3406.2981743164064,1331.2508544921875,822.7794647216797
1760794020367159300,3407.2421591796874,1328.756591796875,823.0325317382812
1760794021311188200,3408.186188232422,1326.3863525390625,823.2733917236328
1760794022255161300,3409.1301613769533,1324.4892578125,823.4658050537109
1760794023199122200,3410.0741220703126,1323.516845703125,823.5646820068359
1760794024143122200,3411.0181220703125,1323.5009765625,823.5662078857422
1760794025087262200,3411.9622622070315,1323.5009765625,823.5662078857422
1760794026031331300,3412.9063312988283,1324.1959228515625,823.4957122802734
1760794026975482000,3413.850482177734,1324.930419921875,823.4210205078125
1760794027919589400,3414.794589355469,1325.532958984375,823.3597564697266
1760794028863802000,3415.738802001953,1325.99267578125,823.3132171630859
1760794029807948300,3416.6829482421876,1326.17236328125,823.2949829101562
1760794030752099300,3417.6270993652342,1326.17236328125,823.2949829101562
1760794031696359200,3418.5713591308595,1325.982177734375,823.314208984375
1760794032640600300,3419.515600341797,1325.7310791015625,823.33984375
1760794033584804400,3420.459804443359,1325.3426513671875,823.3792114257812
1760794034529077200,3421.4040771484374,1324.8062744140625,823.4337615966797
1760794035473260300,3422.348260253906,1324.1748046875,823.4978485107422
1760794036417469200,3423.2924692382812,1323.485107421875,823.5678100585938
1760794037361654300,3424.236654296875,1322.7955322265625,823.6378479003906
1760794038305885400,3425.180885498047,1322.066162109375,823.7120056152344
1760794039250107400,3426.125107421875,1321.2840576171875,823.7913513183594
1760794040194395400,3427.0693955078127,1320.35400390625,823.8860321044922
1760794041138644200,3428.0136442871094,1319.215087890625,824.0015411376953
1760794042082977300,3428.957977294922,1317.9521484375,824.1300964355469
1760794043027304200,3429.9023041992186,1316.6573486328125,824.2617034912109
1760794043971618000,3430.8466181640624,1315.46044921875,824.3833160400391
1760794044915833300,3431.7908332519532,1314.49072265625,824.4818878173828
1760794045860200200,3432.7352001953127,1313.7904052734375,824.5531463623047
1760794046804518100,3433.679518066406,1313.2303466796875,824.6099853515625
1760794047748895200,3434.623895263672,1312.7467041015625,824.6592712402344
1760794048693170400,3435.568170410156,1312.2684326171875,824.7077178955078
1760794049637266200,3436.5122661132814,1311.7664794921875,824.7589111328125
1760794050581403100,3437.4564030761717,1311.2301025390625,824.8133087158203
1760794051525507300,3438.400507324219,1310.66455078125,824.8708343505859
1760794052469631200,3439.344631347656,1310.0224609375,824.9361419677734
1760794053413828400,3440.2888283691404,1309.2113037109375,825.0188446044922
1760794054358149400,3441.2331494140626,1308.143798828125,825.1271820068359
1760794055302496300,3442.1774963378907,1306.864990234375,825.2574157714844
1760794056247023400,3443.1220234375,1305.36669921875,825.4099273681641
1760794057191505200,3444.066505126953,1303.6175537109375,825.5879211425781
1760794058135948300,3445.0109482421876,1301.709716796875,825.7818603515625
1760794059080371500,3445.9553713378905,1299.7095947265625,825.9855651855469
1760794060024624400,3446.899624267578,1297.6617431640625,826.1942291259766
1760794060968957200,3447.8439572753905,1295.7091064453125,826.3929748535156
1760794061913293300,3448.7882932128905,1294.1368408203125,826.5531921386719
1760794062857710300,3449.7327104492188,1293.027099609375,826.6663360595703
1760794063802101200,3450.6771013183593,1292.4326171875,826.7268371582031
1760794064746475300,3451.6214753417967,1292.4114990234375,826.7290496826172
1760794065690958300,3452.565958251953,1292.4114990234375,826.7290496826172
1760794066635186200,3453.5101862792967,1292.51708984375,826.7182922363281
1760794067579408100,3454.454408203125,1292.51708984375,826.7182922363281
1760794068523707100,3455.39870703125,1292.1419677734375,826.7564392089844
1760794069468013300,3456.343013427734,1291.3306884765625,826.8389892578125
1760794070412331300,3457.287331298828,1290.046630859375,826.9698333740234
1760794071356527400,3458.23152734375,1288.34228515625,827.1436309814453
1760794072300812300,3459.1758122558595,1286.4425048828125,827.3373413085938
1760794073245049300,3460.120049316406,1284.3946533203125,827.5460052490234
1760794074189607400,3461.064607421875,1282.4921875,827.7399444580078
1760794075134005200,3462.009005126953,1281.0521240234375,827.886962890625
1760794076078403300,3462.9534033203126,1280.2012939453125,827.9737091064453
1760794077022925300,3463.897925292969,1279.894775390625,828.0049133300781
1760794077967327200,3464.8423271484376,1279.894775390625,828.0049133300781
1760794078911754500,3465.7867543945313,1280.2303466796875,827.9706573486328
1760794079856029200,3466.731029296875,1280.5579833984375,827.9373168945312
1760794080800438300,3467.675438232422,1280.5579833984375,827.9373168945312
1760794081744824000,3468.6198239746095,1280.53955078125,827.9392242431641
1760794082689200000,3469.5642001953124,1280.055908203125,827.9884338378906
1760794083633381400,3470.5083813476563,1279.310791015625,828.0644226074219
1760794084577596200,3471.4525961914064,1278.391357421875,828.1582641601562
1760794085521978400,3472.3969782714844,1277.400390625,828.2594299316406
1760794086466474200,3473.3414741210936,1276.4835205078125,828.3530426025391
1760794087410949000,3474.28594921875,1275.701416015625,828.4329986572266
1760794088355362300,3475.2303623046873,1275.0858154296875,828.4956359863281
1760794089299789300,3476.174789306641,1274.6075439453125,828.5444641113281
1760794090244233500,3477.1192333984377,1274.224365234375,828.5835266113281
1760794091188692200,3478.0636921386717,1273.8914794921875,828.6176300048828
1760794092132912000,3479.007912109375,1273.6378173828125,828.6433410644531
1760794093077316400,3479.95231640625,1273.4132080078125,828.6663818359375
1760794094021690400,3480.8966904296876,1273.043212890625,828.7041473388672
1760794094966007300,3481.841007324219,1272.4169921875,828.7682342529297
1760794095910190300,3482.7851904296876,1271.1962890625,828.8928985595703
1760794096854576400,3483.729576416016,1268.7706298828125,829.1404724121094
1760794097799040300,3484.6740402832033,1264.5244140625,829.5741271972656
1760794098743644200,3485.6186440429688,1257.881591796875,830.2532196044922
1760794099688285400,3486.5632854003907,1248.4775390625,831.2148284912109
1760794100632880000,3487.5078801269533,1236.2833251953125,832.4637603759766
1760794101577300200,3488.4523002929686,1221.3885498046875,833.9908599853516
1760794102521911300,3489.396911376953,1204.21875,835.7541656494141
1760794103466620200,3490.3416201171876,1185.8387451171875,837.6451873779297
1760794104411110100,3491.286110107422,1168.1854248046875,839.4645690917969
1760794105355601400,3492.2306013183593,1153.1585693359375,841.0157012939453
1760794106300250400,3493.175250488281,1142.330322265625,842.1349334716797
1760794107244872400,3494.1198725585937,1142.330322265625,842.1349334716797
1760794108189450200,3495.0644501953125,1143.4691162109375,842.0173645019531
1760794109133928200,3496.0089282226563,1157.41796875,840.5757904052734
1760794110078541300,3496.9535412597656,1176.968505859375,838.5588073730469
1760794111023168300,3497.8981682128906,1198.2470703125,836.3680267333984
1760794111967613200,3498.84261328125,1216.841064453125,834.4575500488281
1760794112912193300,3499.787193359375,1228.435546875,833.2678985595703
1760794113856777200,3500.731777099609,1228.435546875,833.2678985595703
1760794114801330400,3501.6763303222656,1226.0443115234375,833.5132598876953
1760794115745867300,3502.6208671875,1215.6837158203125,834.576416015625
1760794116690309400,3503.5653093261717,1202.4774169921875,835.9332275390625
1760794117634751200,3504.509751220703,1187.6883544921875,837.4546813964844
1760794118579197200,3505.454197265625,1171.7657470703125,839.0953826904297
1760794119523660300,3506.398660400391,1154.74658203125,840.8516693115234
1760794120468094500,3507.3430944824217,1136.313720703125,842.7574157714844
1760794121412686300,3508.287686279297,1116.501708984375,844.8094940185547
1760794122357240300,3509.232240234375,1096.0184326171875,846.9356536865234
1760794123301861400,3510.176861328125,1076.5577392578125,848.9595031738281
1760794124246465300,3511.121465332031,1059.7578125,850.7099151611328
1760794125191025200,3512.066025146484,1046.5013427734375,852.0929718017578
1760794126135589400,3513.0105893554687,1038.1463623046875,852.9656982421875
1760794127080124400,3513.9551245117186,1038.1463623046875,852.9656982421875
1760794128024711400,3514.8997114257813,1039.5150146484375,852.8227996826172
1760794128969322200,3515.844322265625,1049.77783203125,851.7508697509766
1760794129913938200,3516.788938232422,1066.66748046875,849.9897003173828
1760794130858493400,3517.7334934082032,1088.33447265625,847.7342987060547
1760794131803050200,3518.6780502929687,1112.02294921875,845.2739715576172
1760794132747546000,3519.622546142578,1134.3504638671875,842.9605102539062
1760794133692038400,3520.567038330078,1152.4002685546875,841.0941314697266
1760794134636550100,3521.511550048828,1164.05810546875,839.8902130126953
1760794135581259300,3522.4562592773436,1165.3951416015625,839.7523498535156
1760794136525955300,3523.4009553222654,1165.3951416015625,839.7523498535156
1760794137470735400,3524.3457353515623,1156.258056640625,840.6955718994141
1760794138415468300,3525.2904682617186,1142.32763671875,842.1353149414062
1760794139360245200,3526.235245361328,1126.045654296875,843.8204956054688
1760794140304982300,3527.1799821777345,1110.72021484375,845.4093170166016
1760794141249721300,3528.1247214355467,1098.739990234375,846.6529083251953
1760794142194336300,3529.0693361816407,1090.8104248046875,847.476806640625
1760794143139038200,3530.0140380859375,1086.9156494140625,847.8817749023438
1760794144083840300,3530.9588403320313,1085.729248046875,848.0050659179688
1760794145028528000,3531.903528076172,1085.53369140625,848.0254364013672
1760794145973169400,3532.8481694335937,1085.0633544921875,848.0743408203125
1760794146917921300,3533.7929213867187,1084.2679443359375,848.1572723388672
1760794147862666500,3534.7376665039064,1083.5281982421875,848.2341003417969
1760794148807412200,3535.682412109375,1083.08154296875,848.2807159423828
1760794149752127200,3536.6271271972655,1083.08154296875,848.2807159423828
1760794150696765200,3537.5717651367186,1083.3115234375,848.2566833496094
1760794151641470200,3538.5164702148436,1084.3895263671875,848.1446075439453
1760794152586204400,3539.461204345703,1085.1531982421875,848.065185546875
1760794153530906000,3540.4059060058594,1085.774169921875,848.00048828125
1760794154475722200,3541.350722167969,1085.774169921875,848.00048828125
1760794155420382200,3542.2953823242187,1084.3790283203125,848.1455993652344
1760794156365126400,3543.240126464844,1080.246337890625,848.575439453125
1760794157310072000,3544.1850720214843,1073.59033203125,849.2684173583984
1760794158255024000,3545.130024169922,1063.446533203125,850.3251647949219
1760794159199813400,3546.0748134765627,1049.389404296875,851.7913818359375
1760794160144657400,3547.0196574707034,1031.7730712890625,853.6319732666016
1760794161089544200,3547.964544189453,1011.7547607421875,855.7272338867188
1760794162034501400,3548.9095014648437,991.0865478515625,857.8947448730469
1760794162979264300,3549.854264160156,972.1517333984375,859.8844909667969
1760794163923992000,3550.7989919433594,957.161865234375,861.4623260498047
1760794164868754200,3551.7437541503905,947.8133544921875,862.4475860595703
1760794165813404400,3552.688404296875,947.8133544921875,862.4475860595703
1760794166758103300,3553.6331032714843,956.6148681640625,861.5200042724609
1760794167702678300,3554.5776782226562,975.2564697265625,859.5580291748047
1760794168647181300,3555.5221813964845,998.9871826171875,857.0656585693359
1760794169591943200,3556.4669431152342,1024.7999267578125,854.3612670898438
1760794170536497400,3557.4114973144533,1048.5728759765625,851.8767547607422
1760794171481145300,3558.356145263672,1066.0069580078125,850.0582885742188
1760794172425817300,3559.3008173828125,1075.38720703125,849.0814208984375
1760794173370509000,3560.2455090332032,1075.38720703125,849.0814208984375
1760794174315144200,3561.1901442871094,1073.1517333984375,849.3141937255859
1760794175259848400,3562.134848388672,1057.6783447265625,850.9267425537109
1760794176204437200,3563.0794372558594,1034.254150390625,853.3725738525391
1760794177149087200,3564.024087158203,1003.9942626953125,856.54052734375
1760794178093514200,3564.9685141601562,968.9862060546875,860.2175140380859
1760794179037879300,3565.912879394531,933.8037109375,863.9257049560547
1760794179982246100,3566.85724609375,904.5665283203125,867.0171356201172
1760794180926539300,3567.8015393066407,881.9217529296875,869.4175720214844
1760794181870928400,3568.745928466797,867.034912109375,870.9986877441406
1760794182815389200,3569.6903891601564,860.5322265625,871.6899871826172
1760794183759704300,3570.634704345703,860.5322265625,871.6899871826172
1760794184704259000,3571.579259033203,870.9085693359375,870.5870056152344
1760794185648740400,3572.523740234375,889.959716796875,868.5649108886719
1760794186593221000,3573.4682211914064,914.6416015625,865.9508514404297
1760794187537728300,3574.4127282714844,941.5299072265625,863.1101226806641
1760794188482332200,3575.3573322753905,967.22119140625,860.4032135009766
1760794189426907400,3576.301907470703,987.260498046875,858.2964324951172
1760794190371537200,3577.246537109375,998.6251220703125,857.1037292480469
1760794191316280300,3578.1912802734373,998.6251220703125,857.1037292480469
1760794192261060400,3579.136060302734,991.144775390625,857.8885650634766
1760794193205726500,3580.0807265625,974.947265625,859.5905303955078
1760794194150474200,3581.025474121094,950.085693359375,862.2080993652344
1760794195095230500,3581.97023046875,920.4573974609375,865.3356170654297
1760794196039847400,3582.9148474121093,889.600341796875,868.6030578613281
1760794196984244200,3583.859244140625,862.648681640625,871.4649200439453
1760794197928683300,3584.8036833496094,839.2457275390625,873.9560699462891
1760794198873246200,3585.74824609375,824.8265380859375,875.4939270019531
1760794199817833200,3586.6928332519533,824.8265380859375,875.4939270019531
1760794200762355200,3587.6373552246096,830.8985595703125,874.84619140625
1760794201706869200,3588.581869140625,847.38671875,873.0889129638672
1760794202651392300,3589.5263923339844,869.3548583984375,870.7521057128906
1760794203595923200,3590.4709230957033,892.239990234375,868.3229827880859
1760794204540438300,3591.415438232422,910.2210693359375,866.4185333251953
1760794205484968200,3592.3599682617187,920.8167724609375,865.2977752685547
1760794206429492200,3593.3044921875,921.5433349609375,865.2208709716797
1760794207374021400,3594.249021484375,921.5433349609375,865.2208709716797
1760794208318431500,3595.1934313964844,909.314697265625,866.5145111083984
1760794209262963200,3596.1379631347654,890.4141845703125,868.5165405273438
1760794210207489300,3597.0824892578125,865.737548828125,871.1363983154297
1760794211151998200,3598.026998291016,838.1358642578125,874.0744781494141
1760794212096498200,3598.9714982910155,811.178955078125,876.9513702392578
1760794213041048300,3599.9160483398437,787.78125,879.4549560546875
1760794213985604400,3600.860604248047,767.5965576171875,881.6191101074219
1760794214930157300,3601.8051572265626,751.8218994140625,883.3135223388672
1760794215874659300,3602.7496594238282,744.233154296875,884.1295623779297
1760794216819211300,3603.6942111816406,744.233154296875,884.1295623779297
1760794217763832300,3604.6388322753905,755.2806396484375,882.9418182373047
1760794218708431400,3605.5834313964842,775.2989501953125,880.7927703857422
1760794219652946200,3606.5279462890626,803.8756103515625,877.7323150634766
1760794220597388300,3607.472388183594,832.9913330078125,874.6230316162109
1760794221541969400,3608.416969482422,855.7496337890625,872.1985626220703
1760794222486486300,3609.361486328125,871.52685546875,870.5213165283203
1760794223430983400,3610.3059833984375,879.52783203125,869.671630859375
1760794224375538400,3611.250538330078,879.52783203125,869.671630859375
1760794225320134100,3612.195134033203,871.0037841796875,870.5768585205078
1760794226264527400,3613.13952734375,856.9993896484375,872.0657348632812
1760794227208834000,3614.083833984375,837.54931640625,874.1370391845703
1760794228153201400,3615.0282014160157,812.719482421875,876.7868804931641
1760794229097571300,3615.9725712890627,785.210205078125,879.7303771972656
1760794230041937400,3616.9169375,755.44189453125,882.9244232177734
1760794230986235400,3617.8612353515623,724.981201171875,886.2024688720703
1760794231930552300,3618.8055522460936,695.6356201171875,889.3699645996094
1760794232875211300,3619.7502111816407,668.66015625,892.2898864746094
1760794233819746300,3620.6947463378906,645.167236328125,894.8387908935547
1760794234764276200,3621.639276123047,628.1692504882812,896.6868591308594
1760794235708912400,3622.5839123535156,620.6597900390625,897.5042724609375
1760794236653513200,3623.5285131835935,620.6597900390625,897.5042724609375
1760794237597860400,3624.4728603515623,632.9122314453125,896.1711120605469
1760794238542279200,3625.4172790527346,654.7008056640625,893.8036346435547
1760794239486698200,3626.3616982421877,683.2774658203125,890.706787109375
1760794240431078100,3627.306078125,715.0936279296875,887.2687530517578
1760794241375563300,3628.250563232422,744.766845703125,884.072265625
1760794242319811300,3629.194811279297,768.006103515625,881.5750885009766
1760794243264190200,3630.139190185547,783.109619140625,879.9552154541016
1760794244208614400,3631.083614501953,789.50927734375,879.2699432373047
1760794245153113300,3632.02811328125,789.50927734375,879.2699432373047
1760794246097517300,3632.9725173339843,783.0302734375,879.9637603759766
1760794247041975300,3633.916975341797,769.380126953125,881.4277648925781
1760794247986444300,3634.8614443359374,749.6260986328125,883.5494232177734
1760794248930736400,3635.805736328125,725.4964599609375,886.1470794677734
1760794249875021300,3636.750021240234,698.2568359375,889.0866851806641
1760794250819668200,3637.6946682128905,669.8756103515625,892.1580505371094
1760794251764352300,3638.639352294922,644.332275390625,894.9296569824219
1760794252708917500,3639.5839174804687,623.0272827148438,897.2467041015625
1760794253653314300,3640.5283142089843,605.5219116210938,899.1539001464844
1760794254597613300,3641.47261328125,590.2493286132812,900.8207702636719
1760794255542106000,3642.417106201172,576.8184204101562,902.2886657714844
1760794256486567200,3643.361567138672,565.8025512695312,903.4939575195312
1760794257430942200,3644.305942138672,559.0567626953125,904.2327880859375
1760794258375297300,3645.2502973632813,557.91259765625,904.3581390380859
1760794259319727000,3646.1947270507812,557.91259765625,904.3581390380859
1760794260264006400,3647.139006347656,560.8323974609375,904.0383148193359
1760794261208426200,3648.083426269531,560.8323974609375,904.0383148193359
1760794262152686300,3649.027686279297,560.61572265625,904.0620422363281
1760794263097045200,3649.9720451660155,554.017822265625,904.7849273681641
1760794264041351400,3650.9163513183594,547.2614135742188,905.5259704589844
1760794264985522200,3651.8605222167967,541.7019653320312,906.1357879638672
1760794265929866200,3652.8048662109377,538.5259399414062,906.4842987060547
1760794266874239200,3653.7492392578124,538.5259399414062,906.4842987060547
1760794267818456000,3654.6934560546874,538.7452392578125,906.4604187011719
1760794268762717200,3655.637717285156,538.7452392578125,906.4604187011719
1760794269706991000,3656.5819912109373,534.0921020507812,906.9713592529297
1760794270651221200,3657.5262211914064,525.8823852539062,907.8732299804688
1760794271595362300,3658.4703623046876,514.771484375,909.0950775146484
1760794272539490300,3659.414490234375,503.1082763671875,910.3791046142578
1760794273483587300,3660.358587402344,494.35955810546875,911.3433074951172
1760794274427543000,3661.30254296875,490.74749755859375,911.7415618896484
1760794275371593200,3662.2465932617188,490.74749755859375,911.7415618896484
1760794276315812400,3663.1908122558593,492.9432373046875,911.4994812011719
1760794277259914200,3664.1349143066404,493.97906494140625,911.3850402832031
1760794278203893200,3665.078893310547,493.97906494140625,911.3850402832031
1760794279147788300,3666.022788330078,487.67974853515625,912.0799255371094
1760794280091850200,3666.966850341797,477.7974853515625,913.1707000732422
1760794281036036400,3667.9110363769532,468.16094970703125,914.2353820800781
1760794281980111400,3668.855111328125,461.6212158203125,914.95849609375
1760794282924087300,3669.799087402344,461.6212158203125,914.95849609375
1760794283868105200,3670.7431052246093,466.1025390625,914.4628143310547
1760794284812208000,3671.6872080078124,477.9454345703125,913.1544494628906
1760794285756440000,3672.631440185547,493.78350830078125,911.4068603515625
1760794286700481300,3673.575481201172,511.27301025390625,909.47998046875
1760794287644336000,3674.5193361816405,528.4111328125,907.5951385498047
1760794288588271400,3675.4632712402345,543.1447143554688,905.9774017333984
1760794289532453400,3676.4074533691405,553.7694702148438,904.8122406005859
1760794290476579000,3677.3515791015625,556.0075073242188,904.5668792724609
1760794291420546300,3678.295546386719,556.0075073242188,904.5668792724609
1760794292364666000,3679.239666015625,545.6522216796875,905.7023620605469
1760794293308781300,3680.18378125,529.1430053710938,907.5148773193359
1760794294252942300,3681.1279423828123,510.6151123046875,909.5526123046875
1760794295196793300,3682.071793457031,493.50341796875,911.4377593994141
1760794296140827100,3683.0158271484374,481.190185546875,912.7960968017578
1760794297084919300,3683.959919189453,476.77752685546875,913.2834625244141
1760794298028997000,3684.9039970703125,476.77752685546875,913.2834625244141
1760794298973035300,3685.84803515625,480.97882080078125,912.8193664550781
1760794299917198000,3686.792197998047,485.88031005859375,912.2784423828125
1760794300861174300,3687.736174316406,489.563720703125,911.8720245361328
1760794301805153300,3688.6801533203125,489.563720703125,911.8720245361328
1760794302749162200,3689.6241623535157,489.05108642578125,911.9287872314453
1760794303693178000,3690.568178222656,485.0955810546875,912.3649597167969
1760794304636937500,3691.5119375,480.32879638671875,912.8910064697266
1760794305580782000,3692.4557819824217,475.32427978515625,913.4437561035156
1760794306524755200,3693.399755126953,470.9036865234375,913.9322662353516
1760794307468708400,3694.343708251953,467.77777099609375,914.2776489257812
1760794308412622300,3695.287622314453,466.0523681640625,914.4683837890625
1760794309356656400,3696.2316564941407,465.0535888671875,914.5789337158203
1760794310300723200,3697.1757231445313,465.0535888671875,914.5789337158203
1760794311244737000,3698.119737060547,465.180419921875,914.5648193359375
1760794312188715300,3699.0637153320313,465.96514892578125,914.4781494140625
1760794313132716300,3700.007716308594,467.0458984375,914.3585205078125
1760794314076849200,3700.951849121094,468.372314453125,914.2118835449219
1760794315020789500,3701.895789550781,469.85992431640625,914.0475463867188
1760794315964520200,3702.839520263672,471.61181640625,913.8540649414062
1760794316908333300,3703.783333251953,473.60675048828125,913.6335754394531
1760794317852168400,3704.7271684570314,475.75494384765625,913.3961486816406
1760794318795995100,3705.6709951171874,477.86883544921875,913.1627655029297
1760794319739891200,3706.6148911132814,479.82147216796875,912.9471588134766
1760794320683889200,3707.5588891601565,481.42535400390625,912.7702331542969
1760794321627754200,3708.5027541503905,482.44268798828125,912.6579284667969
1760794322571726300,3709.446726318359,482.94207763671875,912.6026153564453
1760794323515687200,3710.3906872558596,482.94207763671875,912.6026153564453
1760794324459738400,3711.33473828125,482.5272216796875,912.6484680175781
1760794325403787300,3712.278787353516,481.536376953125,912.7577972412109
1760794326347963400,3713.222963378906,480.0355224609375,912.923583984375
1760794327291976200,3714.166976074219,477.95599365234375,913.1532287597656
1760794328236000300,3715.1110002441405,475.5594482421875,913.41796875
1760794329179936300,3716.0549362792967,473.2315673828125,913.6750030517578
1760794330123875300,3716.9988752441404,471.26568603515625,913.8921356201172
1760794331067802000,3717.942802001953,470.04229736328125,914.0273284912109
1760794332011866400,3718.8868664550782,469.38958740234375,914.0994262695312
1760794332955762200,3719.830762207031,469.18084716796875,914.1227722167969
1760794333899768300,3720.7747683105467,469.18084716796875,914.1227722167969
1760794334843711500,3721.7187114257813,469.2099609375,914.1193389892578
1760794335787627300,3722.6626271972655,469.239013671875,914.1161346435547
1760794336731444500,3723.606444580078,469.35528564453125,914.1032409667969
1760794337675295200,3724.5502951660155,469.4609375,914.0914916992188
1760794338619321300,3725.4943212890626,469.521728515625,914.0850067138672
1760794339563398400,3726.4383984375,469.521728515625,914.0850067138672
1760794340507469000,3727.3824689941407,469.2891845703125,914.1105651855469
1760794341451491300,3728.3264912109375,468.8294677734375,914.1615295410156
1760794342395611400,3729.270611328125,468.821533203125,914.1623687744141
1760794343339749400,3730.214749267578,468.821533203125,914.1623687744141
1760794344283746300,3731.1587463378905,469.50323486328125,914.0870666503906
1760794345227780400,3732.1027802734375,470.71343994140625,913.9532470703125
1760794346171810000,3733.0468100585936,472.135009765625,913.7961578369141
1760794347115930400,3733.990930419922,473.15228271484375,913.6837005615234
1760794348059996400,3734.9349963378904,473.43499755859375,913.6525726318359
1760794349004091100,3735.879091064453,473.43499755859375,913.6525726318359
1760794349948309200,3736.823309326172,472.7294921875,913.73046875
1760794350892433200,3737.7674331054686,471.65142822265625,913.8494873046875
1760794351836694300,3738.7116943359374,470.51788330078125,913.9749145507812
1760794352780626200,3739.655626220703,469.149169921875,914.1260528564453
1760794353724575200,3740.5995751953124,467.6033935546875,914.2970275878906
1760794354668834300,3741.5438342285156,465.88592529296875,914.4867706298828
1760794355612960300,3742.4879602050783,464.0811767578125,914.686279296875
1760794356556938200,3743.431938232422,462.48260498046875,914.8632049560547
1760794357501089300,3744.3760893554686,461.29620361328125,914.9943542480469
1760794358445159200,3745.3201591796874,460.569580078125,915.0747680664062
1760794359389040000,3746.2640400390624,460.569580078125,915.0747680664062
1760794360333074400,3747.2080744628906,461.42034912109375,914.9805450439453
1760794361276953300,3748.1519533691408,462.91326904296875,914.8155975341797
1760794362220956400,3749.0959562988282,464.73651123046875,914.6138763427734
1760794363164986400,3750.039986328125,466.67333984375,914.3996429443359
1760794364109044200,3750.984044189453,468.39080810546875,914.2099761962891
1760794365053078300,3751.9280783691406,469.75689697265625,914.0589904785156
1760794365997006000,3752.8720061035156,470.850830078125,913.9380645751953
1760794366940975000,3753.815975097656,471.65936279296875,913.8487243652344
1760794367884966400,3754.759966308594,472.38336181640625,913.7687683105469
1760794368829090300,3755.7040903320312,473.0201416015625,913.6984252929688
1760794369773117200,3756.6481171875,473.37420654296875,913.6591339111328
1760794370717011200,3757.592011230469,473.54071044921875,913.6408996582031
1760794371661077200,3758.5360771484375,473.9317626953125,913.5975646972656
1760794372605128200,3759.4801281738282,474.312255859375,913.5555267333984
1760794373549103400,3760.4241032714845,474.56060791015625,913.5281372070312
1760794374493115100,3761.368115234375,475.11553955078125,913.4668731689453
1760794375437065500,3762.3120654296877,476.1116943359375,913.3568572998047
1760794376381118200,3763.2561181640626,477.1263427734375,913.2447052001953
1760794377325260300,3764.2002602539064,478.12249755859375,913.134765625
1760794378269273300,3765.1442734375,479.1767578125,913.0182647705078
1760794379213254100,3766.0882541503906,479.758056640625,912.9542541503906
1760794380157101000,3767.0321010742186,479.758056640625,912.9542541503906
1760794381101151200,3767.9761511230467,479.33795166015625,913.0005645751953
1760794382045255200,3768.920255126953,478.42901611328125,913.1010437011719
1760794382989361400,3769.864361328125,477.17919921875,913.2388305664062
1760794383933556200,3770.808556152344,475.7073974609375,913.4014129638672
1760794384877838300,3771.7528383789063,473.9027099609375,913.6009216308594
1760794385822181000,3772.6971811523435,471.6619873046875,913.8483428955078
1760794386766360300,3773.6413603515625,469.24957275390625,914.1150665283203
1760794387710799000,3774.5857990722657,466.85296630859375,914.3798065185547
1760794388655276300,3775.5302763671875,464.6361083984375,914.6251678466797
1760794389599678200,3776.474678222656,462.7177734375,914.8372650146484
1760794390544071200,3777.4190712890627,461.1429443359375,915.0112915039062
1760794391488499200,3778.363499267578,459.972412109375,915.1408386230469
1760794392433011200,3779.3080112304688,459.58660888671875,915.1834869384766
1760794393377420300,3780.252420166016,459.58660888671875,915.1834869384766
1760794394321793300,3781.1967932128905,460.6488037109375,915.0659942626953
1760794395266139400,3782.141139404297,462.36102294921875,914.8765563964844
1760794396210475300,3783.085475341797,464.7232666015625,914.615478515625
1760794397154970000,3784.0299702148436,467.70648193359375,914.2854309082031
1760794398099436300,3784.9744362792967,470.71343994140625,913.9532470703125
1760794399043656400,3785.9186564941406,473.68603515625,913.6247253417969
1760794399987886000,3786.862885986328,476.489501953125,913.3150482177734
1760794400932217300,3787.807217285156,478.79888916015625,913.0601501464844
1760794401876642300,3788.7516423339844,480.2152099609375,912.9036712646484
1760794402821054200,3789.696054199219,480.2152099609375,912.9036712646484
1760794403765383200,3790.6403830566405,479.53082275390625,912.9792022705078
1760794404709810200,3791.5848100585936,477.23992919921875,913.2322692871094
1760794405654413300,3792.529413330078,474.27789306640625,913.5592651367188
1760794406598884400,3793.4738842773436,470.998779296875,913.9215850830078
1760794407543299000,3794.4182990722657,467.50830078125,914.3074035644531
1760794408487756300,3795.362756347656,464.673095703125,914.6208190917969
1760794409432162300,3796.3071623535157,462.90802001953125,914.8161315917969
1760794410376784400,3797.251784423828,461.92242431640625,914.9251556396484
1760794411321450200,3798.1964501953125,461.61328125,914.9594116210938
1760794412266069200,3799.1410693359376,461.61328125,914.9594116210938
1760794413210710300,3800.085710205078,461.61328125,914.9594116210938
1760794414155409400,3801.030409423828,461.3199462890625,914.9916076660156
1760794415100229400,3801.9752294921873,460.5589599609375,915.0759124755859
1760794416045232400,3802.920232421875,459.89312744140625,915.1494598388672
1760794416989982500,3803.864982421875,459.89312744140625,915.1494598388672
1760794417934669300,3804.8096694335936,460.24981689453125,915.1102447509766
1760794418879548400,3805.754548339844,461.19049072265625,915.0061798095703
1760794419824607500,3806.699607421875,462.5460205078125,914.8561859130859
1760794420769402400,3807.64440234375,464.1102294921875,914.6831512451172
1760794421714201000,3808.589201171875,465.6190185546875,914.5162200927734
1760794422659157200,3809.5341572265625,467.14361572265625,914.3479156494141
1760794423604176400,3810.4791762695313,468.85321044921875,914.158935546875
1760794424549039400,3811.4240393066407,470.50469970703125,913.9762878417969
1760794425493918200,3812.3689182128905,471.76239013671875,913.8372802734375
1760794426438703400,3813.3137033691405,472.296142578125,913.7784576416016
1760794427383599400,3814.258599365234,472.296142578125,913.7784576416016
1760794428328461000,3815.2034609375,471.923583984375,913.8194274902344
1760794429273334300,3816.1483342285155,471.0965576171875,913.9109802246094
1760794430218097200,3817.0930971679686,469.836181640625,914.0502166748047
1760794431162869200,3818.037869140625,468.552001953125,914.1922760009766
1760794432107782400,3818.982782470703,467.28106689453125,914.3325042724609
1760794433052608300,3819.9276081542966,466.2611083984375,914.4454956054688
1760794433997530000,3820.8725300292967,465.55560302734375,914.5233917236328
1760794434942334200,3821.817334228516,465.19097900390625,914.5636749267578
1760794435887228200,3822.762228271484,464.74176025390625,914.6133422851562
1760794436832064300,3823.7070642089843,463.94378662109375,914.7016143798828
1760794437776968200,3824.6519682617186,462.35577392578125,914.8771667480469
1760794438721855200,3825.5968552246095,460.04107666015625,915.1332092285156
1760794439666760200,3826.5417602539064,457.417236328125,915.4234313964844
1760794440611444200,3827.4864443359374,454.925537109375,915.6992340087891
1760794441556197000,3828.4311970214844,453.15521240234375,915.8950805664062
1760794442500918300,3829.3759182128906,452.10882568359375,916.0110473632812
1760794443445623000,3830.320623046875,452.10882568359375,916.0110473632812
1760794444390267400,3831.2652673339844,452.254150390625,915.994873046875
1760794445334989300,3832.2099892578126,453.74444580078125,915.8298492431641
1760794446279635200,3833.1546352539062,455.84246826171875,915.5976867675781
1760794447224459300,3834.0994592285156,458.17034912109375,915.3400421142578
1760794448169253400,3835.044253417969,460.69110107421875,915.0611877441406
1760794449114026200,3835.989026123047,463.568603515625,914.7430419921875
1760794450058944300,3836.9339443359377,466.52532958984375,914.4161224365234
1760794451003793200,3837.8787932128907,469.03289794921875,914.1389465332031
1760794451948442000,3838.823442138672,471.18109130859375,913.9015197753906
1760794452893086200,3839.7680861816407,473.1258544921875,913.6867523193359
1760794453837838000,3840.7128381347657,474.69537353515625,913.51318359375
1760794454782637300,3841.6576372070313,475.699462890625,913.4023284912109
1760794455727539200,3842.6025393066407,476.63751220703125,913.2987213134766
1760794456672531500,3843.5475314941405,477.8714599609375,913.1625366210938
1760794457617391400,3844.492391357422,479.2877197265625,913.0061340332031
1760794458562166300,3845.4371662597655,480.8096923828125,912.838134765625
1760794459506968300,3846.3819682617186,482.384521484375,912.6642608642578
1760794460451953200,3847.326953125,483.97784423828125,912.4882507324219
1760794461397000200,3848.2720002441406,485.33599853515625,912.3384094238281
1760794462341974300,3849.2169743652344,486.08380126953125,912.2559356689453
1760794463286929400,3850.1619294433594,486.08380126953125,912.2559356689453
1760794464231723300,3851.1067231445313,485.6610107421875,912.3024749755859
1760794465176664300,3852.0516643066408,485.1827392578125,912.3554992675781
1760794466121591300,3852.996591308594,485.1827392578125,912.3554992675781
1760794467066519300,3853.9415192871093,485.22503662109375,912.3507690429688
1760794468011532300,3854.8865322265624,486.30047607421875,912.2322082519531
1760794468956521200,3855.8315212402345,487.8779296875,912.05810546875
1760794469901373200,3856.7763732910157,489.4130859375,911.8886566162109
1760794470846170000,3857.721170166016,490.62591552734375,911.7548370361328
1760794471791007200,3858.6660073242188,491.7039794921875,911.6359710693359
1760794472735696400,3859.6106962890626,492.5706787109375,911.5404510498047
1760794473680416300,3860.5554162597655,493.0489501953125,911.4876556396484
1760794474625122300,3861.500122314453,493.2418212890625,911.4663696289062
1760794475569788200,3862.4447880859375,493.25506591796875,911.4649963378906
1760794476514435300,3863.3894353027345,493.25506591796875,911.4649963378906
1760794477459051300,3864.3340512695313,492.9881591796875,911.4944458007812
1760794478403563300,3865.2785632324217,492.66583251953125,911.5299987792969
1760794479348316200,3866.2233161621093,492.22454833984375,911.5785217285156
1760794480293086200,3867.168086181641,491.7568359375,911.6300964355469
1760794481237818400,3868.112818359375,491.38165283203125,911.6716003417969
1760794482182428400,3869.057428466797,491.11212158203125,911.7014312744141
1760794483126981400,3870.0019814453126,490.81353759765625,911.7341613769531
1760794484071733200,3870.946733154297,490.58892822265625,911.759033203125
1760794485016408300,3871.891408203125,490.443603515625,911.77490234375
1760794485961173200,3872.8361733398438,490.174072265625,911.8045806884766
1760794486906028300,3873.7810283203125,489.936279296875,911.8309020996094
1760794487850937300,3874.725937255859,489.8385009765625,911.8416595458984
1760794488795692300,3875.6706923828124,489.8385009765625,911.8416595458984
1760794489740440300,3876.6154404296876,489.87554931640625,911.8376159667969
1760794490685317400,3877.5603173828126,490.42510986328125,911.7771911621094
1760794491630253300,3878.5052534179686,491.4053955078125,911.6690063476562
1760794492574988300,3879.44998828125,492.7213134765625,911.5239715576172
1760794493519787300,3880.3947873535158,494.65283203125,911.31103515625
1760794494464498200,3881.339498291016,497.35858154296875,911.0127258300781
1760794495409241000,3882.284240966797,500.37347412109375,910.6802368164062
1760794496353748200,3883.2287482910156,503.620849609375,910.3224945068359
1760794497298236400,3884.173236328125,506.9501953125,909.9558258056641
1760794498242774300,3885.117774169922,509.80389404296875,909.6416473388672
1760794499187366100,3886.0623662109374,511.63238525390625,909.4404602050781
1760794500131908000,3887.006908203125,512.427734375,909.3528747558594
1760794501076643300,3887.951643310547,512.427734375,909.3528747558594
1760794502021336300,3888.896336425781,512.425048828125,909.3533325195312
1760794502966047200,3889.8410471191405,511.8226318359375,909.4196319580078
1760794503910827300,3890.7858271484374,510.8211669921875,909.5298767089844
1760794504855667500,3891.7306674804686,509.695556640625,909.6536254882812
1760794505800489200,3892.6754892578124,508.3135986328125,909.8056793212891
1760794506745245200,3893.6202451171876,507.2857666015625,909.9190521240234
1760794507689933300,3894.5649333496094,507.2857666015625,909.9190521240234
1760794508634683400,3895.5096833496095,508.11810302734375,909.8274230957031
1760794509579469300,3896.454469238281,509.93072509765625,909.6279144287109
1760794510524220200,3897.399220214844,511.9124755859375,909.4095611572266
1760794511468965400,3898.343965332031,513.4661254882812,909.2388153076172
1760794512413824300,3899.28882421875,513.8360595703125,909.1980743408203
1760794513358772200,3900.2337722167968,513.8360595703125,909.1980743408203
1760794514303688200,3901.178688232422,513.2626953125,909.2609405517578
1760794515248577300,3902.123577392578,512.861083984375,909.3053436279297
1760794516193527300,3903.06852734375,512.861083984375,909.3053436279297
1760794517138367200,3904.0133671875,513.0037231445312,909.2894744873047
1760794518082910200,3904.95791015625,513.5639038085938,909.2279815673828
1760794519027544300,3905.902544433594,514.4781494140625,909.1273498535156
1760794519971998200,3906.8469982910156,515.5403442382812,909.0103149414062
1760794520916762400,3907.791762451172,516.6897583007812,908.8841247558594
1760794521861559000,3908.7365590820314,517.6251831054688,908.7809753417969
1760794522806410200,3909.68141015625,518.3887939453125,908.6971282958984
1760794523751080200,3910.626080078125,518.7058715820312,908.662109375
1760794524695811300,3911.570811279297,518.740234375,908.6582946777344
1760794525640573200,3912.5155732421877,518.8696899414062,908.6441040039062
1760794526585411300,3913.4604113769533,519.1947021484375,908.6085510253906
1760794527530320100,3914.4053200683593,519.886962890625,908.5324096679688
1760794528475313200,3915.3503132324217,520.7642211914062,908.4358215332031
1760794529420331300,3916.295331298828,521.5146484375,908.3533477783203
1760794530365228300,3917.2402282714843,521.5225830078125,908.3525848388672
1760794531310175200,3918.185175292969,521.5225830078125,908.3525848388672
1760794532255127300,3919.1301271972657,520.8540649414062,908.4259796142578
1760794533199989200,3920.0749892578124,519.72314453125,908.5503387451172
1760794534144929300,3921.019929199219,518.3464965820312,908.7017059326172
1760794535089746200,3921.96474609375,516.9672241210938,908.8535308837891
1760794536034527200,3922.90952734375,515.7042236328125,908.9922332763672
1760794536979295200,3923.8542951660156,514.441162109375,909.1313934326172
1760794537924001300,3924.7990012207033,513.1622924804688,909.2720794677734
1760794538868639200,3925.7436391601564,512.0260620117188,909.3972778320312
1760794539813370000,3926.6883701171873,511.26776123046875,909.4805908203125
1760794540758249200,3927.6332492675783,511.06427001953125,909.5028686523438
1760794541703137300,3928.5781372070314,511.06427001953125,909.5028686523438
1760794542648011300,3929.523011230469,511.64556884765625,909.4390106201172
1760794543592743200,3930.4677431640625,512.6390991210938,909.3296813964844
1760794544537550300,3931.4125502929687,513.619384765625,909.2216491699219
1760794545482388200,3932.3573881835937,514.441162109375,909.1314697265625
1760794546427093200,3933.3020932617187,515.2127075195312,909.0464019775391
1760794547371824400,3934.246824462891,516.02392578125,908.9572143554688
1760794548316648200,3935.1916481933595,516.5180053710938,908.9030456542969
1760794549261516300,3936.136516357422,516.8034057617188,908.8714599609375
1760794550206225200,3937.0812250976564,517.0332641601562,908.8462829589844
1760794551151072300,3938.026072265625,517.382080078125,908.8078308105469
1760794552095856000,3938.970856201172,517.8920288085938,908.7516784667969
1760794553040676400,3939.915676269531,518.919921875,908.6386108398438
1760794553985544200,3940.8605441894533,520.3916625976562,908.4768676757812
1760794554930485200,3941.8054853515623,522.217529296875,908.2760620117188
1760794555875223000,3942.7502231445314,524.156982421875,908.062744140625
1760794556819923200,3943.694923095703,526.244384765625,907.833251953125
1760794557764822300,3944.639822265625,528.4666137695312,907.5890350341797
1760794558709685200,3945.584685302734,530.7654418945312,907.3365783691406
1760794559654507300,3946.5295073242187,533.0853881835938,907.0816040039062
1760794560599417000,3947.4744169921873,535.2124633789062,906.8480682373047
1760794561544405200,3948.4194052734374,536.8929443359375,906.6637420654297
1760794562489402400,3949.36440234375,538.0714111328125,906.5343475341797
1760794563434376200,3950.309376220703,539.0675659179688,906.4248657226562
1760794564379331300,3951.254331298828,539.7096557617188,906.3544464111328
1760794565324339200,3952.1993391113283,540.25927734375,906.2940216064453
1760794566269410300,3953.144410400391,540.9119262695312,906.2225341796875
1760794567214472200,3954.089472167969,541.78125,906.1269378662109
1760794568159479300,3955.034479248047,542.6056518554688,906.0365295410156
1760794569104544300,3955.979544189453,543.319091796875,905.958251953125
1760794570049575400,3956.9245754394533,543.765625,905.9091949462891
1760794570994505200,3957.8695051269533,543.9083251953125,905.8936309814453
1760794571939359200,3958.8143591308594,543.9083251953125,905.8936309814453
1760794572884245200,3959.7592453613283,543.633544921875,905.9237670898438
1760794573829250300,3960.7042502441404,543.5225219726562,905.9362030029297
1760794574774244400,3961.6492443847656,543.5225219726562,905.9362030029297
1760794575719150300,3962.594150390625,543.7920532226562,905.9064483642578
1760794576664131000,3963.5391311035155,543.9453125,905.8897399902344
1760794577609189400,3964.484189453125,543.9981689453125,905.8839416503906
1760794578554282200,3965.4292822265625,543.9981689453125,905.8839416503906
1760794579499410200,3966.37441015625,543.588623046875,905.9288787841797
1760794580444570400,3967.3195703125,543.0839233398438,905.9841918945312
1760794581389729300,3968.264729248047,542.6585083007812,906.0308074951172
1760794582334919200,3969.209919189453,542.3255615234375,906.0674285888672
1760794583280138200,3970.155138183594,541.9635620117188,906.1071014404297
1760794584225243400,3971.100243408203,541.5645751953125,906.1506652832031
1760794585170258200,3972.0452580566407,540.8485107421875,906.2294006347656
1760794586115241200,3972.9902412109377,539.6436157226562,906.3616943359375
1760794587060442000,3973.935442138672,537.931396484375,906.5496826171875
1760794588005580300,3974.880580322266,535.9232177734375,906.77001953125
1760794588950874400,3975.825874267578,533.603271484375,907.0249176025391
1760794589896166400,3976.7711665039064,530.8684692382812,907.3253631591797
1760794590841324300,3977.71632421875,527.8509521484375,907.6569366455078
1760794591786338300,3978.6613383789063,525.0632934570312,907.9631042480469
1760794592731382300,3979.606382324219,522.529296875,908.2416534423828
1760794593676514000,3980.5515141601563,520.7325439453125,908.4394073486328
1760794594621675300,3981.4966752929686,520.7325439453125,908.4394073486328
1760794595566825200,3982.4418251953125,522.1831665039062,908.2797241210938
1760794596511867400,3983.3868674316404,524.8941650390625,907.9817962646484
1760794597456891400,3984.3318913574217,528.4216918945312,907.593994140625
1760794598401888300,3985.2768881835937,531.901611328125,907.2118377685547
1760794599347048200,3986.222048095703,534.7024536132812,906.9042205810547
1760794600292053200,3987.1670532226562,536.8295288085938,906.6706848144531
1760794601237191200,3988.1121911621094,538.4810180664062,906.4891815185547
1760794602182291200,3989.0572912597654,539.4137573242188,906.3869476318359
1760794603127477200,3990.002477294922,539.9844970703125,906.3243865966797
1760794604072687000,3990.9476870117187,540.512939453125,906.2664031982422
1760794605017889300,3991.8928891601563,540.512939453125,906.2664031982422
1760794605963015400,3992.8380153808594,540.4970703125,906.2678527832031
1760794606908268300,3993.783268310547,539.736083984375,906.3513946533203
1760794607853516300,3994.728516357422,538.9354858398438,906.4392852783203
1760794608798776000,3995.673776123047,538.3092651367188,906.5081024169922
1760794609744074200,3996.61907421875,537.6751098632812,906.5776824951172
1760794610689246200,3997.56424609375,537.289306640625,906.6201782226562
1760794611634377200,3998.5093771972656,537.289306640625,906.6201782226562
1760794612579724300,3999.4547243652346,537.8494873046875,906.5586090087891
1760794613524922400,4000.3999223632813,538.5470581054688,906.48193359375
1760794614470231300,4001.345231201172,539.4295654296875,906.3850402832031
1760794615415653000,4002.290653076172,540.5023803710938,906.2674713134766
1760794616360874200,4003.2358742675783,541.8156127929688,906.1232757568359
1760794617306033400,4004.1810334472657,543.0151977539062,905.9917449951172
1760794618251115300,4005.126115234375,543.9188842773438,905.8925628662109
1760794619196198100,4006.0711982421876,544.349609375,905.8452606201172
1760794620141388300,4007.016388183594,544.513427734375,905.8272552490234
1760794621086650400,4007.961650390625,544.706298828125,905.8061218261719
1760794622031755300,4008.906755371094,544.8674926757812,905.7883453369141
1760794622976846300,4009.851846435547,544.9361572265625,905.7808685302734
1760794623921932300,4010.7969323730467,545.3589477539062,905.7344818115234
1760794624867125200,4011.7421252441404,546.3894653320312,905.6215667724609
1760794625812275200,4012.6872751464844,547.9801025390625,905.4468536376953
1760794626757487400,4013.6324873046874,550.4321899414062,905.17822265625
1760794627702650400,4014.577650390625,553.6716918945312,904.8230743408203
1760794628647750400,4015.5227504882814,556.9454956054688,904.4642639160156
1760794629592796400,4016.467796386719,559.7543334960938,904.1565704345703
1760794630537887200,4017.4128872070314,561.928955078125,903.9182281494141
1760794631482952400,4018.357952392578,563.3029174804688,903.7676239013672
1760794632428119300,4019.3031193847655,563.8657836914062,903.7062835693359
1760794633373370000,4020.2483701171873,564.1775512695312,903.6721038818359
1760794634318594300,4021.193594238281,564.3995361328125,903.6477661132812
1760794635263822300,4022.138822265625,564.3995361328125,903.6477661132812
1760794636209008000,4023.0840080566404,564.1537475585938,903.6746215820312
1760794637154190300,4024.0291904296873,564.0745239257812,903.6834716796875
1760794638099386000,4024.9743862304686,564.0745239257812,903.6834716796875
1760794639044557300,4025.9195573730467,564.465576171875,903.6404418945312
1760794639989729300,4026.864729248047,565.1393432617188,903.5668182373047
1760794640934902300,4027.80990234375,566.0509643554688,903.4670257568359
1760794641880257300,4028.7552573242187,566.9916381835938,903.3640289306641
1760794642825564400,4029.700564453125,567.940185546875,903.2601928710938
1760794643770757000,4030.645757080078,568.7963256835938,903.16650390625
1760794644715836200,4031.5908361816405,569.65771484375,903.0722045898438
1760794645660919300,4032.535919189453,570.5323486328125,902.9764556884766
1760794646605928200,4033.480928222656,571.8006591796875,902.8376770019531
1760794647551190300,4034.426190185547,573.4256591796875,902.6596832275391
1760794648496252400,4035.3712524414063,575.3704223632812,902.4469757080078
1760794649441178400,4036.316178466797,577.3416137695312,902.2315979003906
1760794650386124300,4037.261124267578,579.4237670898438,902.0037841796875
1760794651331139300,4038.2061394042967,581.17822265625,901.8121337890625
1760794652276119300,4039.1511193847655,582.208740234375,901.69921875
1760794653221298200,4040.0962980957033,582.240478515625,901.6959381103516
1760794654166408200,4041.041408203125,582.240478515625,901.6959381103516
1760794655111321000,4041.986321044922,581.2443237304688,901.8048095703125
1760794656056269000,4042.931269042969,579.8544311523438,901.9567108154297
1760794657001319200,4043.876319091797,578.3535766601562,902.1206665039062
1760794657946324200,4044.82132421875,576.6968383789062,902.3020935058594
1760794658891366100,4045.7663662109376,575.0665283203125,902.4803924560547
1760794659836520200,4046.711520263672,573.7717895507812,902.6219177246094
1760794660781692200,4047.656692138672,572.8602294921875,902.7217864990234
1760794661726947300,4048.601947265625,572.5404663085938,902.7568054199219
1760794662671992300,4049.546992431641,572.5404663085938,902.7568054199219
1760794663617023200,4050.4920231933593,572.775634765625,902.7309417724609
1760794664562103300,4051.4371032714844,572.9817504882812,902.7085113525391
1760794665507171000,4052.382171142578,572.9817504882812,902.7085113525391
1760794666452270300,4053.327270263672,572.9077758789062,902.7163696289062
1760794667397227300,4054.272227294922,572.83642578125,902.7243804931641
1760794668342242300,4055.2172421875,572.83642578125,902.7243804931641
1760794669287200300,4056.1622001953124,573.2354125976562,902.6805114746094
1760794670232363300,4057.10736328125,573.7717895507812,902.6218414306641
1760794671177519400,4058.0525192871096,574.4086303710938,902.5523376464844
1760794672122652400,4058.99765234375,575.4972534179688,902.4330902099609
1760794673067757300,4059.9427573242187,577.0879516601562,902.2592163085938
1760794674012822300,4060.887822265625,578.96923828125,902.0536041259766
1760794674957827300,4061.832827392578,581.1412353515625,901.8161773681641
1760794675902960400,4062.777960449219,583.3687133789062,901.5726470947266
1760794676848016400,4063.723016357422,584.938232421875,901.4009857177734
1760794677793236200,4064.668236328125,585.7124633789062,901.3163757324219
1760794678738330400,4065.6133303222655,586.04541015625,901.2800598144531
1760794679683614200,4066.5586142578127,586.2277221679688,901.2601470947266
1760794680628775400,4067.503775390625,586.5923461914062,901.2203216552734
1760794681574049300,4068.449049316406,587.26611328125,901.1466217041016
1760794682519341300,4069.3943413085935,588.116943359375,901.0536956787109
1760794683464623000,4070.339623046875,588.7194213867188,900.9880828857422
1760794684409724200,4071.284724121094,588.7194213867188,900.9880828857422
1760794685354772200,4072.229772216797,588.267578125,901.0374450683594
1760794686299809300,4073.1748093261717,587.506591796875,901.1203765869141
1760794687244845000,4074.119844970703,586.552734375,901.2246704101562
1760794688189957400,4075.0649572753905,585.5776977539062,901.3312530517578
1760794689134878200,4076.009878173828,584.7216186523438,901.4246368408203
1760794690080045300,4076.9550454101563,583.984375,901.5052032470703
1760794691025228300,4077.9002282714846,583.1229858398438,901.5995788574219
1760794691970338300,4078.845338378906,581.6591186523438,901.7593383789062
1760794692915372300,4079.790372314453,579.3840942382812,902.0082855224609
1760794693860360400,4080.7353603515626,576.628173828125,902.3094940185547
1760794694805350400,4081.680350341797,573.6951904296875,902.6302337646484
1760794695750338300,4082.6253383789062,570.8441162109375,902.9424285888672
1760794696695329300,4083.570329345703,568.7223510742188,903.1743621826172
1760794697640386300,4084.5153862304687,567.7156372070312,903.2847595214844
1760794698585496000,4085.46049609375,567.7156372070312,903.2847595214844
1760794699530451200,4086.405451171875,568.3339233398438,903.2169342041016
1760794700475581200,4087.3505812988283,569.3776245117188,903.1026458740234
1760794701420425200,4088.295425292969,570.7675170898438,902.9507446289062
1760794702365336000,4089.2403361816405,572.5906982421875,902.7511596679688
1760794703310330000,4090.185330078125,574.3504638671875,902.55859375
1760794704255316200,4091.1303161621095,576.2212524414062,902.3540496826172
1760794705200311300,4092.075311279297,577.9889526367188,902.1607971191406
1760794706145259300,4093.020259277344,579.0934448242188,902.0399475097656
1760794707090157300,4093.9651572265625,579.627197265625,901.9815063476562
1760794708035106300,4094.910106201172,579.9495849609375,901.9462585449219
1760794708980032300,4095.8550322265623,580.0473022460938,901.9357299804688
1760794709924907300,4096.799907226563,580.28515625,901.9097137451172
1760794710869980400,4097.74498046875,580.3828735351562,901.8989562988281
1760794711815095300,4098.6900952148435,580.3828735351562,901.8989562988281
1760794712760392200,4099.635392089844,579.89404296875,901.9524383544922
1760794713705339100,4100.580339111328,579.2731323242188,902.0203399658203
1760794714650197200,4101.525197265625,578.150146484375,902.1430206298828
1760794715594991000,4102.469991210937,577.463134765625,902.2181701660156
1760794716539812400,4103.414812255859,577.463134765625,902.2181701660156
1760794717484545300,4104.359545166016,577.7670288085938,902.18505859375
1760794718429465300,4105.304465332031,578.4090576171875,902.1148681640625
1760794719374403300,4106.249403320313,579.4395751953125,902.0020294189453
1760794720319363300,4107.19436328125,580.7528076171875,901.8584442138672
1760794721264248300,4108.139248291016,582.2747802734375,901.6921997070312
1760794722209060000,4109.084060058593,583.775634765625,901.5280151367188
1760794723153923300,4110.0289233398435,585.3108520507812,901.3602447509766
1760794724098782200,4110.973782226562,586.8116455078125,901.1963653564453
1760794725043741200,4111.918741210938,588.1328125,901.0520935058594
1760794725988689200,4112.863689208984,589.208251953125,900.9345245361328
1760794726933630200,4113.808630126953,590.505615234375,900.7927703857422
1760794727878617300,4114.753617431641,591.8373413085938,900.6474304199219
1760794728823413200,4115.698413330078,593.1585083007812,900.5032348632812
1760794729768205000,4116.643205078125,594.2313232421875,900.3861236572266
1760794730713087200,4117.588087158203,595.161376953125,900.2843475341797
1760794731657953300,4118.532953369141,595.8087768554688,900.2139282226562
1760794732602779100,4119.477779052734,596.2764282226562,900.1627349853516
1760794733547606300,4120.422606201172,596.5882568359375,900.1286315917969
1760794734492431000,4121.367431152344,596.8842163085938,900.0963592529297
1760794735437189400,4122.312189453125,597.0955810546875,900.0734710693359
1760794736382009300,4123.257009277344,597.2039184570312,900.0616455078125
1760794737326721300,4124.201721191406,597.2884521484375,900.0524139404297
1760794738271602200,4125.146602294922,597.4337768554688,900.0363159179688
1760794739216625200,4126.09162524414,597.6425170898438,900.0138092041016
1760794740161764400,4127.036764404297,597.7614135742188,900.0006866455078
1760794741106969300,4127.981969238282,597.8380737304688,899.9922943115234
1760794742052261400,4128.92726147461,597.8380737304688,899.9922943115234
1760794742997486300,4129.872486328125,597.5711669921875,900.0214385986328
1760794743942856200,4130.817856201172,597.5711669921875,900.0214385986328
1760794744888302300,4131.763302246094,597.7984008789062,899.9967193603516
1760794745833698300,4132.708698242188,598.3665161132812,899.9346923828125
1760794746779090200,4133.654090087891,599.148681640625,899.8492431640625
1760794747724479200,4134.599479248047,600.1553955078125,899.7395324707031
1760794748669798400,4135.5447983398435,601.0696411132812,899.6397399902344
1760794749615165200,4136.490165283203,601.7487182617188,899.5655822753906
1760794750560561200,4137.435561035156,602.2745361328125,899.5081329345703
1760794751505965300,4138.380965332031,602.950927734375,899.4344329833984
1760794752451345200,4139.326345214844,603.5772094726562,899.3662261962891
1760794753396639200,4140.271639160156,604.4174194335938,899.2745971679688
1760794754342081300,4141.217081298828,605.4532470703125,899.1616058349609
1760794755287535000,4142.16253515625,606.890625,899.0046691894531
1760794756233049000,4143.108049072265,608.50244140625,898.8289642333984
1760794757178362400,4144.053362304688,610.1142578125,898.6533355712891
1760794758123669200,4144.998669189453,611.2848510742188,898.5257720947266
1760794759069075500,4145.944075439453,611.43017578125,898.5099029541016
1760794760014428400,4146.889428466797,611.43017578125,898.5099029541016
1760794760959807200,4147.8348071289065,609.7655029296875,898.6912536621094
1760794761905139200,4148.780139160156,607.1549072265625,898.975830078125
1760794762850543400,4149.725543457032,603.9444580078125,899.326171875
1760794763796074200,4150.67107421875,600.6627197265625,899.6840667724609
1760794764741653200,4151.616653320312,597.774658203125,899.9992370605469
1760794765687179300,4152.562179199219,596.1787109375,900.1734161376953
1760794766632752000,4153.507752197265,596.1787109375,900.1734161376953
1760794767578252300,4154.453252197266,598.1181640625,899.9617004394531
1760794768523839200,4155.398839111328,601.4527587890625,899.5979309082031
1760794769469384200,4156.344384277344,605.6196899414062,899.1432952880859
1760794770414951400,4157.289951416015,609.7073364257812,898.6978149414062
1760794771360509200,4158.235509277344,612.711669921875,898.3701324462891
1760794772305949200,4159.18094921875,614.188720703125,898.2091522216797
1760794773251352300,4160.126352294922,614.188720703125,898.2091522216797
1760794774196865300,4161.071865234375,613.385498046875,898.2968139648438
1760794775142597000,4162.017597167969,611.892578125,898.4596252441406
1760794776088212200,4162.9632121582035,610.4736328125,898.6140441894531
1760794777033872400,4163.908872314453,609.6915283203125,898.6993408203125
1760794777979524400,4164.854524414062,609.6915283203125,898.6993408203125
1760794778925039400,4165.80003930664,610.0878295898438,898.6561584472656
1760794779870539300,4166.74553930664,611.2399291992188,898.5305786132812
1760794780816184300,4167.691184326171,612.8094482421875,898.3596038818359
1760794781761816300,4168.63681640625,614.20458984375,898.2074737548828
1760794782707377200,4169.5823771972655,615.3724975585938,898.0803680419922
1760794783652998100,4170.527998046875,616.35546875,897.9732513427734
1760794784598706200,4171.473706054688,617.53125,897.8450775146484
1760794785544354300,4172.419354248047,618.9185180664062,897.6941680908203
1760794786490025200,4173.365025146484,620.5805053710938,897.5131225585938
1760794787435607300,4174.310607177735,622.59130859375,897.2940063476562
1760794788381196300,4175.256196289062,624.5968627929688,897.0758819580078
1760794789326997200,4176.201997314453,626.6023559570312,896.8574523925781
1760794790272787500,4177.147787353516,628.47314453125,896.6539764404297
1760794791218425300,4178.093425292969,630.2857666015625,896.4568328857422
1760794792164043300,4179.039043212891,632.1248168945312,896.2565612792969
1760794793109681400,4179.984681396484,633.786865234375,896.0759735107422
1760794794055345400,4180.930345458984,634.8992919921875,895.9548950195312
1760794795001043200,4181.87604321289,635.469970703125,895.8927917480469
1760794795946884000,4182.821884033203,635.8187255859375,895.8549499511719
1760794796892719400,4183.767719238282,635.964111328125,895.8390808105469
1760794797838766300,4184.713766357422,636.067138671875,895.8279418945312
1760794798784777200,4185.6597770996095,636.2864990234375,895.8039855957031
1760794799730947300,4186.605947265625,636.7435302734375,895.7544708251953
1760794800676909300,4187.551909423828,637.3486328125,895.6886291503906
1760794801622911200,4188.497911132812,637.73974609375,895.6460571289062
1760794802568864300,4189.4438642578125,638.00927734375,895.6169128417969
1760794803514834200,4190.389834228516,638.0753173828125,895.6096649169922
1760794804460698400,4191.3356984863285,638.0753173828125,895.6096649169922
1760794805406550300,4192.281550292969,637.8057861328125,895.6389617919922
1760794806352549400,4193.227549316406,637.409423828125,895.6819152832031
1760794807298588200,4194.173588134766,636.9681396484375,895.7300567626953
1760794808244680200,4195.1196801757815,636.5347900390625,895.7769775390625
1760794809190634200,4196.065634277344,636.37890625,895.7939147949219
1760794810136599300,4197.011599365234,636.37890625,895.7939147949219
1760794811082578200,4197.957578125,636.8228759765625,895.745849609375
1760794812028541400,4198.903541503906,637.7581787109375,895.6441497802734
1760794812974454300,4199.849454345703,639.1771240234375,895.4897308349609
1760794813920383200,4200.795383300781,640.96337890625,895.2957153320312
1760794814866456300,4201.741456298828,642.707275390625,895.1061248779297
1760794815812404200,4202.687404296875,644.4459228515625,894.9172973632812
1760794816758221000,4203.633220947266,646.1634521484375,894.7306060791016
1760794817704044300,4204.579044189453,647.9654541015625,894.5350646972656
1760794818649879300,4205.524879394531,649.590576171875,894.3585205078125
1760794819595710200,4206.470710205078,650.887939453125,894.2176818847656
1760794820541624300,4207.416624267578,651.8470458984375,894.1136169433594
1760794821487598000,4208.362598144531,652.0426025390625,894.0921783447266
1760794822433628400,4209.308628417969,652.0426025390625,894.0921783447266
1760794823379844000,4210.25484399414,651.4930419921875,894.1519165039062
1760794824326062000,4211.201062011719,651.0015869140625,894.205322265625
1760794825272095200,4212.147095214844,650.586669921875,894.2504119873047
1760794826218234400,4213.093234375,650.3409423828125,894.2771148681641
1760794827164354300,4214.039354248047,650.1956787109375,894.2928314208984
1760794828110503200,4214.985503173828,650.1058349609375,894.3025970458984
1760794829056612400,4215.931612304687,649.9234619140625,894.3224334716797
1760794830002836200,4216.87783618164,649.66455078125,894.3506622314453
1760794830949005300,4217.824005371093,649.2391357421875,894.3967437744141
1760794831895152400,4218.77015234375,648.5203857421875,894.4746398925781
1760794832841198000,4219.7161979980465,647.4925537109375,894.5864868164062
1760794833787399200,4220.662399169922,646.393310546875,894.705810546875
1760794834733503200,4221.6085031738285,645.1884765625,894.8365783691406
1760794835679627300,4222.554627197265,643.89111328125,894.9776458740234
1760794836625846300,4223.500846191406,642.5936279296875,895.1185607910156
1760794837571861200,4224.446861328125,641.2381591796875,895.2658843994141
1760794838517921300,4225.392921386719,640.0147705078125,895.3987121582031
1760794839464167400,4226.339167480469,639.1824951171875,895.4892730712891
1760794840410349300,4227.285349365235,639.1824951171875,895.4892730712891
1760794841356599300,4228.231599365235,639.2855224609375,895.4781341552734
1760794842302740200,4229.177740234375,639.9090576171875,895.4103851318359
1760794843248978400,4230.123978515625,640.6595458984375,895.3286743164062
1760794844195084300,4231.070084228516,641.18798828125,895.2713775634766
1760794845141153300,4232.016153320313,641.18798828125,895.2713775634766
1760794846087251200,4232.962251220703,641.09814453125,895.2811431884766
1760794847033394400,4233.90839453125,640.70703125,895.3234100341797
1760794847979466200,4234.854466308594,640.10986328125,895.3884124755859
1760794848925492200,4235.8004921875,639.4493408203125,895.4603576660156
1760794849871575300,4236.746575195312,639.034423828125,895.5052185058594
1760794850817660400,4237.69266040039,639.034423828125,895.5052185058594
1760794851763769000,4238.638769042968,639.40966796875,895.4646301269531
1760794852710027300,4239.58502734375,640.4322509765625,895.3533935546875
1760794853656150300,4240.531150390625,641.756103515625,895.2094268798828
1760794854602439200,4241.477439208984,642.92919921875,895.0819396972656
1760794855548693200,4242.423693359375,643.8197021484375,894.9851989746094
1760794856494932200,4243.369932128906,644.826416015625,894.8760223388672
1760794857441147400,4244.316147460938,645.1038818359375,894.8458862304688
1760794858387373300,4245.262373291016,645.1038818359375,894.8458862304688
1760794859333467100,4246.208467041016,644.7630615234375,894.8828887939453
1760794860279579100,4247.154579101562,643.6082763671875,895.0084686279297
1760794861225810200,4248.100810058594,641.6292724609375,895.2232360839844
1760794862172126200,4249.047126220703,639.3885498046875,895.4669189453125
1760794863118381300,4249.993381347656,637.1214599609375,895.7131958007812
1760794864064636200,4250.939636230469,635.2532958984375,895.9165191650391
1760794865010888400,4251.885888427734,634.125,896.0391235351562
1760794865957291300,4252.832291259766,633.5252685546875,896.1043548583984
1760794866903644400,4253.77864453125,633.0892333984375,896.1518859863281
1760794867849994200,4254.724994140625,632.3414916992188,896.2330627441406
1760794868796234500,4255.671234375,631.0308837890625,896.375732421875
1760794869742501400,4256.617501464843,629.2605590820312,896.5682983398438
1760794870688700200,4257.563700195313,627.1492919921875,896.7979431152344
1760794871634867200,4258.5098671875,625.24951171875,897.0047760009766
1760794872581098200,4259.456098144531,624.0657348632812,897.1336364746094
1760794873527269400,4260.402269287109,623.6641235351562,897.1773529052734
1760794874473501200,4261.348501220703,623.6641235351562,897.1773529052734
1760794875419710200,4262.294710205078,624.1080322265625,897.12890625
1760794876366080300,4263.241080322266,624.6100463867188,897.0743560791016
1760794877312470300,4264.187470214843,624.6100463867188,897.0743560791016
1760794878258591200,4265.133591308594,624.5070190429688,897.0855712890625
1760794879204693200,4266.079693359375,624.129150390625,897.1266937255859
1760794880150882300,4267.025882324218,624.0868530273438,897.13134765625
1760794881097211400,4267.972211425781,624.0868530273438,897.13134765625
1760794882043505200,4268.918505126953,624.578369140625,897.0778656005859
1760794882989889300,4269.864889160156,625.651123046875,896.9609832763672
1760794883936041500,4270.811041503906,626.681640625,896.8488311767578
1760794884882344200,4271.757344238281,627.4822387695312,896.7617034912109
1760794885828651300,4272.703651367187,627.725341796875,896.7351531982422
1760794886774754300,4273.649754394532,627.725341796875,896.7351531982422
1760794887720850200,4274.595850097657,627.1968994140625,896.7928314208984
1760794888666991400,4275.5419914550785,626.6393432617188,896.8534851074219
1760794889613036000,4276.488036132812,626.2350463867188,896.8974304199219
1760794890559108400,4277.434108398437,626.0632934570312,896.9163513183594
1760794891505188400,4278.3801882324215,626.0632934570312,896.9163513183594
1760794892451139300,4279.326139404297,626.0712280273438,896.9152069091797
1760794893397124400,4280.272124267578,626.4675903320312,896.8721008300781
1760794894343224300,4281.218224365234,626.6842651367188,896.8486785888672
1760794895289338400,4282.164338378906,627.14404296875,896.7984008789062
1760794896235497200,4283.110497314453,628.0899658203125,896.695556640625
1760794897181721000,4284.056721191406,629.4798583984375,896.5442657470703
1760794898128005400,4285.003005371093,631.1524047851562,896.3625335693359
1760794899074350300,4285.949350341797,633.52783203125,896.1041259765625
1760794900020547000,4286.89554711914,635.9429931640625,895.8413696289062
1760794900966669300,4287.841669433594,637.951171875,895.6230163574219
1760794901912844300,4288.787844238282,639.232666015625,895.4837799072266
1760794902859104300,4289.734104248047,639.232666015625,895.4837799072266
1760794903805386200,4290.680386230469,639.084716796875,895.4998779296875
1760794904751634400,4291.626634521484,638.3818359375,895.5762481689453
1760794905697839400,4292.572839355469,638.1968994140625,895.5963897705078
1760794906644037000,4293.519037109375,638.1968994140625,895.5963897705078
1760794907590174200,4294.465174316406,638.7886962890625,895.5320739746094
1760794908536527000,4295.411527099609,639.47314453125,895.4576110839844
1760794909482826200,4296.357826171875,640.0411376953125,895.3959655761719
1760794910429140200,4297.304140136719,640.53271484375,895.3425598144531
1760794911375470000,4298.250469970703,641.1668701171875,895.2735900878906
1760794912321713200,4299.196713134766,642.15771484375,895.166015625
1760794913268135400,4300.143135498047,643.7193603515625,894.9961090087891
1760794914214444300,4301.0894443359375,645.6693115234375,894.7844696044922
1760794915160850200,4302.035850097656,647.6405029296875,894.5701599121094
1760794916107148300,4302.9821481933595,649.28662109375,894.3914794921875
1760794917053639200,4303.928639160156,650.396484375,894.2709350585938
1760794918000244500,4304.875244384765,650.396484375,894.2709350585938
1760794918946717200,4305.821717285156,649.770263671875,894.3391418457031
1760794919893245200,4306.768245117188,648.3406982421875,894.4943237304688
1760794920839888400,4307.714888427734,646.496337890625,894.6946716308594
1760794921786529300,4308.661529296875,644.844970703125,894.8738098144531
1760794922733243100,4309.6082431640625,644.113037109375,894.9533843994141
1760794923679868200,4310.554868164062,644.113037109375,894.9533843994141
1760794924626422300,4311.501422363282,644.443359375,894.9176025390625
1760794925572937200,4312.447937255859,644.7392578125,894.8855590820312
1760794926519429000,4313.394429199218,644.7392578125,894.8855590820312
1760794927465855500,4314.34085546875,644.00732421875,894.9650573730469
1760794928412202200,4315.287202148437,642.900146484375,895.0851440429688
1760794929358730200,4316.23373022461,642.11279296875,895.1708221435547
1760794930305276200,4317.1802761230465,642.11279296875,895.1708221435547
1760794931251910100,4318.12691015625,643.2066650390625,895.0519561767578
1760794932198642200,4319.073642089844,645.899169921875,894.759521484375
1760794933145397200,4320.0203972167965,649.352783203125,894.3843078613281
1760794934092169200,4320.967169189453,653.0994873046875,893.9776611328125
1760794935039031300,4321.91403125,656.872802734375,893.568115234375
1760794935985885400,4322.860885498047,660.1915283203125,893.2079315185547
1760794936932715300,4323.807715332031,662.395263671875,892.9690551757812
1760794937879727400,4324.754727294922,663.956787109375,892.7997589111328
1760794938826671400,4325.701671386719,665.169677734375,892.6683044433594
1760794939773529300,4326.648529296875,665.2965087890625,892.6544952392578
1760794940720357000,4327.5953571777345,665.2965087890625,892.6544952392578
1760794941667317200,4328.542317138672,664.5460205078125,892.7356719970703
1760794942614281200,4329.48928125,663.5340576171875,892.8455352783203
1760794943561335300,4330.436335205078,662.4876708984375,892.958984375
1760794944508334000,4331.383333984375,661.7135009765625,893.0430603027344
1760794945455236000,4332.330236083984,661.3990478515625,893.0771636962891
1760794946402261200,4333.277261230469,661.375244140625,893.0795288085938
1760794947349278200,4334.224278320313,661.1639404296875,893.1026458740234
1760794948296211200,4335.1712111816405,660.2073974609375,893.2063293457031
1760794949243238100,4336.118238037109,659.0103759765625,893.3361053466797
1760794950190296000,4337.0652961425785,657.9403076171875,893.4522247314453
1760794951137383200,4338.012383056641,656.9097900390625,893.5639953613281
1760794952084487200,4338.959487060547,656.9097900390625,893.5639953613281
1760794953031684000,4339.9066840820315,657.48046875,893.5020446777344
1760794953978841300,4340.8538413085935,659.9642333984375,893.2326507568359
1760794954925812200,4341.8008122558595,663.6661376953125,892.8313446044922
1760794955872765200,4342.747765136719,668.12109375,892.3481750488281
1760794956819794200,4343.694794189453,672.8350830078125,891.8373870849609
1760794957766731300,4344.641731201172,677.004638671875,891.3859558105469
1760794958713966300,4345.588966308594,680.1357421875,891.0467529296875
1760794959661124400,4346.536124267578,681.8955078125,890.8562469482422
1760794960608180200,4347.483180175781,682.6036376953125,890.7797241210938
1760794961555150300,4348.430150390625,682.6697998046875,890.7725524902344
1760794962502077400,4349.377077392578,682.6697998046875,890.7725524902344
1760794963449176300,4350.324176269532,682.373779296875,890.8045196533203
1760794964396367400,4351.271367431641,682.373779296875,890.8045196533203
1760794965343560200,4352.218560302735,682.91552734375,890.745849609375
1760794966290762200,4353.165762207032,684.70166015625,890.5525207519531
1760794967237974300,4354.112974365235,687.3043212890625,890.2710723876953
1760794968184980200,4355.05998022461,690.1923828125,889.9585723876953
1760794969132053200,4356.007053222656,693.072509765625,889.6470642089844
1760794970079023400,4356.9540234375,695.421630859375,889.3933868408203
1760794971026054400,4357.9010544433595,696.803466796875,889.2437744140625
1760794971973218300,4358.848218261719,696.822021484375,889.2417144775391
1760794972920281000,4359.79528100586,696.822021484375,889.2417144775391
1760794973867125200,4360.742125244141,696.1456298828125,889.3149566650391
1760794974814000400,4361.689000488282,695.3660888671875,889.3993377685547
1760794975760802300,4362.635802246094,694.39111328125,889.5045471191406
1760794976707488300,4363.58248828125,693.9049072265625,889.5571899414062
1760794977654185200,4364.529185302735,693.9049072265625,889.5571899414062
1760794978600820200,4365.4758203125,695.123046875,889.4255828857422
1760794979547460400,4366.422460449218,696.9066162109375,889.2326354980469
1760794980494035200,4367.36903515625,699.0548095703125,889.0006256103516
1760794981440686300,4368.315686279297,701.1236572265625,888.7770080566406
1760794982387460400,4369.262460449218,703.0208740234375,888.5720825195312
1760794983334180400,4370.209180419922,704.6669921875,888.3941650390625
1760794984281065200,4371.156065185547,706.27099609375,888.2211303710938
1760794985227901200,4372.102901123047,707.8748779296875,888.0477905273438
1760794986174740200,4373.049740234375,709.96484375,887.822265625
1760794987121499400,4373.996499511719,711.94140625,887.6089477539062
1760794988068246300,4374.943246337891,713.4210205078125,887.4492645263672
1760794989014971100,4375.889971191406,713.9600830078125,887.3912048339844
1760794989961663200,4376.836663330078,713.9600830078125,887.3912048339844
1760794990908594400,4377.783594482422,712.805419921875,887.5156402587891
1760794991855444200,4378.730444335937,711.000732421875,887.7106475830078
1760794992802232300,4379.677232421875,708.836669921875,887.9441070556641
1760794993749009400,4380.624009521484,706.8126220703125,888.1627655029297
1760794994695709200,4381.570709228516,705.583984375,888.2953643798828
1760794995642338300,4382.517338378906,705.53369140625,888.30078125
1760794996589022200,4383.464022216797,705.53369140625,888.30078125
1760794997535811000,4384.410811035156,706.1995849609375,888.2289123535156
1760794998482665200,4385.3576652832035,706.7994384765625,888.1641387939453
1760794999429350400,4386.304350341797,706.7994384765625,888.1641387939453
1760795000375967200,4387.250967285157,706.762451171875,888.1679534912109
1760795001322591200,4388.1975913085935,705.998779296875,888.2505798339844
1760795002269224200,4389.144224121093,705.05810546875,888.35205078125
1760795003215761200,4390.090761230469,704.3050537109375,888.4333801269531
1760795004162440200,4391.037440185547,703.8902587890625,888.4782409667969
1760795005109033500,4391.984033447266,703.8902587890625,888.4782409667969
1760795006055700200,4392.930700195312,704.1729736328125,888.4475708007812
1760795007002388200,4393.877388183594,704.92333984375,888.36669921875
1760795007949078300,4394.824078369141,706.4083251953125,888.2062530517578
1760795008895885300,4395.770885253906,708.548583984375,887.9750823974609
1760795009842689300,4396.717689208985,711.0931396484375,887.7004241943359
1760795010789443300,4397.664443359375,713.666748046875,887.4226379394531
1760795011736129300,4398.611129394531,715.624755859375,887.2113800048828
1760795012682843100,4399.557843017578,716.805908203125,887.0841979980469
1760795013629650400,4400.504650390625,717.3291015625,887.0276641845703
1760795014576351200,4401.451351318359,717.3316650390625,887.0272827148438
1760795015523141400,4402.398141357422,717.403076171875,887.0198059082031
1760795016469931300,4403.344931152344,717.70166015625,886.9874572753906
1760795017416692200,4404.291692138672,718.206298828125,886.9331359863281
1760795018363409400,4405.238409423828,718.206298828125,886.9331359863281
1760795019310147300,4406.185147216797,717.4796142578125,887.0113372802734
1760795020256720400,4407.131720458984,715.965576171875,887.1747589111328
1760795021203342000,4408.078342041015,713.8729248046875,887.4004364013672
1760795022150083300,4409.025083251953,711.6639404296875,887.6389312744141
1760795023096861400,4409.971861328125,709.550048828125,887.8672027587891
1760795024043547100,4410.91854711914,707.7242431640625,888.0641174316406
1760795024990274300,4411.865274414063,706.25244140625,888.2229614257812
1760795025936902400,4412.81190234375,705.118896484375,888.3454895019531
1760795026883531300,4413.75853125,703.65234375,888.5037994384766
1760795027830343200,4414.705343261719,701.837158203125,888.6998748779297
1760795028776938200,4415.651938232422,699.8289794921875,888.9167785644531
1760795029723544300,4416.598544433594,698.016357421875,889.1127014160156
1760795030670275300,4417.545275390625,696.4388427734375,889.2832183837891
1760795031616905200,4418.491905273438,695.2576904296875,889.4108581542969
1760795032563528200,4419.438528076172,694.5733642578125,889.48486328125
1760795033510288100,4420.385288085938,693.939208984375,889.5535278320312
1760795034457038000,4421.332038085938,693.1861572265625,889.6348571777344
1760795035403687200,4422.278687255859,691.92578125,889.7710418701172
1760795036350288100,4423.225288085938,690.794921875,889.8934936523438
1760795037296864300,4424.171864257813,690.2109375,889.9566650390625
1760795038243621400,4425.1186213378905,690.2109375,889.9566650390625
1760795039190376200,4426.065376220703,691.6748046875,889.7982788085938
1760795040137013200,4427.012013183594,694.568115234375,889.4855499267578
1760795041083696400,4427.958696289063,697.9290771484375,889.1221618652344
1760795042030460400,4428.9054604492185,701.2030029296875,888.7684631347656
1760795042977077200,4429.852077148437,704.0302734375,888.4630584716797
1760795043923635200,4430.7986352539065,705.7794189453125,888.2741546630859
1760795044870177300,4431.745177246094,705.8349609375,888.2682037353516
1760795045816661200,4432.691661132812,705.8349609375,888.2682037353516
1760795046763285200,4433.63828515625,705.087158203125,888.3489227294922
1760795047709817000,4434.5848171386715,704.2733154296875,888.4369659423828
1760795048656352300,4435.531352294922,703.4013671875,888.5311126708984
1760795049602885000,4436.4778850097655,702.8359375,888.5920715332031
1760795050549317400,4437.424317382813,702.5135498046875,888.6267852783203
1760795051495970300,4438.3709702148435,702.286376953125,888.6515808105469
1760795052442559200,4439.317559326172,702.056396484375,888.6762237548828
1760795053389120300,4440.264120361328,701.87939453125,888.6954498291016
1760795054335767300,4441.210767333984,701.5966796875,888.7258911132812
1760795055282272300,4442.157272216797,701.226806640625,888.765869140625
1760795056228867300,4443.1038674316405,700.6929931640625,888.8236999511719
1760795057175396000,4444.050395996093,700.090576171875,888.8887023925781
1760795058121939200,4444.996939208984,699.268798828125,888.9775085449219
1760795059068465200,4445.94346508789,698.193359375,889.0936279296875
1760795060015081200,4446.890081298828,696.96728515625,889.2259979248047
1760795060961650400,4447.836650390625,695.7413330078125,889.3586730957031
1760795061908086300,4448.783086181641,694.2879638671875,889.5158386230469
1760795062854611200,4449.729611083984,692.4886474609375,889.7103118896484
1760795063801175300,4450.676175292969,690.419677734375,889.9340057373047
1760795064747799000,4451.6227990722655,688.1287841796875,890.1817321777344
1760795065694416400,4452.569416503906,685.584228515625,890.4570007324219
1760795066640997000,4453.515997070313,682.85205078125,890.7528686523438
1760795067587417300,4454.462417236328,680.447509765625,891.0129547119141
1760795068533962200,4455.408962158203,678.40771484375,891.2338256835938
1760795069480450000,4456.355449951172,676.452392578125,891.4456939697266
1760795070427114200,4457.302114257813,674.1746826171875,891.6922760009766
1760795071373654300,4458.248654296875,672.2906494140625,891.8964385986328
1760795072320296200,4459.195296142578,671.10693359375,892.0247650146484
1760795073266971400,4460.141971435547,670.6181640625,892.0777130126953
1760795074213435100,4461.088435058594,670.6181640625,892.0777130126953
1760795075160069000,4462.035069091797,671.7755126953125,891.9523620605469
1760795076106753300,4462.981753173828,673.4189453125,891.7742156982422
1760795077053526300,4463.928526367187,674.8009033203125,891.6245269775391
1760795078000191200,4464.875191162109,676.0322265625,891.4910125732422
1760795078946774300,4465.821774169922,677.2344970703125,891.3608551025391
1760795079893606100,4466.768606201172,678.4552001953125,891.2287902832031
1760795080840245200,4467.715245361328,679.6680908203125,891.0974884033203
1760795081786931200,4468.661931152344,681.13720703125,890.9384155273438
1760795082733570300,4469.6085703125,682.91015625,890.7463073730469
1760795083680128300,4470.555128173828,684.7413330078125,890.5483245849609
1760795084626740200,4471.501740234375,686.0572509765625,890.4061126708984
1760795085573446400,4472.448446289062,686.9371337890625,890.3108215332031
1760795086520087300,4473.395087402344,687.6795654296875,890.2305603027344
1760795087466610200,4474.341610107422,688.049560546875,890.1902770996094
1760795088413068300,4475.288068359375,688.094482421875,890.185546875
1760795089359488300,4476.23448828125,688.094482421875,890.185546875
1760795090306072300,4477.181072265625,688.2213134765625,890.1718902587891
1760795091252452400,4478.127452392579,688.2978515625,890.1634979248047
1760795092198787300,4479.073787353515,688.31640625,890.1614379882812
1760795093145070300,4480.0200703125,688.6175537109375,890.1290893554688
1760795094091327200,4480.966327148438,689.283447265625,890.0567626953125
1760795095037597200,4481.912597167969,690.0364990234375,889.9756622314453
1760795095983841300,4482.858841308594,690.4989013671875,889.9253845214844
1760795096930063400,4483.805063476562,690.823974609375,889.8902130126953
1760795097876133000,4484.75113305664,691.2255859375,889.8469543457031
1760795098822270200,4485.697270263672,691.6959228515625,889.7960662841797
1760795099768461300,4486.643461425781,692.1107177734375,889.7512817382812
1760795100714690300,4487.589690185547,692.4886474609375,889.7102355957031
1760795101660785200,4488.53578515625,692.5546875,889.7030639648438
1760795102606723300,4489.4817233886715,692.5546875,889.7030639648438
1760795103552542200,4490.427542236328,691.95751953125,889.7676849365234
1760795104498306300,4491.373306396485,691.191162109375,889.8506164550781
1760795105444314400,4492.319314453125,690.4276123046875,889.9333190917969
1760795106390379300,4493.265379150391,689.65869140625,890.0164794921875
1760795107336388400,4494.211388427734,688.955810546875,890.0923156738281
1760795108282294300,4495.157294189453,688.2899169921875,890.1643371582031
1760795109228214300,4496.1032143554685,687.806396484375,890.2165985107422
1760795110174179300,4497.049179443359,687.806396484375,890.2165985107422
1760795111120151300,4497.995151367188,687.88037109375,890.2085876464844
1760795112066047200,4498.94104711914,688.3189697265625,890.1612091064453
1760795113012009500,4499.887009521484,688.91357421875,890.0970458984375
1760795113957955300,4500.832955322266,689.3204345703125,890.0530242919922
1760795114903796200,4501.778796142578,689.3204345703125,890.0530242919922
1760795115849688300,4502.724688232422,689.0245361328125,890.0849914550781
1760795116795584300,4503.6705842285155,688.2635498046875,890.167236328125
1760795117741534200,4504.616534179688,687.3017578125,890.2711486816406
1760795118687340300,4505.562340332031,686.2052001953125,890.3899383544922
1760795119633238300,4506.50823828125,684.9580078125,890.5247497558594
1760795120579102200,4507.4541022949215,683.6395263671875,890.6675720214844
1760795121525057300,4508.400057373047,682.315673828125,890.8107757568359
1760795122470910200,4509.34591015625,680.915283203125,890.9624481201172
1760795123416629200,4510.291629150391,679.617919921875,891.1028289794922
1760795124362394400,4511.237394287109,678.5345458984375,891.2200927734375
1760795125308178200,4512.183178222656,677.852783203125,891.2938690185547
1760795126254094300,4513.129094238281,677.852783203125,891.2938690185547
1760795127200111000,4514.075111083985,677.865966796875,891.2924957275391
1760795128146007300,4515.021007324219,678.4288330078125,891.2315368652344
1760795129091901200,4515.966901123047,679.105224609375,891.1583709716797
1760795130037580300,4516.912580322266,679.779052734375,891.0853576660156
1760795130983281400,4517.858281494141,680.3497314453125,891.0237121582031
1760795131929011500,4518.804011474609,680.928466796875,890.9609985351562
1760795132874873000,4519.749873046875,681.2587890625,890.9251403808594
1760795133820576300,4520.695576171875,681.5335693359375,890.8953857421875
1760795134766274300,4521.6412744140625,681.6365966796875,890.8844757080078
1760795135711954400,4522.586954345703,681.6365966796875,890.8844757080078
1760795136657510400,4523.532510498047,681.3856201171875,890.9115600585938
1760795137603245300,4524.478245361328,680.9786376953125,890.9555053710938
1760795138548889000,4525.423889160156,680.555908203125,891.0015106201172
1760795139494654200,4526.369654296875,680.2705078125,891.0322570800781
1760795140440458200,4527.315458251953,680.1304931640625,891.0472869873047
1760795141386050300,4528.261050292968,679.5914306640625,891.1057281494141
1760795142331571500,4529.206571533203,678.9837646484375,891.1714172363281
1760795143277087200,4530.152087158203,678.212158203125,891.2551879882812
1760795144222685400,4531.097685546875,677.268798828125,891.3571166992188
1760795145168306400,4532.043306396485,676.15380859375,891.4778900146484
1760795146113956000,4532.988956054687,675.1893310546875,891.5823364257812
1760795147059521300,4533.934521240234,674.33056640625,891.6754913330078
1760795148005146400,4534.880146484375,673.4718017578125,891.7685699462891
1760795148950645200,4535.8256452636715,672.5311279296875,891.8703460693359
1760795149896203300,4536.7712033691405,671.49267578125,891.9828796386719
1760795150841577200,4537.716577148438,670.4437255859375,892.0966339111328
1760795151787123200,4538.662123291016,669.389404296875,892.2108459472656
1760795152732701200,4539.607701171875,668.3509521484375,892.3234558105469
1760795153678070300,4540.5530703125,667.2650146484375,892.4410247802734
1760795154623421200,4541.498421142578,666.260986328125,892.5497436523438
1760795155568836000,4542.443836181641,665.33349609375,892.6504516601562
1760795156514489000,4543.389489013672,664.646484375,892.7249145507812
1760795157459995400,4544.334995361328,664.646484375,892.7249145507812
1760795158405520100,4545.280520019532,664.826171875,892.7054595947266
1760795159350752300,4546.225752197266,665.8671875,892.5924682617188
1760795160296138200,4547.171138183594,667.3759765625,892.4290466308594
1760795161241502200,4548.116502197266,669.1119384765625,892.2407531738281
1760795162186904000,4549.0619040527345,670.615478515625,892.0777893066406
1760795163132186000,4550.007186035156,671.7596435546875,891.9539642333984
1760795164077526300,4550.952526367188,672.4730224609375,891.8767547607422
1760795165022933200,4551.897933349609,673.138916015625,891.8044281005859
1760795165968388400,4552.843388427735,673.3687744140625,891.7795562744141
1760795166913745200,4553.788745117187,673.3687744140625,891.7795562744141
1760795167859027500,4554.73402734375,673.3370361328125,891.7829895019531
1760795168804382200,4555.679382324219,673.2762451171875,891.7896270751953
1760795169749766400,4556.624766357422,672.895751953125,891.8306732177734
1760795170694855200,4557.5698552246095,672.895751953125,891.8306732177734
1760795171640256300,4558.515256347656,672.9063720703125,891.829833984375
1760795172585414100,4559.4604140625,672.946044921875,891.8255615234375
1760795173530527200,4560.40552734375,672.946044921875,891.8255615234375
1760795174475614200,4561.350614257813,672.50732421875,891.8730163574219
1760795175420871200,4562.29587109375,671.553466796875,891.9763946533203
1760795176366087200,4563.241087158203,670.1610107421875,892.1271514892578
1760795177311229200,4564.186229248047,668.6495361328125,892.2909545898438
1760795178256364300,4565.1313642578125,667.2623291015625,892.4412536621094
1760795179201488400,4566.07648828125,666.1314697265625,892.5640869140625
1760795180146777000,4567.02177709961,665.3203125,892.6519012451172
1760795181091958300,4567.966958251953,664.662353515625,892.7232360839844
1760795182037212400,4568.912212402343,664.0096435546875,892.7940368652344
1760795182982645200,4569.857645263672,663.2777099609375,892.8732299804688
1760795183927956200,4570.802956298829,662.5352783203125,892.9537200927734
1760795184873299500,4571.748299560547,661.7742919921875,893.0362701416016
1760795185818721300,4572.693721191406,661.092529296875,893.1101989746094
1760795186764243500,4573.639243408203,660.4794921875,893.1768798828125
1760795187709911300,4574.584911376953,659.8216552734375,893.2480621337891
1760795188655499300,4575.530499267578,659.1875,893.3168792724609
1760795189601025300,4576.476025390625,658.6060791015625,893.380126953125
1760795190546490000,4577.4214899902345,658.2335205078125,893.4205627441406
1760795191491790300,4578.366790283203,658.2230224609375,893.4217071533203
1760795192437304300,4579.3123041992185,658.2230224609375,893.4217071533203
1760795193382787300,4580.257787353516,658.421142578125,893.4001159667969
1760795194328093200,4581.203093261719,658.555908203125,893.3853912353516
1760795195273520000,4582.148520019531,658.555908203125,893.3853912353516
1760795196218837200,4583.093837158203,658.5533447265625,893.3857727050781
1760795197164168400,4584.039168457031,658.331298828125,893.4099578857422
1760795198109460500,4584.984460449219,657.9296875,893.4535217285156
1760795199054696400,4585.929696533203,657.37744140625,893.5133361816406
1760795200000163300,4586.875163330078,656.6824951171875,893.5886383056641
1760795200945488100,4587.8204880371095,655.451171875,893.7223815917969
1760795201890892300,4588.765892333984,653.591064453125,893.9241027832031
1760795202836247300,4589.711247314453,651.1654052734375,894.1875457763672
1760795203781682200,4590.656682128906,648.5072021484375,894.4760894775391
1760795204727105300,4591.60210522461,645.798828125,894.7703552246094
1760795205672470300,4592.547470214844,643.3203125,895.0396728515625
1760795206617886200,4593.492886230469,641.21435546875,895.2684020996094
1760795207563380200,4594.438380126953,639.5047607421875,895.4542541503906
1760795208508942300,4595.383942382812,637.903564453125,895.6283569335938
1760795209454565400,4596.329565429687,636.080322265625,895.826416015625
1760795210400018200,4597.275018066406,633.9876708984375,896.0540008544922
1760795211345486000,4598.220486083985,631.9398193359375,896.2766265869141
1760795212290914300,4599.165914306641,629.992431640625,896.4884948730469
1760795213236362200,4600.111362304688,628.1639404296875,896.6876983642578
1760795214181707300,4601.05670727539,626.427978515625,896.8766784667969
1760795215127255300,4602.002255371094,624.84521484375,897.0487213134766
1760795216072641300,4602.947641357422,623.1383056640625,897.2345733642578
1760795217017875200,4603.892875244141,621.457763671875,897.4176025390625
1760795217963304200,4604.838304199218,619.7376098632812,897.6047515869141
1760795218908556300,4605.7835563964845,617.9540405273438,897.7989959716797
1760795219853692400,4606.728692382812,616.3026123046875,897.9791259765625
1760795220798801200,4607.673801269531,614.593017578125,898.1653594970703
1760795221743933200,4608.618933105468,612.8068237304688,898.3598327636719
1760795222689163300,4609.564163330078,610.9149169921875,898.5662078857422
1760795223634417400,4610.509417480469,609.13134765625,898.7606048583984
1760795224579632400,4611.454632324218,607.2288818359375,898.9678955078125
1760795225524796200,4612.399796142578,605.4268188476562,899.1645050048828
1760795226469863200,4613.34486328125,603.6300048828125,899.3602752685547
1760795227414965200,4614.289965332031,602.0393676757812,899.5339202880859
1760795228360059100,4615.2350590820315,600.8265380859375,899.6662902832031
1760795229305120300,4616.180120361328,599.9730834960938,899.7592926025391
1760795230250110200,4617.125110107422,599.2913208007812,899.8336791992188
1760795231195139000,4618.070139160156,598.8236694335938,899.8846435546875
1760795232140073200,4619.015073242187,598.0758666992188,899.9662780761719
1760795233085143300,4619.960143310547,597.3888549804688,900.0414276123047
1760795234030235400,4620.905235351563,596.5670776367188,900.1311492919922
1760795234975227400,4621.850227294922,595.6370239257812,900.2323913574219
1760795235920326100,4622.795326171875,594.5933227539062,900.3465270996094
1760795236865345300,4623.740345214844,593.7001953125,900.4439544677734
1760795237810417200,4624.685417236328,592.6168212890625,900.5624389648438
1760795238755546400,4625.630546386718,591.16357421875,900.7209777832031
1760795239700651300,4626.575651367188,589.60986328125,900.8908081054688
1760795240645636400,4627.520636230469,588.1407470703125,901.0512542724609
1760795241590642200,4628.465642089844,586.6636962890625,901.2126159667969
1760795242535671300,4629.410671386719,585.1681518554688,901.3760375976562
1760795243480624000,4630.3556240234375,583.968505859375,901.5071868896484
1760795244425550300,4631.300550292969,583.2392578125,901.5867614746094
1760795245370409200,4632.245409179687,583.1044921875,901.6014862060547
1760795246315388200,4633.190388183593,583.1044921875,901.6014862060547
1760795247260491300,4634.135491210937,583.5880126953125,901.5487670898438
1760795248205331200,4635.080331298828,584.0768432617188,901.4952087402344
1760795249150215200,4636.0252150878905,584.6396484375,901.4336395263672
1760795250095226400,4636.970226318359,585.3583984375,901.3551330566406
1760795251040271400,4637.915271240235,586.2885131835938,901.2535095214844
1760795251985431300,4638.860431396484,587.5462036132812,901.1162567138672
1760795252930776300,4639.805776367188,589.2267456054688,900.9326934814453
1760795253875844400,4640.750844238281,591.134521484375,900.7243347167969
1760795254820844300,4641.695844238281,592.955078125,900.5254364013672
1760795255765761300,4642.640761230468,594.2841186523438,900.3802490234375
1760795256710620200,4643.585620117187,594.9420776367188,900.3085327148438
1760795257655416300,4644.530416259766,594.9420776367188,900.3085327148438
1760795258600264200,4645.475264160156,594.2128295898438,900.3880310058594
1760795259545160200,4646.42016015625,592.939208984375,900.5269622802734
1760795260489856300,4647.364856201172,591.3643798828125,900.6991577148438
1760795261434726100,4648.309726074219,589.69970703125,900.8810424804688
1760795262379686400,4649.254686279297,588.0271606445312,901.0636138916016
1760795263324637200,4650.199637207032,586.4205932617188,901.239013671875
1760795264269436400,4651.144436523437,584.6845703125,901.4289093017578
1760795265214206200,4652.089206298828,583.1256103515625,901.5991973876953
1760795266159147300,4653.034147216797,581.9286499023438,901.7298126220703
1760795267104212200,4653.979212158203,581.1438598632812,901.8157958984375
1760795268049246200,4654.92424609375,580.6365356445312,901.8711090087891
1760795268994284000,4655.869283935547,580.3855590820312,901.8984985351562
1760795269939278300,4656.814278320313,580.3643798828125,901.9009399414062
1760795270884163300,4657.759163330078,580.2349243164062,901.9152069091797
1760795271828991200,4658.703991210938,580.0103149414062,901.9396209716797
1760795272774081300,4659.649081298828,579.7830810546875,901.9644165039062
1760795273718888200,4660.593888183594,579.4528198242188,902.0008087158203
1760795274663631000,4661.538631103515,578.9454956054688,902.0561218261719
1760795275608360200,4662.4833601074215,578.118408203125,902.1466064453125
1760795276553111300,4663.428111328125,577.0773315429688,902.2605133056641
1760795277497996300,4664.372996337891,576.089111328125,902.3683929443359
1760795278442935300,4665.317935302734,575.536865234375,902.4288177490234
1760795279387852300,4666.262852294922,575.536865234375,902.4288177490234
1760795280332645000,4667.207645019531,576.1552124023438,902.3612976074219
1760795281277456400,4668.152456298828,577.5767822265625,902.2058868408203
1760795282222337300,4669.097337158203,579.4369506835938,902.0022583007812
1760795283167270100,4670.0422702636715,581.4081420898438,901.7869567871094
1760795284112211200,4670.98721118164,583.20751953125,901.5903472900391
1760795285057052400,4671.932052490234,584.7427368164062,901.4225006103516
1760795286001968400,4672.87696850586,585.9080200195312,901.295166015625
1760795286946882300,4673.821882324219,586.3333740234375,901.2486267089844
1760795287891941400,4674.76694140625,586.3333740234375,901.2486267089844
1760795288836968200,4675.7119682617185,586.0506591796875,901.2796020507812
1760795289781759200,4676.656759277344,585.656982421875,901.3226318359375
1760795290726561300,4677.601561279297,585.1390991210938,901.3792419433594
1760795291671307300,4678.546307373047,584.7189331054688,901.4251708984375
1760795292616112000,4679.491112060547,584.5604248046875,901.4423370361328
1760795293561060000,4680.436060058594,584.5604248046875,901.4423370361328
1760795294506018000,4681.381018066406,584.6159057617188,901.4363861083984
1760795295450919200,4682.325919189453,584.8114013671875,901.4149475097656
1760795296395809300,4683.270809326172,584.9039306640625,901.4047241210938
1760795297340682200,4684.215682128906,584.9039306640625,901.4047241210938
1760795298285477000,4685.160477050781,584.3992309570312,901.4600372314453
1760795299230230300,4686.105230224609,583.6990356445312,901.5363311767578
1760795300175008300,4687.050008300781,582.9036865234375,901.6234588623047
1760795301119812400,4687.994812255859,582.2932739257812,901.6902160644531
1760795302064523300,4688.9395231933595,582.2932739257812,901.6902160644531
1760795303009377300,4689.884377197266,582.3091430664062,901.6883850097656
1760795303954193400,4690.829193359375,583.2313232421875,901.5877532958984
1760795304899082200,4691.77408227539,584.6766967773438,901.4295196533203
1760795305843926300,4692.718926269531,586.222412109375,901.2608337402344
1760795306788659500,4693.663659423828,588.206787109375,901.0438537597656
1760795307733494300,4694.608494384765,590.4421997070312,900.7997131347656
1760795308678345200,4695.553345214844,592.5903930664062,900.5652618408203
1760795309623040300,4696.498040283203,594.313232421875,900.377197265625
1760795310567814400,4697.442814453125,595.9725952148438,900.1960754394531
1760795311512649200,4698.387649169922,597.0850219726562,900.074462890625
1760795312457346300,4699.332346191406,597.7984008789062,899.9967956542969
1760795313402203400,4700.277203369141,598.1630859375,899.9569702148438
1760795314346913300,4701.221913330078,598.3612670898438,899.9352264404297
1760795315291585300,4702.166585205078,598.7655029296875,899.8910522460938
1760795316236311300,4703.111311279297,599.1354370117188,899.8506164550781
1760795317180966400,4704.055966308594,599.46044921875,899.8151397705078
1760795318125633300,4705.000633300781,599.5185546875,899.8089599609375
1760795319070376200,4705.945376220703,599.5185546875,899.8089599609375
1760795320015169300,4706.890169189453,598.728515625,899.8951721191406
1760795320959990300,4707.834990234375,597.550048828125,900.0238800048828
1760795321904836000,4708.77983618164,596.6490478515625,900.1219177246094
1760795322849555200,4709.7245551757815,596.6490478515625,900.1219177246094
1760795323794288000,4710.669288085937,596.773193359375,900.1084136962891
1760795324739030300,4711.6140302734375,597.4443359375,900.0353240966797
1760795325683694300,4712.558694335938,598.6069946289062,899.9082946777344
1760795326628399400,4713.503399414062,599.9598388671875,899.7608184814453
1760795327572933000,4714.447933105469,601.0062255859375,899.6466827392578
1760795328517614300,4715.392614257812,602.0922241210938,899.5280456542969
1760795329462573300,4716.337573242187,603.2548217773438,899.4012451171875
1760795330407473400,4717.282473388672,604.7847290039062,899.2343902587891
1760795331352216300,4718.227216308594,606.4652099609375,899.0513610839844
1760795332297170200,4719.172170166015,607.9951171875,898.8843536376953
1760795333242044200,4720.117044189453,609.0626220703125,898.7681579589844
1760795334187003400,4721.062003417968,609.0626220703125,898.7681579589844
1760795335131730400,4722.00673046875,608.639892578125,898.8142395019531
1760795336076335000,4722.951335205078,606.7453002929688,899.0206146240234
1760795337021007400,4723.896007324219,604.0158081054688,899.3183135986328
1760795337965775400,4724.840775390625,600.8555908203125,899.6630096435547
1760795338910505200,4725.7855051269535,597.7059326171875,900.0067138671875
1760795339855266300,4726.730266357422,594.9024658203125,900.3126525878906
1760795340800117200,4727.6751171875,592.1755981445312,900.6105804443359
1760795341744867300,4728.619867431641,589.8397827148438,900.8655548095703
1760795342689660400,4729.5646604003905,588.0165405273438,901.0646820068359
1760795343634156300,4730.50915625,586.4364624023438,901.2372589111328
1760795344578611500,4731.453611572266,585.2103881835938,901.3713073730469
1760795345523224300,4732.3982243652345,584.2327880859375,901.4781188964844
1760795346467730200,4733.342730224609,583.1810913085938,901.5930938720703
1760795347412184300,4734.287184326172,582.073974609375,901.7140197753906
1760795348356652300,4735.23165234375,580.7422485351562,901.8598175048828
1760795349301326300,4736.176326416015,579.3074951171875,902.0166778564453
1760795350245937400,4737.1209375,578.0074462890625,902.1586608886719
1760795351190293200,4738.0652932128905,576.9373168945312,902.2757720947266
1760795352134945300,4739.0099453125,575.909423828125,902.3883056640625
1760795353079525000,4739.954525146484,575.3016967773438,902.4544525146484
1760795354024178200,4740.899178222657,575.3016967773438,902.4544525146484
1760795354968884200,4741.843884277344,575.5606689453125,902.4261474609375
1760795355913596200,4742.788596191406,575.83544921875,902.396240234375
1760795356858291200,4743.733291259766,576.1260986328125,902.364501953125
1760795357802937300,4744.677937255859,576.3718872070312,902.3374176025391
1760795358747569400,4745.622569335937,576.3718872070312,902.3374176025391
1760795359692231200,4746.567231201172,576.3876953125,902.3358154296875
1760795360636872200,4747.511872070312,576.4061889648438,902.3336791992188
1760795361581413400,4748.456413330078,577.1328735351562,902.2541809082031
1760795362525853200,4749.400853271484,578.3773803710938,902.1182250976562
1760795363470251300,4750.345251220703,579.5611572265625,901.9887542724609
1760795364414711300,4751.289711181641,580.4912109375,901.8871307373047
1760795365359057200,4752.234057128906,581.1861572265625,901.8110656738281
1760795366303371300,4753.178371337891,581.1861572265625,901.8110656738281
1760795367247712300,4754.122712158203,580.6947021484375,901.8648529052734
1760795368192183300,4755.067183349609,579.717041015625,901.9718170166016
1760795369136699100,4756.01169921875,578.8873291015625,902.0626068115234
1760795370081157000,4756.956157226563,578.2954711914062,902.1270751953125
1760795371025615000,4757.900614990234,577.9440307617188,902.16552734375
1760795371970079200,4758.845079345703,577.6983032226562,902.1926116943359
1760795372914542000,4759.789541992188,577.38916015625,902.2264099121094
1760795373859143200,4760.734143066406,576.8818359375,902.2818756103516
1760795374803652400,4761.67865234375,576.0970458984375,902.3677062988281
1760795375748172300,4762.623172363281,574.9608764648438,902.4917602539062
1760795376692808200,4763.567808105468,573.8590087890625,902.6124572753906
1760795377637461200,4764.512461181641,572.9765014648438,902.7088928222656
1760795378582004200,4765.45700415039,572.1044921875,902.8042602539062
1760795379526652400,4766.40165234375,571.1770629882812,902.9058074951172
1760795380471229400,4767.346229492187,570.3790893554688,902.9930877685547
1760795381415813000,4768.290813232422,569.8135986328125,903.0549621582031
1760795382360226000,4769.235226074219,569.5361938476562,903.0855560302734
1760795383304596200,4770.179596191406,569.4437255859375,903.0956268310547
1760795384249089300,4771.124089355469,569.1002197265625,903.1330871582031
1760795385193558300,4772.06855834961,568.3603515625,903.2140350341797
1760795386137969200,4773.012969238282,567.226806640625,903.3383178710938
1760795387082427100,4773.957427246094,565.6255493164062,903.5135650634766
1760795388026852400,4774.901852294922,563.9476928710938,903.6973571777344
1760795388971252200,4775.846252197266,562.7691650390625,903.8262939453125
1760795389915656400,4776.79065649414,562.1614379882812,903.892822265625
1760795390860036400,4777.735036376953,561.852294921875,903.9266204833984
1760795391804577300,4778.679577392578,561.852294921875,903.9266204833984
1760795392749104400,4779.624104492187,562.0055541992188,903.9097595214844
1760795393693708300,4780.5687082519535,562.24072265625,903.8839721679688
1760795394638206200,4781.513206298828,562.391357421875,903.8674926757812
1760795395582596400,4782.457596435547,562.5446166992188,903.8508605957031
1760795396526971400,4783.401971435547,562.7110595703125,903.8324737548828
1760795397471415300,4784.346415283203,562.9752807617188,903.8036346435547
1760795398415663400,4785.290663330078,563.0228881835938,903.7983703613281
1760795399360062500,4786.2350625,563.0228881835938,903.7983703613281
1760795400304598300,4787.179598388672,562.51025390625,903.8545227050781
1760795401249208300,4788.124208251953,561.6039428710938,903.953857421875
1760795402193856300,4789.068856201172,560.3515014648438,904.0910339355469
1760795403138408200,4790.013408203125,559.1703491210938,904.2204284667969
1760795404082958300,4790.957958251953,558.493896484375,904.2945861816406
1760795405027623200,4791.902623046875,558.493896484375,904.2945861816406
1760795405972247300,4792.847247314453,558.7846069335938,904.2626190185547
1760795406916870400,4793.791870361328,559.482177734375,904.1863250732422
1760795407861595100,4794.736595214844,560.2642822265625,904.1007232666016
1760795408806115000,4795.681114990234,560.9777221679688,904.0224456787109
1760795409750546200,4796.625546142578,561.8655395507812,903.9251708984375
1760795410695106300,4797.570106201172,563.1047973632812,903.7895965576172
1760795411639522300,4798.514522216797,564.4920043945312,903.6376190185547
1760795412583995400,4799.458995361329,566.0112915039062,903.4711456298828
1760795413528443400,4800.403443359375,567.6204833984375,903.2951354980469
1760795414472809200,4801.347809326172,568.9654541015625,903.1478881835938
1760795415417195300,4802.2921953125,569.83740234375,903.0524444580078
1760795416361543200,4803.236543212891,570.4081420898438,902.9898071289062
1760795417306003500,4804.181003417969,570.8018188476562,902.9468536376953
1760795418250409500,4805.125409423828,570.8018188476562,902.9468536376953
1760795419194931200,4806.069931152344,570.5693359375,902.972412109375
1760795420139480300,4807.0144802246095,569.97216796875,903.0377197265625
1760795421083979300,4807.9589792480465,569.3062744140625,903.1105804443359
1760795422028372200,4808.903372314453,568.59814453125,903.1880187988281
1760795422972844300,4809.847844238281,568.241455078125,903.2270812988281
1760795423917140200,4810.792140136718,568.241455078125,903.2270812988281
1760795424861391400,4811.736391357422,568.9891967773438,903.1451416015625
1760795425805799200,4812.6807990722655,569.7211303710938,903.0652618408203
1760795426749982500,4813.624982421875,570.7569580078125,902.9519653320312
1760795427694257200,4814.569257080078,571.95654296875,902.8205871582031
1760795428638334200,4815.513334228515,572.7545166015625,902.7333831787109
1760795429582575400,4816.457575439453,572.7545166015625,902.7333831787109
1760795430526781400,4817.401781494141,572.3978271484375,902.7723693847656
1760795431471045400,4818.346045410156,571.4571533203125,902.8752136230469
1760795432415331300,4819.290331298828,569.9853515625,903.0362701416016
1760795433359552300,4820.234552246094,568.3154296875,903.2190704345703
1760795434303876000,4821.178875976562,566.6983032226562,903.39599609375
1760795435248408300,4822.123408203125,565.37451171875,903.5411071777344
1760795436192778200,4823.067778320313,564.1194458007812,903.6784362792969
1760795437137053200,4824.0120532226565,562.6212158203125,903.8423919677734
1760795438081438200,4824.9564382324215,560.8851928710938,904.0326690673828
1760795439025866200,4825.900866210937,558.9510498046875,904.2443084716797
1760795439970317300,4826.845317382813,556.9191284179688,904.4670867919922
1760795440914578200,4827.789578125,554.7576904296875,904.7038269042969
1760795441858792200,4828.733792236329,552.6993408203125,904.9295043945312
1760795442802909400,4829.677909423828,550.9237060546875,905.1242065429688
1760795443746970000,4830.621970214844,549.4016723632812,905.2912139892578
1760795444690848300,4831.565848144532,547.7766723632812,905.4692077636719
1760795445634896400,4832.509896484375,545.945556640625,905.6703186035156
1760795446578853400,4833.453853271484,543.9822998046875,905.8856201171875
1760795447522769200,4834.397769042968,541.9107055664062,906.1128234863281
1760795448466780200,4835.3417802734375,539.7730712890625,906.3475036621094
1760795449410826200,4836.285826171875,537.7992553710938,906.5641784667969
1760795450354720300,4837.229720214844,536.1874389648438,906.7411804199219
1760795451298556400,4838.173556396484,534.9403076171875,906.8782043457031
1760795452242530300,4839.117530273437,533.8225708007812,907.0008087158203
1760795453186575000,4840.061575195313,532.8449096679688,907.108154296875
1760795454130484200,4841.005484130859,531.9676513671875,907.2045135498047
1760795455074137000,4841.9491372070315,531.28857421875,907.2792053222656
1760795456017953300,4842.892953369141,530.8631591796875,907.3258972167969
1760795456961691400,4843.83669140625,530.5460815429688,907.3607635498047
1760795457905566200,4844.78056616211,530.289794921875,907.3889923095703
1760795458849442300,4845.724442382812,530.0017700195312,907.4205017089844
1760795459793343200,4846.668343261719,529.5816650390625,907.4665832519531
1760795460737267200,4847.612267089844,528.8312377929688,907.5490570068359
1760795461680992300,4848.5559921875,527.8641357421875,907.6554107666016
1760795462624853200,4849.499853271484,526.7702026367188,907.7754974365234
1760795463568828400,4850.443828369141,525.6076049804688,907.9032897949219
1760795464512604200,4851.387604248047,524.41064453125,908.0349731445312
1760795465456389000,4852.3313891601565,523.203125,908.167724609375
1760795466400200400,4853.275200439453,521.992919921875,908.3007049560547
1760795467344051500,4854.219051513672,520.8250122070312,908.4291839599609
1760795468287917300,4855.162917236328,520.0059204101562,908.5192108154297
1760795469231765200,4856.106765136718,519.8182983398438,908.5399627685547
1760795470175460400,4857.050460449219,519.8182983398438,908.5399627685547
1760795471119103200,4857.994103271484,520.5845336914062,908.4555053710938
1760795472062933200,4858.937933349609,521.8106079101562,908.3206939697266
1760795473006820000,4859.881820068359,522.8489990234375,908.2066345214844
1760795473950666200,4860.825666259766,523.6073608398438,908.1231689453125
1760795474894483200,4861.769483154297,523.6073608398438,908.1231689453125
1760795475838075100,4862.713075195313,523.501708984375,908.134765625
1760795476781694200,4863.656694091796,522.8622436523438,908.2053375244141
1760795477725497300,4864.600497314453,522.1303100585938,908.2856750488281
1760795478669129500,4865.544129394531,521.3719482421875,908.3690643310547
1760795479612891100,4866.487891113281,520.4524536132812,908.4701538085938
1760795480556578000,4867.431578125,519.1550903320312,908.6128997802734
1760795481500457200,4868.3754572753905,517.5379638671875,908.7908172607422
1760795482444253200,4869.319253173828,515.6249389648438,909.0010070800781
1760795483388012300,4870.263012207031,513.368408203125,909.2494201660156
1760795484331867100,4871.2068671875,510.78948974609375,909.5333862304688
1760795485275700200,4872.150700195312,508.2423095703125,909.8137664794922
1760795486219585300,4873.094585205078,505.78759765625,910.0839996337891
1760795487163494400,4874.038494384766,503.58917236328125,910.3260803222656
1760795488107419100,4874.982419189453,501.7210693359375,910.5317687988281
1760795489051295200,4875.926295166016,500.31005859375,910.6873321533203
1760795489995105300,4876.87010522461,499.33502197265625,910.7948303222656
1760795490938851300,4877.813851318359,498.58721923828125,910.8771514892578
1760795491882759400,4878.757759521484,497.89495849609375,910.9535980224609
1760795492826575400,4879.701575439453,497.28460693359375,911.0208129882812
1760795493770463200,4880.645463134766,496.83538818359375,911.0703277587891
1760795494714342400,4881.589342285156,496.39678955078125,911.1186218261719
1760795495658239500,4882.533239501953,496.05853271484375,911.156005859375
1760795496602013400,4883.477013427734,495.84454345703125,911.1795043945312
1760795497545739300,4884.420739257813,495.5274658203125,911.2142944335938
1760795498489548300,4885.364548339844,495.14166259765625,911.2570190429688
1760795499433495300,4886.308495361328,494.938232421875,911.2794494628906
1760795500377350400,4887.252350341797,494.72943115234375,911.3025665283203
1760795501321067300,4888.1960673828125,494.72943115234375,911.3025665283203
1760795502264823300,4889.139823242187,495.08087158203125,911.2635803222656
1760795503208549400,4890.083549316406,496.0770263671875,911.1537933349609
1760795504152325000,4891.027325195312,497.49066162109375,910.9980773925781
1760795505096136400,4891.971136474609,499.21875,910.8076477050781
1760795506040050200,4892.915050292969,500.87811279296875,910.6247711181641
1760795506983808300,4893.85880834961,502.2257080078125,910.4763031005859
1760795507927498200,4894.802498291016,502.965576171875,910.3946685791016
1760795508871288300,4895.746288330078,502.965576171875,910.3946685791016
1760795509815015400,4896.690015380859,502.7938232421875,910.4137420654297
1760795510758806300,4897.633806152344,502.3076171875,910.4674530029297
1760795511702585300,4898.5775854492185,501.59686279296875,910.5455780029297
1760795512646398200,4899.521398193359,500.788330078125,910.6346130371094
1760795513590365200,4900.465365234375,500.04315185546875,910.7168579101562
1760795514534104300,4901.409104248047,499.29803466796875,910.7989501953125
1760795515477706200,4902.352706298828,498.67706298828125,910.8671569824219
1760795516421524200,4903.296524169922,498.14068603515625,910.9265899658203
1760795517365381000,4904.240381103516,497.78131103515625,910.9660339355469
1760795518309027000,4905.184027099609,497.6439208984375,910.9810638427734
1760795519252884200,4906.127884277344,497.6439208984375,910.9810638427734
1760795520196671200,4907.071671142578,497.78924560546875,910.9651184082031
1760795521140481300,4908.0154812011715,498.11956787109375,910.9288024902344
1760795522084246300,4908.95924633789,498.60308837890625,910.8753967285156
1760795523027944400,4909.902944335938,498.7510986328125,910.8590698242188
1760795523971815400,4910.846815429688,498.7510986328125,910.8590698242188
1760795524915628300,4911.790628173828,498.4207763671875,910.8954620361328
1760795525859381200,4912.734381347656,498.4207763671875,910.8954620361328
1760795526803155200,4913.678155273437,498.64007568359375,910.8713531494141
1760795527746881300,4914.621881347656,499.4644775390625,910.7806396484375
1760795528690687200,4915.565687255859,501.026123046875,910.6085205078125
1760795529634484200,4916.509484130859,503.27471923828125,910.3607177734375
1760795530578184400,4917.453184326172,505.88531494140625,910.0731658935547
1760795531521849000,4918.3968491210935,508.06787109375,909.8329925537109
1760795532465585200,4919.340585205078,509.41021728515625,909.6849822998047
1760795533409265200,4920.284265136719,509.41021728515625,909.6849822998047
1760795534353092000,4921.228092041016,508.94775390625,909.7360229492188
1760795535296928300,4922.171928222656,507.42315673828125,909.9040222167969
1760795536240836400,4923.115836425781,505.69244384765625,910.0945281982422
1760795537184802300,4924.059802246094,504.8521728515625,910.1869964599609
1760795538128841200,4925.003841308594,504.8521728515625,910.1869964599609
1760795539072865300,4925.947865234375,504.8812255859375,910.1836395263672
1760795540016851200,4926.891851318359,505.22210693359375,910.1461791992188
1760795540960895200,4927.835895263672,505.45196533203125,910.1209259033203
1760795541904823300,4928.779823242187,505.49957275390625,910.1157379150391
1760795542848893200,4929.723893066406,505.49957275390625,910.1157379150391
1760795543793134300,4930.668134277344,506.323974609375,910.0248718261719
1760795544737237200,4931.612237304687,507.7322998046875,909.8697662353516
1760795545681304300,4932.556304199219,509.605712890625,909.6635437011719
1760795546625495300,4933.500495361328,511.73809814453125,909.4287872314453
1760795547569641500,4934.4446413574215,513.7938232421875,909.2026519775391
1760795548513948200,4935.388948242187,515.1043701171875,909.0584564208984
1760795549458111200,4936.333111328125,515.9446411132812,908.9658355712891
1760795550402323200,4937.277323242188,516.1005249023438,908.9488983154297
1760795551346371000,4938.22137109375,516.1005249023438,908.9488983154297
1760795552290395100,4939.165395019531,515.6090698242188,909.0029144287109
1760795553234395400,4940.109395507812,514.9987182617188,909.0700531005859
1760795554178450400,4941.053450439453,514.293212890625,909.1475677490234
1760795555122329300,4941.997329345703,513.4529418945312,909.2402648925781
1760795556066333200,4942.941333251953,512.2532958984375,909.3722534179688
1760795557010365200,4943.885365234375,510.35614013671875,909.5810699462891
1760795557954292200,4944.829292236328,507.93048095703125,909.8480987548828
1760795558898262300,4945.773262207032,504.87335205078125,910.1845550537109
1760795559842177300,4946.717177246093,501.71575927734375,910.5324554443359
1760795560786118100,4947.661118164063,498.951904296875,910.8370971679688
1760795561729960200,4948.604960205078,497.10491943359375,911.0405731201172
1760795562673686300,4949.548686279297,495.997802734375,911.1625671386719
1760795563617438200,4950.492438232422,495.997802734375,911.1625671386719
1760795564561337300,4951.436337402344,496.21441650390625,911.1387634277344
1760795565505051400,4952.380051513672,497.1815185546875,911.0320281982422
1760795566448821200,4953.323821289063,498.91754150390625,910.8407592773438
1760795567392713200,4954.2677131347655,501.36962890625,910.5705261230469
1760795568336553200,4955.211553222656,504.1229248046875,910.267333984375
1760795569280157400,4956.155157470703,506.934326171875,909.9578094482422
1760795570223720200,4957.0987202148435,509.53704833984375,909.6712493896484
1760795571167364400,4958.042364257813,511.2862548828125,909.4784545898438
1760795572111003100,4958.986003173828,511.92041015625,909.4088745117188
1760795573054704000,4959.9297041015625,511.92041015625,909.4088745117188
1760795573998446300,4960.8734462890625,511.82000732421875,909.4198608398438
1760795574942239200,4961.817239257813,511.68524169921875,909.4347381591797
1760795575886081300,4962.761081298828,511.65350341796875,909.4382476806641
1760795576829911300,4963.7049113769535,511.590087890625,909.4450378417969
1760795577773798100,4964.648798095704,511.08807373046875,909.5004272460938
1760795578717693400,4965.592693359375,509.78802490234375,909.6436309814453
1760795579661547300,4966.536547363281,507.8062744140625,909.8617553710938
1760795580605467400,4967.480467285156,505.62640380859375,910.1016998291016
1760795581549318400,4968.424318359375,503.6578369140625,910.3184509277344
1760795582493029400,4969.368029296875,502.4793701171875,910.4483032226562
1760795583436824300,4970.31182421875,501.668212890625,910.5376434326172
1760795584380603400,4971.255603271485,501.668212890625,910.5376434326172
1760795585324338200,4972.199338134766,501.69989013671875,910.5341339111328
1760795586268064300,4973.1430642089845,501.8399658203125,910.5186462402344
1760795587211742200,4974.0867421875,501.8399658203125,910.5186462402344
1760795588155391200,4975.030391113281,501.7210693359375,910.5318450927734
1760795589099179300,4975.974179199219,501.43035888671875,910.5638885498047
1760795590043161000,4976.918161132812,500.87548828125,910.6249237060547
1760795590987147300,4977.862147216797,500.75128173828125,910.6388854980469
1760795591931116300,4978.806116210938,500.75128173828125,910.6388854980469
1760795592875092200,4979.750092285156,501.4039306640625,910.5667877197266
1760795593819072300,4980.694072265625,502.13323974609375,910.4866027832031
1760795594763008300,4981.638008300782,502.55865478515625,910.4396057128906
1760795595707033000,4982.582033203125,502.55865478515625,910.4396057128906
1760795596651054300,4983.5260544433595,502.3525390625,910.4623413085938
1760795597594897200,4984.469897216797,501.90863037109375,910.5110931396484
1760795598538684400,4985.413684326172,501.5704345703125,910.5484008789062
1760795599482500400,4986.35750024414,501.5704345703125,910.5484008789062
1760795600426290200,4987.301290283203,501.69989013671875,910.5342102050781
1760795601370174200,4988.2451743164065,501.98529052734375,910.5027770996094
1760795602314324500,4989.189324462891,502.606201171875,910.4344940185547
1760795603258324500,4990.13332446289,503.34075927734375,910.3536224365234
1760795604202201300,4991.077201416016,504.23388671875,910.2549743652344
1760795605145989000,4992.020989013672,505.489013671875,910.1169586181641
1760795606089937200,4992.96493725586,507.09814453125,909.9397277832031
1760795607033747200,4993.908747314453,508.5858154296875,909.7756958007812
1760795607977727200,4994.852727294922,509.80126953125,909.6421051025391
1760795608921808100,4995.796808105469,509.80126953125,909.6421051025391
1760795609865821400,4996.740821533203,509.46832275390625,909.6786499023438
1760795610809830100,4997.684830078125,507.28839111328125,909.9185943603516
1760795611753655300,4998.628655273437,504.35809326171875,910.2415466308594
1760795612697500200,4999.57250024414,501.59423828125,910.5458831787109
1760795613641389300,5000.516389404297,499.19232177734375,910.810546875
1760795614585182200,5001.460182128906,497.31365966796875,911.0176086425781
1760795615529044200,5002.404044189453,496.91729736328125,911.0614013671875
1760795616472839400,5003.347839355469,496.91729736328125,911.0614013671875
1760795617416762400,5004.291762451172,498.6585693359375,910.8692169189453
1760795618360735200,5005.235735351563,501.11859130859375,910.5982971191406
1760795619304643000,5006.179643066406,503.9141845703125,910.2902221679688
1760795620248476200,5007.123476074219,505.9117431640625,910.0702667236328
1760795621192568300,5008.067568359375,505.9117431640625,910.0702667236328
1760795622136739300,5009.011739257812,502.82550048828125,910.4100799560547
1760795623080831200,5009.955831298828,497.06793212890625,911.0446166992188
1760795624024843300,5010.899843261719,489.80682373046875,911.8451690673828
1760795624968817200,5011.8438171386715,482.400390625,912.6624298095703
1760795625912692200,5012.787692138671,475.5277099609375,913.4214782714844
1760795626856539100,5013.7315390625,470.35406494140625,913.9930725097656
1760795627800616200,5014.675616210938,467.521484375,914.3060302734375
1760795628744544300,5015.619544189453,467.2598876953125,914.3348693847656
1760795629688441300,5016.56344140625,467.2598876953125,914.3348693847656
1760795630632348400,5017.507348388672,468.699951171875,914.1757965087891
1760795631576072200,5018.451072265625,469.58514404296875,914.0780639648438
1760795632519934200,5019.394934326172,470.28533935546875,914.0005493164062
1760795633463781400,5020.338781494141,471.146728515625,913.9054870605469
1760795634407699500,5021.28269946289,472.206298828125,913.7883758544922
1760795635351646200,5022.226646240234,473.22625732421875,913.6754608154297
1760795636295494400,5023.170494384765,474.4708251953125,913.5379791259766
1760795637239413200,5024.114413330078,474.4708251953125,913.5379791259766
1760795638183443200,5025.058443115235,474.087646484375,913.580322265625
1760795639127326200,5026.002326171875,471.7835693359375,913.8349151611328
1760795640071103200,5026.946103271484,468.655029296875,914.1806030273438
1760795641014915300,5027.889915283203,465.626953125,914.5154571533203
1760795641958941200,5028.833941162109,463.38360595703125,914.7634887695312
1760795642902890200,5029.777890136719,461.5762939453125,914.96337890625
1760795643846713300,5030.721713378906,460.09130859375,915.1274871826172
1760795644790591200,5031.665591308593,460.09130859375,915.1274871826172
1760795645734442200,5032.6094421386715,460.524658203125,915.0796508789062
1760795646678326300,5033.553326171875,462.40863037109375,914.8711395263672
1760795647622268200,5034.497268066406,465.5001220703125,914.5295715332031
1760795648566031000,5035.441031005859,469.71990966796875,914.0630340576172
1760795649509765000,5036.384765136719,473.3504638671875,913.6618041992188
1760795650453608200,5037.3286081542965,475.4854736328125,913.4260559082031
1760795651397424000,5038.2724240722655,475.4854736328125,913.4260559082031
1760795652341180400,5039.216180419922,474.922607421875,913.4882354736328
1760795653284856300,5040.159856201172,472.75592041015625,913.7274932861328
1760795654228848000,5041.103848144531,470.446533203125,913.9826202392578
1760795655172841200,5042.047841308594,468.46746826171875,914.2015075683594
1760795656116738300,5042.99173828125,466.76580810546875,914.3895721435547
1760795657060547300,5043.935547363281,465.447265625,914.5352172851562
1760795658004310300,5044.879310302735,464.4775390625,914.6424865722656
1760795658948233500,5045.823233398438,463.27001953125,914.7759246826172
1760795659892222200,5046.767222167969,461.25390625,914.9989318847656
1760795660836203300,5047.711203369141,458.2099609375,915.3357696533203
1760795661779991000,5048.6549909667965,454.283447265625,915.7703399658203
1760795662723685400,5049.598685302734,449.51934814453125,916.2978363037109
1760795663667250200,5050.542250244141,444.239990234375,916.8825531005859
1760795664610889200,5051.485889160156,438.973876953125,917.4662780761719
1760795665554502100,5052.429502197266,434.70916748046875,917.9389953613281
1760795666498187300,5053.373187255859,431.6097412109375,918.2826232910156
1760795667441787100,5054.316787109375,429.7733154296875,918.486328125
1760795668385491500,5055.260491455078,429.213134765625,918.548583984375
1760795669329095400,5056.204095458985,429.213134765625,918.548583984375
1760795670272663300,5057.147663330078,429.76800537109375,918.4870147705078
1760795671216316200,5058.091316162109,430.29913330078125,918.4281921386719
1760795672160019200,5059.035019287109,430.5263671875,918.4028625488281
1760795673103694000,5059.978694091797,430.677001953125,918.38623046875
1760795674047319300,5060.922319335938,430.677001953125,918.38623046875
1760795674991024000,5061.866024169922,430.6611328125,918.3879852294922
1760795675934595300,5062.809595214844,430.53961181640625,918.4014892578125
1760795676878109200,5063.753109130859,430.52899169921875,918.4026336669922
1760795677821605000,5064.69660522461,430.51318359375,918.4043121337891
1760795678765046300,5065.6400463867185,430.49200439453125,918.4065246582031
1760795679708500500,5066.583500488281,430.40484619140625,918.4162902832031
1760795680651860200,5067.526860107422,430.19610595703125,918.4396362304688
1760795681595392300,5068.470392333985,429.85260009765625,918.4775543212891
1760795682539001300,5069.414001464844,429.3690185546875,918.5314178466797
1760795683482553300,5070.357553222656,429.01495361328125,918.5706329345703
1760795684426153200,5071.301153320313,428.64501953125,918.6117553710938
1760795685369848300,5072.244848388672,428.333251953125,918.646240234375
1760795686313433000,5073.188433105469,427.98443603515625,918.6849975585938
1760795687256927200,5074.131927246094,427.5484619140625,918.7332153320312
1760795688200427300,5075.075427246094,426.869384765625,918.8087463378906
1760795689144001300,5076.019001220703,425.77813720703125,918.9296722412109
1760795690087642000,5076.962642089844,424.332763671875,919.0903472900391
1760795691031155500,5077.906155517579,422.6390380859375,919.2782592773438
1760795691974524200,5078.849524169922,420.82110595703125,919.47998046875
1760795692917882000,5079.792882080078,419.2357177734375,919.6562957763672
1760795693861368000,5080.736368164063,418.0599365234375,919.7868347167969
1760795694804924200,5081.679924072266,417.380859375,919.8622894287109
1760795695748508200,5082.62350805664,417.380859375,919.8622894287109
1760795696692049200,5083.567049072266,417.44427490234375,919.8551940917969
1760795697635575300,5084.510575195312,417.7904052734375,919.8165893554688
1760795698579098000,5085.454098144532,417.9912109375,919.7943878173828
1760795699522648300,5086.3976484375,417.9912109375,919.7943878173828
1760795700466155300,5087.341155273438,417.5076904296875,919.8480987548828
1760795701409682200,5088.284682128906,416.60662841796875,919.9480438232422
1760795702353102000,5089.228102050782,415.216796875,920.1026153564453
1760795703296561200,5090.171561035157,413.26409912109375,920.3195190429688
1760795704239916300,5091.114916259766,411.3193359375,920.5358123779297
1760795705183347200,5092.058347167968,409.3297119140625,920.7567596435547
1760795706126704000,5093.001704101563,407.30828857421875,920.9816741943359
1760795707070079200,5093.945079345704,405.33978271484375,921.2006378173828
1760795708013416200,5094.888416259766,403.677734375,921.3855743408203
1760795708956677000,5095.831677001953,402.1055908203125,921.5602874755859
1760795709899902500,5096.77490234375,400.68402099609375,921.7184448242188
1760795710843069400,5097.718069335938,399.38665771484375,921.86279296875
1760795711786344200,5098.661344238281,398.27947998046875,921.9859313964844
1760795712729540400,5099.604540283203,397.4788818359375,922.0753479003906
1760795713672866300,5100.547866210937,397.02178955078125,922.1260070800781
1760795714615979300,5101.490979248047,397.02178955078125,922.1260070800781
1760795715559198500,5102.434198486329,397.08782958984375,922.1188354492188
1760795716502516200,5103.377516113282,397.64007568359375,922.0571899414062
1760795717445581300,5104.320581298828,398.260986328125,921.9882965087891
1760795718388879400,5105.263879394532,398.63885498046875,921.9461822509766
1760795719332158200,5106.207158203125,398.9189453125,921.9147491455078
1760795720275527200,5107.1505270996095,398.9189453125,921.9147491455078
1760795721218718200,5108.093718261719,398.80267333984375,921.9277954101562
1760795722161839400,5109.036839355469,398.2557373046875,921.9886016845703
1760795723105067300,5109.980067382812,397.84881591796875,922.0340728759766
1760795724048271000,5110.923270996093,397.156494140625,922.1112060546875
1760795724991547400,5111.866547363281,396.32421875,922.2038269042969
1760795725934758100,5112.809758056641,395.45489501953125,922.3005676269531
1760795726877919200,5113.752919189453,394.45343017578125,922.4120330810547
1760795727821111300,5114.696111328125,393.3304443359375,922.5370788574219
1760795728764438300,5115.6394382324215,392.35809326171875,922.6451110839844
1760795729707745300,5116.582745361328,391.70806884765625,922.7176666259766
1760795730651031300,5117.52603125,391.70538330078125,922.7178192138672
1760795731594438400,5118.469438476563,391.70538330078125,922.7178192138672
1760795732537681400,5119.412681396484,392.47698974609375,922.6319122314453
1760795733480769300,5120.355769287109,393.65283203125,922.5010681152344
1760795734423854300,5121.298854248047,394.69122314453125,922.3854064941406
1760795735366830300,5122.241830322266,395.31744384765625,922.3157501220703
1760795736309861000,5123.184861083984,395.31744384765625,922.3157501220703
1760795737253069000,5124.1280690917965,395.04266357421875,922.3462677001953
1760795738196256300,5125.071256347656,394.1865234375,922.4416351318359
1760795739139285200,5126.01428515625,393.20623779296875,922.5509643554688
1760795740082262300,5126.957262207031,392.35540771484375,922.6455688476562
1760795741025260300,5127.900260253906,391.63140869140625,922.7260589599609
1760795741968259300,5128.843259277343,391.0184326171875,922.7944183349609
1760795742911352000,5129.786352050781,390.426513671875,922.8604888916016
1760795743854490400,5130.729490478516,389.771240234375,922.9335021972656
1760795744797699300,5131.67269921875,388.9732666015625,923.0221557617188
1760795745740949200,5132.61594921875,388.1224365234375,923.1169891357422
1760795746684149200,5133.5591491699215,387.31390380859375,923.2070159912109
1760795747627259100,5134.502259033203,386.6004638671875,923.2866668701172
1760795748570348300,5135.445348388672,386.07196044921875,923.3454895019531
1760795749513484300,5136.388484375,386.07196044921875,923.3454895019531
1760795750456579300,5137.331579345703,386.23052978515625,923.3278656005859
1760795751399755300,5138.274755371093,386.9730224609375,923.2451629638672
1760795752343040300,5139.218040283203,388.01934814453125,923.1284332275391
1760795753286220300,5140.1612202148435,389.0762939453125,923.0108642578125
1760795754229460200,5141.104460205078,389.90069580078125,922.9190063476562
1760795755172690200,5142.047690185547,390.05657958984375,922.901611328125
1760795756115916300,5142.990916259766,390.05657958984375,922.901611328125
1760795757059149300,5143.934149414063,389.14764404296875,923.0027008056641
1760795758002376200,5144.877376220703,387.75250244140625,923.1583404541016
1760795758945721000,5145.820721191406,386.188232421875,923.3326721191406
1760795759888876300,5146.763876220703,384.52886962890625,923.5175323486328
1760795760832141000,5147.707141113281,382.90118408203125,923.6986541748047
1760795761775380500,5148.650380371094,381.4716796875,923.8582611083984
1760795762718621200,5149.59362109375,380.19281005859375,924.0007781982422
1760795763661878300,5150.536878173828,378.9588623046875,924.1382598876953
1760795764604949200,5151.47994921875,377.7803955078125,924.2697143554688
1760795765548174300,5152.423174316406,376.55169677734375,924.40673828125
1760795766491320300,5153.3663203125,375.386474609375,924.5366668701172
1760795767434466300,5154.309466308594,374.4669189453125,924.6392822265625
1760795768377609200,5155.252609130859,373.845947265625,924.7085571289062
1760795769320749300,5156.195749267578,373.4892578125,924.7484588623047
1760795770263955500,5157.138955566406,373.428466796875,924.7552490234375
1760795771207079200,5158.082079101562,373.4073486328125,924.7573852539062
1760795772150288400,5159.025288330078,373.4073486328125,924.7573852539062
1760795773093439200,5159.968439208985,373.11669921875,924.7899627685547
1760795774036764400,5160.911764404297,372.3768310546875,924.8724365234375
1760795774980130300,5161.855130371094,371.1851806640625,925.0053405761719
1760795775923504400,5162.798504394531,369.53900146484375,925.1892852783203
1760795776867045000,5163.7420451660155,367.7607421875,925.3877258300781
1760795777810590200,5164.685590087891,366.056396484375,925.5778503417969
1760795778754188300,5165.629188232422,364.57672119140625,925.7429504394531
1760795779697705200,5166.572705322265,363.33746337890625,925.8815002441406
1760795780641520400,5167.516520263672,362.328125,925.9941864013672
1760795781585303300,5168.460303222656,361.37420654296875,926.1006927490234
1760795782529011200,5169.404011230468,360.31201171875,926.2194061279297
1760795783472737300,5170.347737304687,358.96441650390625,926.3699340820312
1760795784416489500,5171.291489501953,357.24957275390625,926.5615844726562
1760795785360161300,5172.235161376953,355.16741943359375,926.7942810058594
1760795786303954400,5173.1789543457035,352.8739013671875,927.0505523681641
1760795787247791400,5174.122791259766,350.47198486328125,927.3189544677734
1760795788191678200,5175.066678222656,348.20489501953125,927.5727081298828
1760795789135539200,5176.010539306641,346.1571044921875,927.8017425537109
1760795790079408000,5176.954408203125,344.3524169921875,928.0035400390625
1760795791023253200,5177.898253173828,342.6798095703125,928.1906890869141
1760795791967175200,5178.842175048828,341.1287841796875,928.3643341064453
1760795792910857200,5179.785857177734,339.63055419921875,928.5318756103516
1760795793854591500,5180.729591552735,338.166748046875,928.6956787109375
1760795794798365400,5181.673365478516,336.76629638671875,928.8524627685547
1760795795742211300,5182.6172114257815,335.4134521484375,929.0042114257812
1760795796685964300,5183.560964355469,334.060546875,929.1557312011719
1760795797629638100,5184.504638183594,332.75,929.3022918701172
1760795798573365200,5185.448365234375,331.42352294921875,929.4510650634766
1760795799517060400,5186.3920603027345,330.19219970703125,929.5890045166016
1760795800460694300,5187.335694335938,329.0111083984375,929.7212982177734
1760795801404259300,5188.279259277344,327.85638427734375,929.8504638671875
1760795802347718100,5189.222718261719,326.62506103515625,929.9885559082031
1760795803291352300,5190.166352294922,325.37261962890625,930.1289367675781
1760795804234960400,5191.109960449218,323.898193359375,930.2941131591797
1760795805178637300,5192.053637207031,322.38153076171875,930.4644012451172
1760795806122296300,5192.9972963867185,320.99432373046875,930.6198120117188
1760795807065900300,5193.940900390625,319.794677734375,930.7544708251953
1760795808009427200,5194.884427246094,318.81964111328125,930.8635711669922
1760795808953108200,5195.828108154297,318.06396484375,930.948486328125
1760795809896783400,5196.771783447266,317.3531494140625,931.0281372070312
1760795810840440300,5197.715440429687,316.51025390625,931.1225891113281
1760795811784063200,5198.659063232421,315.54583740234375,931.2309265136719
1760795812727641300,5199.602641357422,314.46514892578125,931.3522338867188
1760795813671084300,5200.546084228516,313.29193115234375,931.4839172363281
1760795814614692000,5201.489692138672,311.9813232421875,931.6309356689453
1760795815558250200,5202.43325024414,310.5333251953125,931.7933654785156
1760795816501793300,5203.37679321289,309.0113525390625,931.9644165039062
1760795817445452300,5204.320452392578,307.33880615234375,932.1521759033203
1760795818389208300,5205.264208251953,305.6715087890625,932.3393249511719
1760795819332788200,5206.207788330078,304.1865234375,932.5060272216797
1760795820276576300,5207.151576171875,303.01068115234375,932.6382446289062
1760795821220214300,5208.095214355469,302.04888916015625,932.7462768554688
1760795822163907300,5209.0389072265625,301.35394287109375,932.8242492675781
1760795823107525400,5209.982525390625,300.74884033203125,932.8923034667969
1760795824051158300,5210.926158203125,299.96673583984375,932.9801940917969
1760795824994757000,5211.869757080078,298.79351806640625,933.1120300292969
1760795825938510000,5212.813510009765,297.30853271484375,933.27880859375
1760795826882290400,5213.757290527344,295.411376953125,933.4922027587891
1760795827825930200,5214.700930175782,293.17333984375,933.7437438964844
1760795828769627400,5215.644627441407,290.9326171875,933.9956665039062
1760795829713385200,5216.588385253906,288.99578857421875,934.2136383056641
1760795830657164300,5217.532164306641,287.5240478515625,934.3790435791016
1760795831600879000,5218.475879150391,286.51202392578125,934.4930267333984
1760795832544402400,5219.41940234375,285.8223876953125,934.5706176757812
1760795833487975400,5220.362975341797,285.3731689453125,934.6212768554688
1760795834431742200,5221.3067421875,284.9847412109375,934.6647644042969
1760795835375287300,5222.250287353516,284.40606689453125,934.7299957275391
1760795836318792400,5223.193792480469,283.50244140625,934.8316192626953
1760795837262462500,5224.137462402344,282.46136474609375,934.9488830566406
1760795838206154200,5225.081154296875,281.29608154296875,935.0800323486328
1760795839149792300,5226.024792236328,280.11761474609375,935.2126312255859
1760795840093254400,5226.968254394531,278.98406982421875,935.3402709960938
1760795841036767200,5227.911767333984,277.8663330078125,935.4660797119141
1760795841980354300,5228.855354248047,276.7935791015625,935.5870819091797
1760795842923998500,5229.798998535156,275.72869873046875,935.7070159912109
1760795843867510300,5230.742510253906,274.5555419921875,935.8389282226562
1760795844811112200,5231.686112304687,273.26873779296875,935.9841156005859
1760795845754724400,5232.629724365234,271.831298828125,936.1460876464844
1760795846698299100,5233.573299072265,270.11907958984375,936.3389587402344
1760795847642009300,5234.517009277344,268.190185546875,936.5563201904297
1760795848585594000,5235.46059399414,266.2427978515625,936.7756652832031
1760795849529167000,5236.404166992187,264.369384765625,936.9869232177734
1760795850472593400,5237.34759350586,262.815673828125,937.1622467041016
1760795851416050200,5238.291050292969,261.79840087890625,937.2768402099609
1760795852359476200,5239.234476318359,261.17218017578125,937.3474884033203
1760795853302994200,5240.177994140625,260.5274658203125,937.4201965332031
1760795854246612200,5241.121612304688,259.58941650390625,937.5260925292969
1760795855190109200,5242.065109130859,258.070068359375,937.6975250244141
1760795856133482200,5243.008482177735,255.94830322265625,937.9369354248047
1760795857076857300,5243.951857421875,253.30072021484375,938.2358551025391
1760795858020125200,5244.89512524414,250.46282958984375,938.5560607910156
1760795858963450000,5245.838450195312,247.7069091796875,938.8673400878906
1760795859906987300,5246.781987304687,245.50323486328125,939.1162872314453
1760795860850490400,5247.725490478516,244.19000244140625,939.2646789550781
1760795861794132200,5248.6691323242185,243.5294189453125,939.3391418457031
1760795862737753000,5249.612753173828,243.5294189453125,939.3391418457031
1760795863681344300,5250.556344238281,244.14239501953125,939.27001953125
1760795864625049300,5251.500049316406,245.0223388671875,939.1706085205078
1760795865568685300,5252.443685302735,245.624755859375,939.1026306152344
1760795866512289300,5253.387289306641,245.624755859375,939.1026306152344
1760795867455748400,5254.330748291016,245.54815673828125,939.1112518310547
1760795868399278000,5255.274278076172,244.4462890625,939.2355346679688
1760795869342906000,5256.21790600586,242.74993896484375,939.4272613525391
1760795870286355200,5257.161355224609,240.85009765625,939.6419525146484
1760795871229711400,5258.104711425781,239.23565673828125,939.8246002197266
1760795872173232400,5259.048232421875,238.06243896484375,939.9571990966797
1760795873116722400,5259.991722412109,237.57891845703125,940.0117492675781
1760795874060319200,5260.9353193359375,236.984375,940.0790405273438
1760795875004057000,5261.879057128906,236.07806396484375,940.1814270019531
1760795875947613200,5262.82261328125,234.8731689453125,940.3176116943359
1760795876891187200,5263.766187255859,232.7091064453125,940.5624389648438
1760795877834791200,5264.709791259766,227.92120361328125,941.1041259765625
1760795878778464300,5265.653464355469,220.40118408203125,941.9554138183594
1760795879721915100,5266.596915039063,211.2032470703125,942.9972839355469
1760795880665491500,5267.540491455078,201.00921630859375,944.1533660888672
1760795881609122300,5268.484122314453,188.915283203125,945.5263519287109
1760795882552817400,5269.4278173828125,176.3193359375,946.9579315185547
1760795883496669200,5270.371669189453,164.6588134765625,948.2846832275391
1760795884440303400,5271.315303466797,153.518798828125,949.5537567138672
1760795885383804400,5272.25880444336,142.44482421875,950.8165740966797
1760795886327498200,5273.202498291015,133.07513427734375,951.8860626220703
1760795887271073300,5274.146073242187,125.38336181640625,952.764892578125
1760795888214662400,5275.089662353515,118.95724487304688,953.4996032714844
1760795889158422300,5276.033422363281,113.22076416015625,954.1560363769531
1760795890102193400,5276.977193359375,107.09323120117188,954.857177734375
1760795891046069500,5277.921069580078,100.4794921875,955.6148529052734
1760795891990017300,5278.865017333985,93.87899780273438,956.3710784912109
1760795892933711400,5279.808711425781,86.88739013671875,957.1730041503906
1760795893877390300,5280.75239038086,79.3409423828125,958.0389404296875
1760795894821115100,5281.696115234375,72.37579345703125,958.8387298583984
1760795895764849200,5282.639849121094,65.60879516601562,959.6166229248047
1760795896708622300,5283.583622314453,58.609283447265625,960.4216003417969
1760795897652417300,5284.527417236328,52.320587158203125,961.1450958251953
1760795898596332300,5285.4713322753905,47.3741455078125,961.7147064208984
1760795899540149200,5286.415149169922,43.194000244140625,962.1959686279297
1760795900483813400,5287.358813476562,38.9874267578125,962.6808166503906
1760795901427555300,5288.302555419922,34.94732666015625,963.1466674804688
1760795902371270100,5289.246270263672,31.721038818359375,963.5186767578125
1760795903314993400,5290.189993408203,28.59783935546875,963.8789367675781
1760795904258718200,5291.133718261719,25.70977783203125,964.2120361328125
1760795905202483200,5292.077483154297,23.55364990234375,964.4607543945312
1760795906146186200,5293.021186279297,22.256256103515625,964.6105194091797
1760795907089912000,5293.964912109375,20.451568603515625,964.8191070556641
1760795908033718300,5294.908718261719,18.6627197265625,965.0254821777344
1760795908977348400,5295.852348388672,16.887054443359375,965.2305603027344
1760795909920919300,5296.795919189453,15.045379638671875,965.4433441162109
1760795910864575200,5297.739575195313,13.4229736328125,965.6307983398438
1760795911808124400,5298.683124511719,12.355499267578125,965.7543182373047
1760795912751664000,5299.6266640625,11.55487060546875,965.8467864990234
1760795913695217400,5300.570217529297,11.015838623046875,965.9088134765625
1760795914638727200,5301.513727050781,10.661773681640625,965.9498596191406
1760795915582300200,5302.457300048828,10.336761474609375,965.987548828125
1760795916525888300,5303.400888183593,9.7237548828125,966.058349609375
1760795917469468400,5304.344468505859,9.04730224609375,966.1365509033203
1760795918413235200,5305.288235107422,8.318023681640625,966.2207794189453
1760795919357051400,5306.232051513672,7.575531005859375,966.3066864013672
1760795920300696300,5307.175696289062,7.13427734375,966.3574981689453
1760795921244366000,5308.119365966797,6.986297607421875,966.3747406005859
1760795922188050200,5309.063050292969,6.986297607421875,966.3747406005859
1760795923131789300,5310.006789306641,6.986297607421875,966.3747406005859
1760795924075481000,5310.950481201172,6.914947509765625,966.383056640625
1760795925019128300,5311.894128417969,6.497467041015625,966.4312744140625
1760795925962889200,5312.837889160156,5.945220947265625,966.4951324462891
1760795926906603300,5313.7816032714845,5.326934814453125,966.5665435791016
1760795927850267100,5314.725267089843,4.7376708984375,966.6348266601562
1760795928793975300,5315.668975341797,4.4100341796875,966.6725158691406
1760795929737703400,5316.612703369141,4.217132568359375,966.6949462890625
1760795930681596200,5317.556596191406,4.034820556640625,966.7160034179688
1760795931625347300,5318.5003474121095,3.85516357421875,966.7366027832031
1760795932568920300,5319.443920410156,3.617340087890625,966.7642974853516
1760795933512623400,5320.387623291015,3.284393310546875,966.8026733398438
1760795934456602400,5321.331602294922,3.0439453125,966.8306732177734
1760795935400401400,5322.275401367187,3.03338623046875,966.8318939208984
1760795936344168200,5323.2191682128905,3.03338623046875,966.8318939208984
1760795937287913200,5324.1629133300785,3.147003173828125,966.8186187744141
1760795938231889200,5325.106889160156,3.239501953125,966.8080139160156
1760795939175612200,5326.050612060547,3.36895751953125,966.7929840087891
1760795940119536000,5326.994536132813,3.419158935546875,966.787109375
1760795941063462100,5327.938462158203,3.490509033203125,966.7790985107422
1760795942007340300,5328.882340332031,3.564483642578125,966.7705535888672
1760795942951141400,5329.826141357422,3.582977294921875,966.7683410644531
1760795943895053000,5330.770052978515,3.73095703125,966.7510223388672
1760795944838944300,5331.713944335937,3.85516357421875,966.7369079589844
1760795945782682000,5332.657682128906,4.026885986328125,966.7169189453125
1760795946726372400,5333.601372314453,4.240936279296875,966.6922760009766
1760795947670327300,5334.545327392578,4.41796875,966.6717529296875
1760795948614236400,5335.489236328125,4.4998779296875,966.6621398925781
1760795949557911000,5336.4329111328125,4.560638427734375,966.6553497314453
1760795950501676300,5337.376676269531,4.57122802734375,966.654052734375
1760795951445474000,5338.320474121094,4.5897216796875,966.6519165039062
1760795952389230300,5339.2642302246095,4.621429443359375,966.6481781005859
1760795953333143300,5340.208143310547,4.624053955078125,966.6477203369141
1760795954277076200,5341.152076171875,4.624053955078125,966.6477203369141
1760795955221138200,5342.096138183594,4.64520263671875,966.6453552246094
1760795956165015300,5343.04001538086,4.6795654296875,966.6414642333984
1760795957109021200,5343.984021240234,4.6927490234375,966.6398620605469
1760795958052994300,5344.927994384766,4.711273193359375,966.6378021240234
1760795958997123300,5345.872123291016,4.711273193359375,966.6378021240234
1760795959941195300,5346.8161953125,4.695404052734375,966.6397857666016
1760795960885273300,5347.7602734375,4.658416748046875,966.6439056396484
1760795961829415400,5348.704415527343,4.61614990234375,966.6487121582031
1760795962773586200,5349.648586181641,4.54742431640625,966.6568756103516
1760795963717480200,5350.592480224609,4.4840087890625,966.6638946533203
1760795964661476400,5351.53647631836,4.423248291015625,966.6709899902344
1760795965605355300,5352.480355224609,4.351898193359375,966.6793823242188
1760795966549260300,5353.424260253906,4.3360595703125,966.6810607910156
1760795967493288200,5354.368288085938,4.3360595703125,966.6810607910156
1760795968437327400,5355.3123273925785,4.35455322265625,966.6790771484375
1760795969381428200,5356.256428222656,4.388885498046875,966.6750335693359
1760795970325468400,5357.200468505859,4.497222900390625,966.6626739501953
1760795971269664300,5358.144664306641,4.536865234375,966.6578674316406
1760795972213797400,5359.088797363282,4.539520263671875,966.6576385498047
1760795973158058200,5360.03305834961,4.5738525390625,966.6535949707031
1760795974102250200,5360.977250244141,4.61614990234375,966.6487121582031
1760795975046339300,5361.921339355469,4.668975830078125,966.6427612304688
1760795975990346200,5362.865346191406,4.85394287109375,966.6213226318359
1760795976934297300,5363.809297363281,5.083831787109375,966.5947723388672
1760795977878296300,5364.753296386719,5.292572021484375,966.5705871582031
1760795978822120200,5365.697120117187,5.48809814453125,966.5480041503906
1760795979766061300,5366.641061279297,5.60699462890625,966.5341949462891
1760795980710065400,5367.585065429687,5.60699462890625,966.5341949462891
1760795981654035500,5368.529035400391,5.60699462890625,966.5341949462891
1760795982597754400,5369.472754394531,5.6043701171875,966.5345764160156
1760795983541509000,5370.4165090332035,5.6043701171875,966.5345764160156
1760795984485267200,5371.360267089844,5.636077880859375,966.5309143066406
1760795985429082000,5372.30408203125,5.67041015625,966.5270233154297
1760795986372829200,5373.247829101562,5.707427978515625,966.5227508544922
1760795987316647200,5374.191647216797,5.736480712890625,966.5193939208984
1760795988260537000,5375.135537109375,5.744415283203125,966.5182495117188
1760795989204396300,5376.079396240234,5.74969482421875,966.5176391601562
1760795990148251400,5377.023251464844,5.75762939453125,966.5167236328125
1760795991091931400,5377.966931396484,5.770843505859375,966.5153503417969
1760795992035616300,5378.910616210937,5.79461669921875,966.5126037597656
1760795992979206400,5379.854206298828,5.807830810546875,966.5109252929688
1760795993922767000,5380.797767089844,5.8131103515625,966.5105438232422
1760795994866226200,5381.7412260742185,5.8131103515625,966.5105438232422
1760795995809683200,5382.684683105469,5.8131103515625,966.5105438232422
1760795996752959200,5383.6279592285155,5.7972412109375,966.5122222900391
1760795997696409300,5384.571409423828,5.7972412109375,966.5122222900391
1760795998639738400,5385.51473828125,5.80255126953125,966.5114593505859
1760795999583062300,5386.45806225586,5.818389892578125,966.5098571777344
1760796000526308400,5387.401308349609,5.818389892578125,966.5098571777344
1760796001469463300,5388.344463378906,5.791961669921875,966.5129089355469
1760796002412503300,5389.287503417969,5.736480712890625,966.5193176269531
1760796003355563300,5390.230563232421,5.699493408203125,966.5234375
1760796004298666200,5391.173666259766,5.63079833984375,966.5315246582031
1760796005241794300,5392.116794189453,5.63079833984375,966.5315246582031
1760796006184693200,5393.059693359375,5.6334228515625,966.5311431884766
1760796007127659300,5394.002659179688,5.699493408203125,966.5234375
1760796008070596000,5394.945596191406,5.744415283203125,966.5183258056641
1760796009013487400,5395.888487304687,5.781402587890625,966.5139007568359
1760796009956420000,5396.831420166016,5.79461669921875,966.5126037597656
1760796010899084300,5397.774084228516,5.79461669921875,966.5126037597656
1760796011841706200,5398.716706298828,5.776123046875,966.5146636962891
1760796012784370200,5399.659370117188,5.765533447265625,966.5160369873047
1760796013727171000,5400.602171142578,5.76025390625,966.5166473388672
1760796014669890000,5401.544890136719,5.76025390625,966.5166473388672
1760796015612394200,5402.487394287109,5.776123046875,966.5146636962891
1760796016554992000,5403.4299921875,5.789337158203125,966.5131378173828
1760796017497499100,5404.372499023438,5.79461669921875,966.512451171875
1760796018439941000,5405.31494116211,5.80255126953125,966.5115356445312
1760796019382455300,5406.257455322266,5.807830810546875,966.5110015869141
1760796020324902400,5407.19990234375,5.80255126953125,966.5115356445312
1760796021267202300,5408.142202392578,5.80255126953125,966.5116119384766
1760796022209580300,5409.0845803222655,5.799896240234375,966.5118408203125
1760796023151814100,5410.026814208984,5.799896240234375,966.5118408203125
1760796024093913300,5410.968913330078,5.799896240234375,966.5118408203125
1760796025036031200,5411.91103125,5.799896240234375,966.5118408203125
1760796025978209300,5412.853209228516,5.799896240234375,966.5118408203125
1760796026920258300,5413.795258300781,5.8131103515625,966.5103912353516
1760796027862371300,5414.73737133789,5.834259033203125,966.5078735351562
1760796028804558300,5415.67955834961,5.8580322265625,966.5052795410156
1760796029746662400,5416.621662353516,5.873870849609375,966.5032958984375
1760796030688556300,5417.563556396484,5.9029541015625,966.5000915527344
1760796031630640400,5418.505640380859,5.9029541015625,966.5000915527344
1760796032572557300,5419.447557373047,5.892364501953125,966.5013122558594
1760796033514550300,5420.389550292969,5.8870849609375,966.5019226074219
1760796034456446200,5421.331446289062,5.8870849609375,966.5019226074219
1760796035398486300,5422.273486328125,5.897674560546875,966.5007019042969
1760796036340423400,5423.215423339844,5.897674560546875,966.5005493164062
1760796037282287400,5424.157287353516,5.924072265625,966.4974975585938
1760796038224109000,5425.09910913086,5.953155517578125,966.4942932128906
1760796039165913300,5426.040913330078,6.00335693359375,966.4883422851562
1760796040107704000,5426.982704101562,6.027130126953125,966.485595703125
1760796041049433300,5427.924433349609,6.05621337890625,966.4823150634766
1760796041991131400,5428.866131347656,6.064117431640625,966.4813995361328
1760796042932906200,5429.80790625,6.064117431640625,966.4813995361328
1760796043874545400,5430.749545410156,5.937286376953125,966.4959716796875
1760796044816055300,5431.691055175781,5.807830810546875,966.5110015869141
1760796045757454000,5432.632454101563,5.683624267578125,966.5252685546875
1760796046698891300,5433.573891357422,5.54095458984375,966.5419006347656
1760796047640439300,5434.515439208984,5.45111083984375,966.5522003173828
1760796048581793300,5435.45679321289,5.42205810546875,966.5555572509766
1760796049523301400,5436.398301269532,5.42205810546875,966.5555572509766
1760796050464594400,5437.3395944824215,5.42205810546875,966.5554809570312
1760796051405865200,5438.280865234375,5.45904541015625,966.5513610839844
1760796052347040300,5439.222040283204,5.48809814453125,966.5480804443359
1760796053288258300,5440.163258300781,5.5145263671875,966.5449523925781
1760796054229438200,5441.104438232422,5.54888916015625,966.5407562255859
1760796055170505200,5442.045505126953,5.580596923828125,966.5372467041016
1760796056111558100,5442.986558105469,5.583221435546875,966.5370941162109
1760796057052664300,5443.9276643066405,5.583221435546875,966.536865234375
1760796057993676300,5444.8686762695315,5.617584228515625,966.5328979492188
1760796058934601200,5445.8096013183595,5.641357421875,966.5301513671875
1760796059875587300,5446.750587402344,5.673065185546875,966.5265655517578
1760796060816512300,5447.691512207031,5.70477294921875,966.5229034423828
1760796061757532400,5448.632532470703,5.70477294921875,966.5229034423828
1760796062698450400,5449.573450439453,5.691558837890625,966.5244293212891
1760796063639240200,5450.514240234375,5.680999755859375,966.5256500244141
1760796064579981300,5451.454981201172,5.662506103515625,966.5278625488281
1760796065520751400,5452.395751464844,5.662506103515625,966.5278625488281
1760796066461489200,5453.336489257813,5.662506103515625,966.5278625488281
1760796067402197200,5454.277197265625,5.665130615234375,966.5274047851562
1760796068342848300,5455.217848144532,5.66778564453125,966.5273284912109
1760796069283415300,5456.158415283203,5.67572021484375,966.5262603759766
1760796070224028400,5457.099028320313,5.6783447265625,966.5259552001953
1760796071164718000,5458.039718017578,5.680999755859375,966.5258026123047
1760796072105348400,5458.980348388672,5.683624267578125,966.5254974365234
1760796073046016300,5459.921016357422,5.683624267578125,966.5254974365234
1760796073986341000,5460.861341064453,5.6942138671875,966.5241241455078
1760796074926850300,5461.801850341797,5.71533203125,966.5217590332031
1760796075867466200,5462.742466308594,5.717987060546875,966.5214538574219
1760796076808083200,5463.683083251954,5.717987060546875,966.5214538574219
1760796077748725200,5464.623725341797,5.699493408203125,966.5235137939453
1760796078689276200,5465.5642761230465,5.641357421875,966.5301513671875
1760796079629698300,5466.504698242187,5.583221435546875,966.5369415283203
1760796080570067200,5467.445067138672,5.538299560546875,966.5421295166016
1760796081510524200,5468.385524169922,5.490753173828125,966.5475463867188
1760796082450983200,5469.325983154297,5.48809814453125,966.5479278564453
1760796083391348500,5470.266348388672,5.48809814453125,966.5479278564453
1760796084331746300,5471.206746337891,5.50396728515625,966.5460205078125
1760796085272147200,5472.147147216797,5.506591796875,966.5458679199219
1760796086212607500,5473.087607421875,5.509246826171875,966.5454864501953
1760796087152825300,5474.027825439453,5.511871337890625,966.5451049804688
1760796088093041200,5474.968041259765,5.517181396484375,966.5447235107422
1760796089033305000,5475.908305175782,5.517181396484375,966.5447235107422
1760796089973430300,5476.848430175782,5.52508544921875,966.5438079833984
1760796090913698300,5477.788698242188,5.546234130859375,966.5412139892578
1760796091854093300,5478.729093261719,5.57000732421875,966.5383911132812
1760796092794312200,5479.669312255859,5.599090576171875,966.5351104736328
1760796093734498300,5480.609498291015,5.599090576171875,966.5351104736328
1760796094674759200,5481.549759277344,5.45111083984375,966.5521240234375
1760796095614984200,5482.48998413086,5.255584716796875,966.5749359130859
1760796096555131100,5483.430131103516,5.038909912109375,966.5998840332031
1760796097495317200,5484.370317138671,4.82489013671875,966.6245269775391
1760796098435384300,5485.3103842773435,4.642547607421875,966.6456604003906
1760796099375296300,5486.250296142578,4.60028076171875,966.6506195068359
1760796100315351300,5487.19035131836,4.60028076171875,966.6506195068359
1760796101255231500,5488.130231445312,4.624053955078125,966.6478729248047
1760796102195154200,5489.070154296875,4.624053955078125,966.6477203369141
1760796103135197200,5490.010197265625,4.62933349609375,966.6472625732422
1760796104075245300,5490.950245361328,4.6346435546875,966.6465759277344
1760796105015208200,5491.8902082519535,4.639923095703125,966.6460418701172
1760796105955086300,5492.830086425782,4.642547607421875,966.6458892822266
1760796106895090400,5493.770090332031,4.64520263671875,966.6454315185547
1760796107835152100,5494.710152099609,4.647857666015625,966.6451263427734
1760796108775225000,5495.650225097656,4.647857666015625,966.6451263427734
1760796109715166200,5496.590166259765,4.647857666015625,966.6451263427734
1760796110655159300,5497.530159179688,4.650482177734375,966.6448211669922
1760796111595085300,5498.470085205078,4.650482177734375,966.6448211669922
1760796112535139300,5499.410139404297,4.647857666015625,966.6449737548828
1760796113475100200,5500.350100097657,4.642547607421875,966.6458129882812
1760796114415173400,5501.290173339844,4.631988525390625,966.6468811035156
1760796115355199200,5502.23019921875,4.62933349609375,966.6471099853516
1760796116295265300,5503.17026538086,4.626708984375,966.6475677490234
1760796117235305200,5504.110305175781,4.626708984375,966.6476440429688
1760796118175364400,5505.050364257812,4.621429443359375,966.6481018066406
1760796119115385300,5505.990385253906,4.61614990234375,966.6489410400391
1760796120055398100,5506.930398193359,4.602935791015625,966.6504669189453
1760796120995344100,5507.870344238281,4.584442138671875,966.6524505615234
1760796121935244300,5508.810244384766,4.56329345703125,966.6548156738281
1760796122875367200,5509.7503671875,4.536865234375,966.6577911376953
1760796123815456300,5510.690456298828,4.534210205078125,966.6581726074219
1760796124755764200,5511.630764160156,4.534210205078125,966.6582489013672
1760796125695945200,5512.5709453125,4.5289306640625,966.6587829589844
1760796126635976200,5513.510976074219,4.5289306640625,966.6587829589844
1760796127576203300,5514.451203369141,4.534210205078125,966.6583251953125
1760796128516331300,5515.391331298828,4.534210205078125,966.6583251953125
1760796129456478500,5516.331478515625,4.521026611328125,966.6596984863281
1760796130396630300,5517.271630371094,4.521026611328125,966.6598510742188
1760796131336522200,5518.211522216797,4.51043701171875,966.6609954833984
1760796132276397300,5519.151397216797,4.494598388671875,966.6629791259766
1760796133216397300,5520.091397216797,4.478729248046875,966.6645812988281
1760796134156620300,5521.031620361328,4.476104736328125,966.6649627685547
1760796135096869000,5521.971869140625,4.470794677734375,966.6654968261719
1760796136037159200,5522.9121591796875,4.468170166015625,966.6658020019531
1760796136977427200,5523.852427246094,4.468170166015625,966.6658020019531
1760796137917625000,5524.792625,4.470794677734375,966.6657257080078
1760796138857786000,5525.732786132812,4.470794677734375,966.6657257080078
1760796139798012200,5526.673012207031,4.462890625,966.6664886474609
1760796140738198300,5527.6131982421875,4.462890625,966.6666412353516
1760796141678425300,5528.553425292968,4.462890625,966.6666412353516
1760796142618670300,5529.4936704101565,4.4549560546875,966.6675567626953
1760796143558911200,5530.433911132813,4.441741943359375,966.6688537597656
1760796144499210200,5531.374210205078,4.43646240234375,966.6695404052734
1760796145439571500,5532.314571533203,4.423248291015625,966.671142578125
1760796146379818200,5533.254818359375,4.412689208984375,966.67236328125
1760796147320023300,5534.19502319336,4.4100341796875,966.6725158691406
1760796148260260400,5535.135260253906,4.402099609375,966.6736602783203
1760796149200349400,5536.075349365235,4.394195556640625,966.6744232177734
1760796150140595200,5537.015595214843,4.39154052734375,966.6747283935547
1760796151081002200,5537.956002197266,4.388885498046875,966.6750335693359
1760796152021417500,5538.896417480469,4.3809814453125,966.6758728027344
1760796152961776400,5539.836776367188,4.37567138671875,966.6764831542969
1760796153902204200,5540.777204101562,4.373046875,966.6767883300781
1760796154842573000,5541.717572998047,4.373046875,966.6767883300781
1760796155782973200,5542.657973144531,4.373046875,966.6767883300781
1760796156723426300,5543.598426269531,4.386260986328125,966.6753387451172
1760796157663802400,5544.538802246094,4.407379150390625,966.6730499267578
1760796158604255200,5545.479255126953,4.41796875,966.6716766357422
1760796159544746200,5546.4197463378905,4.41796875,966.6716766357422
1760796160485216300,5547.360216308593,4.4100341796875,966.6727447509766
1760796161425604400,5548.3006042480465,4.37567138671875,966.6764831542969
1760796162366147300,5549.241147216797,4.3360595703125,966.6812133789062
1760796163306699300,5550.18169921875,4.296417236328125,966.6856384277344
1760796164247241200,5551.122241210937,4.25677490234375,966.6904449462891
1760796165187662300,5552.062662353515,4.23565673828125,966.6928100585938
1760796166128086300,5553.00308618164,4.233001708984375,966.6929626464844
1760796167068452400,5553.943452392578,4.233001708984375,966.6929626464844
1760796168008772400,5554.8837724609375,4.233001708984375,966.6929626464844
1760796168949111300,5555.824111328125,4.22772216796875,966.6935729980469
1760796169889645300,5556.764645263672,4.209228515625,966.6959381103516
1760796170830062000,5557.705062011719,4.188079833984375,966.6983795166016
1760796171770492400,5558.64549243164,4.177520751953125,966.6996002197266
1760796172710992400,5559.585992431641,4.177520751953125,966.6996002197266
1760796173651553300,5560.526553222656,4.198638916015625,966.6970825195312
1760796174592176000,5561.4671760253905,4.25677490234375,966.6903686523438
1760796175532775200,5562.407775146485,4.322845458984375,966.6827392578125
1760796176473458200,5563.348458251953,4.378326416015625,966.6761779785156
1760796177414077200,5564.289077148437,4.433807373046875,966.6698455810547
1760796178354643500,5565.229643554688,4.462890625,966.6665649414062
1760796179295295200,5566.170295166015,4.478729248046875,966.6646575927734
1760796180235892200,5567.110892333984,4.48138427734375,966.6644287109375
1760796181176472000,5568.051472167968,4.478729248046875,966.6646575927734
1760796182117134300,5568.992134277344,4.476104736328125,966.6649627685547
1760796183057889300,5569.932889160156,4.470794677734375,966.6655731201172
1760796183998746000,5570.87374609375,4.462890625,966.6664123535156
1760796184939695400,5571.8146953125,4.462890625,966.6664886474609
1760796185880575200,5572.755575195312,4.457611083984375,966.6670227050781
1760796186821524500,5573.696524414063,4.4549560546875,966.6675567626953
1760796187762286000,5574.637286132813,4.452301025390625,966.6676330566406
1760796188703013000,5575.578013183594,4.449676513671875,966.6678619384766
1760796189643867100,5576.5188671875,4.4390869140625,966.6693115234375
1760796190584865300,5577.459865234375,4.431182861328125,966.6700744628906
1760796191525867300,5578.4008671875,4.431182861328125,966.6700744628906
1760796192466692000,5579.3416921386715,4.433807373046875,966.6697692871094
1760796193407819300,5580.282819335937,4.4390869140625,966.6693115234375
1760796194348811300,5581.223811279297,4.452301025390625,966.6676330566406
1760796195289751300,5582.164751220703,4.452301025390625,966.6676330566406
1760796196230758100,5583.10575805664,4.449676513671875,966.6680145263672
1760796197171756300,5584.046756347656,4.44439697265625,966.668701171875
1760796198112774400,5584.987774414062,4.4390869140625,966.6692352294922
1760796199053860000,5585.928860107422,4.412689208984375,966.67236328125
1760796199994859300,5586.869859375,4.39947509765625,966.6739654541016
1760796200935989500,5587.810989501953,4.388885498046875,966.6751098632812
1760796201876998100,5588.751998046875,4.37567138671875,966.6766357421875
1760796202817855200,5589.692855224609,4.37567138671875,966.6766357421875
1760796203758802200,5590.633802246094,4.37567138671875,966.6766357421875
1760796204699818500,5591.574818603515,4.378326416015625,966.6763305664062
1760796205640919300,5592.515919189453,4.44439697265625,966.6686248779297
1760796206582064000,5593.457064208985,4.56591796875,966.6544342041016
1760796207523306500,5594.398306396484,4.695404052734375,966.6394805908203
1760796208464368400,5595.339368408203,4.822235107421875,966.6249084472656
1760796209405457200,5596.28045703125,4.885650634765625,966.6175079345703
